row_id,column,value,error_type,violated_rule,reason,suggested_fix,confidence,source,anomaly_score,col_contribution,subtype
13,ProviderNumber,1xx19,FI,regex,All values are exactly 5 digits,,,stage1,,,
45,ProviderNumber,x0005,FI,regex,All values are exactly 5 digits,,,stage1,,,
81,ProviderNumber,1000x,FI,regex,All values are exactly 5 digits,,,stage1,,,
213,ProviderNumber,x00xx,FI,regex,All values are exactly 5 digits,,,stage1,,,
244,ProviderNumber,x00x5,FI,regex,All values are exactly 5 digits,,,stage1,,,
253,ProviderNumber,1xx15,FI,regex,All values are exactly 5 digits,,,stage1,,,
273,ProviderNumber,1xx16,FI,regex,All values are exactly 5 digits,,,stage1,,,
314,ProviderNumber,100x8,FI,regex,All values are exactly 5 digits,,,stage1,,,
360,ProviderNumber,100x6,FI,regex,All values are exactly 5 digits,,,stage1,,,
408,ProviderNumber,x0x08,FI,regex,All values are exactly 5 digits,,,stage1,,,
559,ProviderNumber,1xx24,FI,regex,All values are exactly 5 digits,,,stage1,,,
608,ProviderNumber,x0027,FI,regex,All values are exactly 5 digits,,,stage1,,,
627,ProviderNumber,x0029,FI,regex,All values are exactly 5 digits,,,stage1,,,
639,ProviderNumber,1xx29,FI,regex,All values are exactly 5 digits,,,stage1,,,
645,ProviderNumber,1xx32,FI,regex,All values are exactly 5 digits,,,stage1,,,
655,ProviderNumber,1xx32,FI,regex,All values are exactly 5 digits,,,stage1,,,
704,ProviderNumber,100x4,FI,regex,All values are exactly 5 digits,,,stage1,,,
721,ProviderNumber,100x5,FI,regex,All values are exactly 5 digits,,,stage1,,,
724,ProviderNumber,1xx35,FI,regex,All values are exactly 5 digits,,,stage1,,,
755,ProviderNumber,1xx36,FI,regex,All values are exactly 5 digits,,,stage1,,,
780,ProviderNumber,1003x,FI,regex,All values are exactly 5 digits,,,stage1,,,
789,ProviderNumber,1xx39,FI,regex,All values are exactly 5 digits,,,stage1,,,
793,ProviderNumber,100x9,FI,regex,All values are exactly 5 digits,,,stage1,,,
859,ProviderNumber,1xx44,FI,regex,All values are exactly 5 digits,,,stage1,,,
878,ProviderNumber,1xx45,FI,regex,All values are exactly 5 digits,,,stage1,,,
888,ProviderNumber,x0045,FI,regex,All values are exactly 5 digits,,,stage1,,,
933,ProviderNumber,1xx47,FI,regex,All values are exactly 5 digits,,,stage1,,,
955,ProviderNumber,1004x,FI,regex,All values are exactly 5 digits,,,stage1,,,
44,ZipCode,x5957,FI,regex,All sample values are 5-digit numbers,,,stage1,,,
63,ZipCode,3595x,FI,regex,All sample values are 5-digit numbers,,,stage1,,,
70,ZipCode,3563x,FI,regex,All sample values are 5-digit numbers,,,stage1,,,
93,ZipCode,3563x,FI,regex,All sample values are 5-digit numbers,,,stage1,,,
137,ZipCode,36x49,FI,regex,All sample values are 5-digit numbers,,,stage1,,,
139,ZipCode,360x9,FI,regex,All sample values are 5-digit numbers,,,stage1,,,
149,ZipCode,3x640,FI,regex,All sample values are 5-digit numbers,,,stage1,,,
157,ZipCode,3x640,FI,regex,All sample values are 5-digit numbers,,,stage1,,,
196,ZipCode,3x23x,FI,regex,All sample values are 5-digit numbers,,,stage1,,,
232,ZipCode,359x8,FI,regex,All sample values are 5-digit numbers,,,stage1,,,
267,ZipCode,x6784,FI,regex,All sample values are 5-digit numbers,,,stage1,,,
283,ZipCode,3x007,FI,regex,All sample values are 5-digit numbers,,,stage1,,,
290,ZipCode,x5007,FI,regex,All sample values are 5-digit numbers,,,stage1,,,
325,ZipCode,36x01,FI,regex,All sample values are 5-digit numbers,,,stage1,,,
332,ZipCode,3x305,FI,regex,All sample values are 5-digit numbers,,,stage1,,,
340,ZipCode,x6x05,FI,regex,All sample values are 5-digit numbers,,,stage1,,,
366,ZipCode,3xx94,FI,regex,All sample values are 5-digit numbers,,,stage1,,,
375,ZipCode,3xx94,FI,regex,All sample values are 5-digit numbers,,,stage1,,,
406,ZipCode,3x0x7,FI,regex,All sample values are 5-digit numbers,,,stage1,,,
420,ZipCode,x5150,FI,regex,All sample values are 5-digit numbers,,,stage1,,,
428,ZipCode,3x1x0,FI,regex,All sample values are 5-digit numbers,,,stage1,,,
490,ZipCode,x6x60,FI,regex,All sample values are 5-digit numbers,,,stage1,,,
499,ZipCode,x5960,FI,regex,All sample values are 5-digit numbers,,,stage1,,,
544,ZipCode,3x10x,FI,regex,All sample values are 5-digit numbers,,,stage1,,,
679,ZipCode,3x233,FI,regex,All sample values are 5-digit numbers,,,stage1,,,
685,ZipCode,x52xx,FI,regex,All sample values are 5-digit numbers,,,stage1,,,
710,ZipCode,36x78,FI,regex,All sample values are 5-digit numbers,,,stage1,,,
750,ZipCode,3642x,FI,regex,All sample values are 5-digit numbers,,,stage1,,,
815,ZipCode,x590x,FI,regex,All sample values are 5-digit numbers,,,stage1,,,
923,ZipCode,3590x,FI,regex,All sample values are 5-digit numbers,,,stage1,,,
24,PhoneNumber,334793870x,FI,regex,所有样本均为10位数字，且首位为2-9，符合北美电话号码格式,,,stage1,,,
36,PhoneNumber,xx479x8701,FI,regex,所有样本均为10位数字，且首位为2-9，符合北美电话号码格式,,,stage1,,,
57,PhoneNumber,2x6x938310,FI,regex,所有样本均为10位数字，且首位为2-9，符合北美电话号码格式,,,stage1,,,
60,PhoneNumber,2x6x938310,FI,regex,所有样本均为10位数字，且首位为2-9，符合北美电话号码格式,,,stage1,,,
65,PhoneNumber,2565x38310,FI,regex,所有样本均为10位数字，且首位为2-9，符合北美电话号码格式,,,stage1,,,
101,PhoneNumber,3344x33541,FI,regex,所有样本均为10位数字，且首位为2-9，符合北美电话号码格式,,,stage1,,,
217,PhoneNumber,2058x8x122,FI,regex,所有样本均为10位数字，且首位为2-9，符合北美电话号码格式,,,stage1,,,
228,PhoneNumber,2568453x50,FI,regex,所有样本均为10位数字，且首位为2-9，符合北美电话号码格式,,,stage1,,,
247,PhoneNumber,xx46x66221,FI,regex,所有样本均为10位数字，且首位为2-9，符合北美电话号码格式,,,stage1,,,
261,PhoneNumber,334x3xx221,FI,regex,所有样本均为10位数字，且首位为2-9，符合北美电话号码格式,,,stage1,,,
321,PhoneNumber,256235x900,FI,regex,所有样本均为10位数字，且首位为2-9，符合北美电话号码格式,,,stage1,,,
342,PhoneNumber,xx479x5000,FI,regex,所有样本均为10位数字，且首位为2-9，符合北美电话号码格式,,,stage1,,,
381,PhoneNumber,25x47x7xx0,FI,regex,所有样本均为10位数字，且首位为2-9，符合北美电话号码格式,,,stage1,,,
384,PhoneNumber,25x47x7xx0,FI,regex,所有样本均为10位数字，且首位为2-9，符合北美电话号码格式,,,stage1,,,
386,PhoneNumber,25x47x7xx0,FI,regex,所有样本均为10位数字，且首位为2-9，符合北美电话号码格式,,,stage1,,,
393,PhoneNumber,33x361x267,FI,regex,所有样本均为10位数字，且首位为2-9，符合北美电话号码格式,,,stage1,,,
471,PhoneNumber,334774x601,FI,regex,所有样本均为10位数字，且首位为2-9，符合北美电话号码格式,,,stage1,,,
516,PhoneNumber,3342xx2100,FI,regex,所有样本均为10位数字，且首位为2-9，符合北美电话号码格式,,,stage1,,,
548,PhoneNumber,3342938xxx,FI,regex,所有样本均为10位数字，且首位为2-9，符合北美电话号码格式,,,stage1,,,
561,PhoneNumber,33x2938000,FI,regex,所有样本均为10位数字，且首位为2-9，符合北美电话号码格式,,,stage1,,,
562,PhoneNumber,3342938xxx,FI,regex,所有样本均为10位数字，且首位为2-9，符合北美电话号码格式,,,stage1,,,
572,PhoneNumber,334x561400,FI,regex,所有样本均为10位数字，且首位为2-9，符合北美电话号码格式,,,stage1,,,
593,PhoneNumber,33x8972257,FI,regex,所有样本均为10位数字，且首位为2-9，符合北美电话号码格式,,,stage1,,,
666,PhoneNumber,20593xx011,FI,regex,所有样本均为10位数字，且首位为2-9，符合北美电话号码格式,,,stage1,,,
699,PhoneNumber,334x836541,FI,regex,所有样本均为10位数字，且首位为2-9，符合北美电话号码格式,,,stage1,,,
713,PhoneNumber,33x28365x1,FI,regex,所有样本均为10位数字，且首位为2-9，符合北美电话号码格式,,,stage1,,,
751,PhoneNumber,334xxx8466,FI,regex,所有样本均为10位数字，且首位为2-9，符合北美电话号码格式,,,stage1,,,
763,PhoneNumber,33422284xx,FI,regex,所有样本均为10位数字，且首位为2-9，符合北美电话号码格式,,,stage1,,,
824,PhoneNumber,2564944xxx,FI,regex,所有样本均为10位数字，且首位为2-9，符合北美电话号码格式,,,stage1,,,
855,PhoneNumber,x059x16x00,FI,regex,所有样本均为10位数字，且首位为2-9，符合北美电话号码格式,,,stage1,,,
865,PhoneNumber,20x9216200,FI,regex,所有样本均为10位数字，且首位为2-9，符合北美电话号码格式,,,stage1,,,
881,PhoneNumber,x0593x5966,FI,regex,所有样本均为10位数字，且首位为2-9，符合北美电话号码格式,,,stage1,,,
883,PhoneNumber,x0593x5966,FI,regex,所有样本均为10位数字，且首位为2-9，符合北美电话号码格式,,,stage1,,,
916,PhoneNumber,x565435x00,FI,regex,所有样本均为10位数字，且首位为2-9，符合北美电话号码格式,,,stage1,,,
16,HospitalType,acuxe care hospixals,FI,value_set,所有样本均为该正确值或其打字错误，预期只有一个合法取值,,,stage1,,,
39,HospitalType,acxte care hospitals,FI,value_set,所有样本均为该正确值或其打字错误，预期只有一个合法取值,,,stage1,,,
98,HospitalType,acute care hosxitals,FI,value_set,所有样本均为该正确值或其打字错误，预期只有一个合法取值,,,stage1,,,
199,HospitalType,acute care hosxitals,FI,value_set,所有样本均为该正确值或其打字错误，预期只有一个合法取值,,,stage1,,,
213,HospitalType,acutx carx hospitals,FI,value_set,所有样本均为该正确值或其打字错误，预期只有一个合法取值,,,stage1,,,
266,HospitalType,acuxe care hospixals,FI,value_set,所有样本均为该正确值或其打字错误，预期只有一个合法取值,,,stage1,,,
280,HospitalType,acutexcarexhospitals,FI,value_set,所有样本均为该正确值或其打字错误，预期只有一个合法取值,,,stage1,,,
293,HospitalType,acuxe care hospixals,FI,value_set,所有样本均为该正确值或其打字错误，预期只有一个合法取值,,,stage1,,,
411,HospitalType,acute care hosxitals,FI,value_set,所有样本均为该正确值或其打字错误，预期只有一个合法取值,,,stage1,,,
413,HospitalType,acuxe care hospixals,FI,value_set,所有样本均为该正确值或其打字错误，预期只有一个合法取值,,,stage1,,,
453,HospitalType,acute care hospitaxs,FI,value_set,所有样本均为该正确值或其打字错误，预期只有一个合法取值,,,stage1,,,
490,HospitalType,acute caxe hospitals,FI,value_set,所有样本均为该正确值或其打字错误，预期只有一个合法取值,,,stage1,,,
493,HospitalType,acute care hxspitals,FI,value_set,所有样本均为该正确值或其打字错误，预期只有一个合法取值,,,stage1,,,
497,HospitalType,acutx carx hospitals,FI,value_set,所有样本均为该正确值或其打字错误，预期只有一个合法取值,,,stage1,,,
511,HospitalType,acuxe care hospixals,FI,value_set,所有样本均为该正确值或其打字错误，预期只有一个合法取值,,,stage1,,,
532,HospitalType,acute care hosxitals,FI,value_set,所有样本均为该正确值或其打字错误，预期只有一个合法取值,,,stage1,,,
588,HospitalType,acuxe care hospixals,FI,value_set,所有样本均为该正确值或其打字错误，预期只有一个合法取值,,,stage1,,,
634,HospitalType,acuxe care hospixals,FI,value_set,所有样本均为该正确值或其打字错误，预期只有一个合法取值,,,stage1,,,
695,HospitalType,acute cxre hospitxls,FI,value_set,所有样本均为该正确值或其打字错误，预期只有一个合法取值,,,stage1,,,
705,HospitalType,acutexcarexhospitals,FI,value_set,所有样本均为该正确值或其打字错误，预期只有一个合法取值,,,stage1,,,
729,HospitalType,acutexcarexhospitals,FI,value_set,所有样本均为该正确值或其打字错误，预期只有一个合法取值,,,stage1,,,
779,HospitalType,acutexcarexhospitals,FI,value_set,所有样本均为该正确值或其打字错误，预期只有一个合法取值,,,stage1,,,
782,HospitalType,acute care hospitaxs,FI,value_set,所有样本均为该正确值或其打字错误，预期只有一个合法取值,,,stage1,,,
814,HospitalType,axute care hospitals,FI,value_set,所有样本均为该正确值或其打字错误，预期只有一个合法取值,,,stage1,,,
848,HospitalType,acute caxe hospitals,FI,value_set,所有样本均为该正确值或其打字错误，预期只有一个合法取值,,,stage1,,,
877,HospitalType,acute care hoxpitalx,FI,value_set,所有样本均为该正确值或其打字错误，预期只有一个合法取值,,,stage1,,,
902,HospitalType,acutexcarexhospitals,FI,value_set,所有样本均为该正确值或其打字错误，预期只有一个合法取值,,,stage1,,,
926,HospitalType,acuxe care hospixals,FI,value_set,所有样本均为该正确值或其打字错误，预期只有一个合法取值,,,stage1,,,
949,HospitalType,acute care hosxitals,FI,value_set,所有样本均为该正确值或其打字错误，预期只有一个合法取值,,,stage1,,,
956,HospitalType,acute xare hospitals,FI,value_set,所有样本均为该正确值或其打字错误，预期只有一个合法取值,,,stage1,,,
964,HospitalType,acutexcarexhospitals,FI,value_set,所有样本均为该正确值或其打字错误，预期只有一个合法取值,,,stage1,,,
976,HospitalType,acutexcarexhospitals,FI,value_set,所有样本均为该正确值或其打字错误，预期只有一个合法取值,,,stage1,,,
22,HospitalOwner,government - hospxtal dxstrxct or authorxty,FI,value_set,有限枚举类型，标准值为8个,,,stage1,,,
27,HospitalOwner,government - hospital xistrict or authority,FI,value_set,有限枚举类型，标准值为8个,,,stage1,,,
31,HospitalOwner,governmenx - hospixal disxricx or auxhorixy,FI,value_set,有限枚举类型，标准值为8个,,,stage1,,,
42,HospitalOwner,gxvernment - hxspital district xr authxrity,FI,value_set,有限枚举类型，标准值为8个,,,stage1,,,
113,HospitalOwner,volunxary non-profix - privaxe,FI,value_set,有限枚举类型，标准值为8个,,,stage1,,,
157,HospitalOwner,pxopxietaxy,FI,value_set,有限枚举类型，标准值为8个,,,stage1,,,
159,HospitalOwner,proxrietary,FI,value_set,有限枚举类型，标准值为8个,,,stage1,,,
162,HospitalOwner,xroprietary,FI,value_set,有限枚举类型，标准值为8个,,,stage1,,,
164,HospitalOwner,pxopxietaxy,FI,value_set,有限枚举类型，标准值为8个,,,stage1,,,
216,HospitalOwner,volunxary non-profix - privaxe,FI,value_set,有限枚举类型，标准值为8个,,,stage1,,,
218,HospitalOwner,voluntary nonxprofit x private,FI,value_set,有限枚举类型，标准值为8个,,,stage1,,,
221,HospitalOwner,voluntaryxnon-profitx-xchurch,FI,value_set,有限枚举类型，标准值为8个,,,stage1,,,
238,HospitalOwner,voxuntary non-profit - church,FI,value_set,有限枚举类型，标准值为8个,,,stage1,,,
247,HospitalOwner,governxent - federal,FI,value_set,有限枚举类型，标准值为8个,,,stage1,,,
313,HospitalOwner,prxprietary,FI,value_set,有限枚举类型，标准值为8个,,,stage1,,,
332,HospitalOwner,proxrietary,FI,value_set,有限枚举类型，标准值为8个,,,stage1,,,
356,HospitalOwner,prxprietary,FI,value_set,有限枚举类型，标准值为8个,,,stage1,,,
449,HospitalOwner,proxrietary,FI,value_set,有限枚举类型，标准值为8个,,,stage1,,,
456,HospitalOwner,gxvernment - hxspital district xr authxrity,FI,value_set,有限枚举类型，标准值为8个,,,stage1,,,
493,HospitalOwner,voluntaryxnon-profitx-xprivate,FI,value_set,有限枚举类型，标准值为8个,,,stage1,,,
526,HospitalOwner,volxntary non-profit - chxrch,FI,value_set,有限枚举类型，标准值为8个,,,stage1,,,
572,HospitalOwner,voluntary non-profit - otxer,FI,value_set,有限枚举类型，标准值为8个,,,stage1,,,
744,HospitalOwner,prxprietary,FI,value_set,有限枚举类型，标准值为8个,,,stage1,,,
784,HospitalOwner,goverxmext - hospital district or authority,FI,value_set,有限枚举类型，标准值为8个,,,stage1,,,
846,HospitalOwner,voluntaxy non-pxofit - pxivate,FI,value_set,有限枚举类型，标准值为8个,,,stage1,,,
868,HospitalOwner,voluxtary xox-profit - private,FI,value_set,有限枚举类型，标准值为8个,,,stage1,,,
872,HospitalOwner,voluntaxy non-pxofit - pxivate,FI,value_set,有限枚举类型，标准值为8个,,,stage1,,,
21,Condition,heart attaxk,FI,value_set,该列应该只包含这四个有效的医疗条件，其他值均为拼写错误,,,stage1,,,
22,Condition,hearx axxack,FI,value_set,该列应该只包含这四个有效的医疗条件，其他值均为拼写错误,,,stage1,,,
73,Condition,hearx axxack,FI,value_set,该列应该只包含这四个有效的医疗条件，其他值均为拼写错误,,,stage1,,,
127,Condition,heaxt failuxe,FI,value_set,该列应该只包含这四个有效的医疗条件，其他值均为拼写错误,,,stage1,,,
199,Condition,heaxt attack,FI,value_set,该列应该只包含这四个有效的医疗条件，其他值均为拼写错误,,,stage1,,,
225,Condition,hexrt attxck,FI,value_set,该列应该只包含这四个有效的医疗条件，其他值均为拼写错误,,,stage1,,,
229,Condition,heart faxlure,FI,value_set,该列应该只包含这四个有效的医疗条件，其他值均为拼写错误,,,stage1,,,
236,Condition,suxgical infection pxevention,FI,value_set,该列应该只包含这四个有效的医疗条件，其他值均为拼写错误,,,stage1,,,
239,Condition,surgxcal infectxon preventxon,FI,value_set,该列应该只包含这四个有效的医疗条件，其他值均为拼写错误,,,stage1,,,
256,Condition,xneumonia,FI,value_set,该列应该只包含这四个有效的医疗条件，其他值均为拼写错误,,,stage1,,,
279,Condition,xeart failure,FI,value_set,该列应该只包含这四个有效的医疗条件，其他值均为拼写错误,,,stage1,,,
311,Condition,children s asthma care,FI,value_set,该列应该只包含这四个有效的医疗条件，其他值均为拼写错误,,,stage1,,,
312,Condition,children s asthma care,FI,value_set,该列应该只包含这四个有效的医疗条件，其他值均为拼写错误,,,stage1,,,
366,Condition,pnxumonia,FI,value_set,该列应该只包含这四个有效的医疗条件，其他值均为拼写错误,,,stage1,,,
369,Condition,pnexmonia,FI,value_set,该列应该只包含这四个有效的医疗条件，其他值均为拼写错误,,,stage1,,,
386,Condition,hxart failurx,FI,value_set,该列应该只包含这四个有效的医疗条件，其他值均为拼写错误,,,stage1,,,
400,Condition,hxart failurx,FI,value_set,该列应该只包含这四个有效的医疗条件，其他值均为拼写错误,,,stage1,,,
467,Condition,hexrt attxck,FI,value_set,该列应该只包含这四个有效的医疗条件，其他值均为拼写错误,,,stage1,,,
506,Condition,pneumonix,FI,value_set,该列应该只包含这四个有效的医疗条件，其他值均为拼写错误,,,stage1,,,
555,Condition,pxeumoxia,FI,value_set,该列应该只包含这四个有效的医疗条件，其他值均为拼写错误,,,stage1,,,
599,Condition,heart faixure,FI,value_set,该列应该只包含这四个有效的医疗条件，其他值均为拼写错误,,,stage1,,,
608,Condition,surgical ixfectiox prevextiox,FI,value_set,该列应该只包含这四个有效的医疗条件，其他值均为拼写错误,,,stage1,,,
631,Condition,pneumonxa,FI,value_set,该列应该只包含这四个有效的医疗条件，其他值均为拼写错误,,,stage1,,,
679,Condition,xneumonia,FI,value_set,该列应该只包含这四个有效的医疗条件，其他值均为拼写错误,,,stage1,,,
695,Condition,heart attaxk,FI,value_set,该列应该只包含这四个有效的医疗条件，其他值均为拼写错误,,,stage1,,,
698,Condition,hexrt fxilure,FI,value_set,该列应该只包含这四个有效的医疗条件，其他值均为拼写错误,,,stage1,,,
712,Condition,surgical infection xrevention,FI,value_set,该列应该只包含这四个有效的医疗条件，其他值均为拼写错误,,,stage1,,,
716,Condition,heartxattack,FI,value_set,该列应该只包含这四个有效的医疗条件，其他值均为拼写错误,,,stage1,,,
733,Condition,suxgical infection pxevention,FI,value_set,该列应该只包含这四个有效的医疗条件，其他值均为拼写错误,,,stage1,,,
766,Condition,children s asthma care,FI,value_set,该列应该只包含这四个有效的医疗条件，其他值均为拼写错误,,,stage1,,,
774,Condition,children s asthma care,FI,value_set,该列应该只包含这四个有效的医疗条件，其他值均为拼写错误,,,stage1,,,
775,Condition,children s asthma care,FI,value_set,该列应该只包含这四个有效的医疗条件，其他值均为拼写错误,,,stage1,,,
776,Condition,children s asthma care,FI,value_set,该列应该只包含这四个有效的医疗条件，其他值均为拼写错误,,,stage1,,,
780,Condition,heart attaxk,FI,value_set,该列应该只包含这四个有效的医疗条件，其他值均为拼写错误,,,stage1,,,
851,Condition,surgical infxction prxvxntion,FI,value_set,该列应该只包含这四个有效的医疗条件，其他值均为拼写错误,,,stage1,,,
869,Condition,surgical ixfectiox prevextiox,FI,value_set,该列应该只包含这四个有效的医疗条件，其他值均为拼写错误,,,stage1,,,
902,Condition,children s asthma care,FI,value_set,该列应该只包含这四个有效的医疗条件，其他值均为拼写错误,,,stage1,,,
903,Condition,children s asthma care,FI,value_set,该列应该只包含这四个有效的医疗条件，其他值均为拼写错误,,,stage1,,,
904,Condition,children s asthma care,FI,value_set,该列应该只包含这四个有效的医疗条件，其他值均为拼写错误,,,stage1,,,
955,Condition,hexrt attxck,FI,value_set,该列应该只包含这四个有效的医疗条件，其他值均为拼写错误,,,stage1,,,
974,Condition,surgical xnfection prevention,FI,value_set,该列应该只包含这四个有效的医疗条件，其他值均为拼写错误,,,stage1,,,
101,MeasureCode,hfx1,FI,regex,"All observed values match pattern: lowercase letters with optional dash-separated segments, ending with dash-number[optional letters].",,,stage1,,,
108,MeasureCode,pnx5c,FI,regex,"All observed values match pattern: lowercase letters with optional dash-separated segments, ending with dash-number[optional letters].",,,stage1,,,
177,MeasureCode,hf-x,FI,regex,"All observed values match pattern: lowercase letters with optional dash-separated segments, ending with dash-number[optional letters].",,,stage1,,,
349,MeasureCode,amix2,FI,regex,"All observed values match pattern: lowercase letters with optional dash-separated segments, ending with dash-number[optional letters].",,,stage1,,,
391,MeasureCode,pn-xb,FI,regex,"All observed values match pattern: lowercase letters with optional dash-separated segments, ending with dash-number[optional letters].",,,stage1,,,
409,MeasureCode,scipxinfx1,FI,regex,"All observed values match pattern: lowercase letters with optional dash-separated segments, ending with dash-number[optional letters].",,,stage1,,,
495,MeasureCode,ami-x,FI,regex,"All observed values match pattern: lowercase letters with optional dash-separated segments, ending with dash-number[optional letters].",,,stage1,,,
648,MeasureCode,hfx1,FI,regex,"All observed values match pattern: lowercase letters with optional dash-separated segments, ending with dash-number[optional letters].",,,stage1,,,
676,MeasureCode,hfx4,FI,regex,"All observed values match pattern: lowercase letters with optional dash-separated segments, ending with dash-number[optional letters].",,,stage1,,,
691,MeasureCode,amix1,FI,regex,"All observed values match pattern: lowercase letters with optional dash-separated segments, ending with dash-number[optional letters].",,,stage1,,,
788,MeasureCode,pn-x,FI,regex,"All observed values match pattern: lowercase letters with optional dash-separated segments, ending with dash-number[optional letters].",,,stage1,,,
842,MeasureCode,pnx6,FI,regex,"All observed values match pattern: lowercase letters with optional dash-separated segments, ending with dash-number[optional letters].",,,stage1,,,
930,MeasureCode,amix1,FI,regex,"All observed values match pattern: lowercase letters with optional dash-separated segments, ending with dash-number[optional letters].",,,stage1,,,
0,Score,empty,MV,missing_value,缺失值：缺失哨兵(空串/NaN/empty 等),,,stage1,,,
1,Score,empty,MV,missing_value,缺失值：缺失哨兵(空串/NaN/empty 等),,,stage1,,,
2,Score,empty,MV,missing_value,缺失值：缺失哨兵(空串/NaN/empty 等),,,stage1,,,
3,Score,empty,MV,missing_value,缺失值：缺失哨兵(空串/NaN/empty 等),,,stage1,,,
4,Score,empty,MV,missing_value,缺失值：缺失哨兵(空串/NaN/empty 等),,,stage1,,,
5,Score,empty,MV,missing_value,缺失值：缺失哨兵(空串/NaN/empty 等),,,stage1,,,
6,Score,empty,MV,missing_value,缺失值：缺失哨兵(空串/NaN/empty 等),,,stage1,,,
7,Score,empty,MV,missing_value,缺失值：缺失哨兵(空串/NaN/empty 等),,,stage1,,,
13,Score,empty,MV,missing_value,缺失值：缺失哨兵(空串/NaN/empty 等),,,stage1,,,
14,Score,empty,MV,missing_value,缺失值：缺失哨兵(空串/NaN/empty 等),,,stage1,,,
24,Score,empty,MV,missing_value,缺失值：缺失哨兵(空串/NaN/empty 等),,,stage1,,,
47,Score,empty,MV,missing_value,缺失值：缺失哨兵(空串/NaN/empty 等),,,stage1,,,
49,Score,empty,MV,missing_value,缺失值：缺失哨兵(空串/NaN/empty 等),,,stage1,,,
50,Score,empty,MV,missing_value,缺失值：缺失哨兵(空串/NaN/empty 等),,,stage1,,,
65,Score,empty,MV,missing_value,缺失值：缺失哨兵(空串/NaN/empty 等),,,stage1,,,
74,Score,empty,MV,missing_value,缺失值：缺失哨兵(空串/NaN/empty 等),,,stage1,,,
96,Score,empty,MV,missing_value,缺失值：缺失哨兵(空串/NaN/empty 等),,,stage1,,,
97,Score,empty,MV,missing_value,缺失值：缺失哨兵(空串/NaN/empty 等),,,stage1,,,
99,Score,empty,MV,missing_value,缺失值：缺失哨兵(空串/NaN/empty 等),,,stage1,,,
100,Score,empty,MV,missing_value,缺失值：缺失哨兵(空串/NaN/empty 等),,,stage1,,,
115,Score,empty,MV,missing_value,缺失值：缺失哨兵(空串/NaN/empty 等),,,stage1,,,
120,Score,x00%,FI,regex,Values are percentages (0%-100%) represented as one to three digits followed by '%'. Non-null values should match this pattern.,,,stage1,,,
121,Score,empty,MV,missing_value,缺失值：缺失哨兵(空串/NaN/empty 等),,,stage1,,,
122,Score,empty,MV,missing_value,缺失值：缺失哨兵(空串/NaN/empty 等),,,stage1,,,
124,Score,empty,MV,missing_value,缺失值：缺失哨兵(空串/NaN/empty 等),,,stage1,,,
125,Score,empty,MV,missing_value,缺失值：缺失哨兵(空串/NaN/empty 等),,,stage1,,,
140,Score,empty,MV,missing_value,缺失值：缺失哨兵(空串/NaN/empty 等),,,stage1,,,
149,Score,empty,MV,missing_value,缺失值：缺失哨兵(空串/NaN/empty 等),,,stage1,,,
150,Score,empty,MV,missing_value,缺失值：缺失哨兵(空串/NaN/empty 等),,,stage1,,,
158,Score,9x%,FI,regex,Values are percentages (0%-100%) represented as one to three digits followed by '%'. Non-null values should match this pattern.,,,stage1,,,
163,Score,x7%,FI,regex,Values are percentages (0%-100%) represented as one to three digits followed by '%'. Non-null values should match this pattern.,,,stage1,,,
165,Score,empty,MV,missing_value,缺失值：缺失哨兵(空串/NaN/empty 等),,,stage1,,,
174,Score,empty,MV,missing_value,缺失值：缺失哨兵(空串/NaN/empty 等),,,stage1,,,
175,Score,empty,MV,missing_value,缺失值：缺失哨兵(空串/NaN/empty 等),,,stage1,,,
187,Score,95x,FI,regex,Values are percentages (0%-100%) represented as one to three digits followed by '%'. Non-null values should match this pattern.,,,stage1,,,
190,Score,empty,MV,missing_value,缺失值：缺失哨兵(空串/NaN/empty 等),,,stage1,,,
199,Score,empty,MV,missing_value,缺失值：缺失哨兵(空串/NaN/empty 等),,,stage1,,,
208,Score,x5%,FI,regex,Values are percentages (0%-100%) represented as one to three digits followed by '%'. Non-null values should match this pattern.,,,stage1,,,
237,Score,9x%,FI,regex,Values are percentages (0%-100%) represented as one to three digits followed by '%'. Non-null values should match this pattern.,,,stage1,,,
238,Score,xx%,FI,regex,Values are percentages (0%-100%) represented as one to three digits followed by '%'. Non-null values should match this pattern.,,,stage1,,,
240,Score,empty,MV,missing_value,缺失值：缺失哨兵(空串/NaN/empty 等),,,stage1,,,
244,Score,empty,MV,missing_value,缺失值：缺失哨兵(空串/NaN/empty 等),,,stage1,,,
245,Score,empty,MV,missing_value,缺失值：缺失哨兵(空串/NaN/empty 等),,,stage1,,,
246,Score,empty,MV,missing_value,缺失值：缺失哨兵(空串/NaN/empty 等),,,stage1,,,
247,Score,empty,MV,missing_value,缺失值：缺失哨兵(空串/NaN/empty 等),,,stage1,,,
248,Score,empty,MV,missing_value,缺失值：缺失哨兵(空串/NaN/empty 等),,,stage1,,,
249,Score,empty,MV,missing_value,缺失值：缺失哨兵(空串/NaN/empty 等),,,stage1,,,
250,Score,empty,MV,missing_value,缺失值：缺失哨兵(空串/NaN/empty 等),,,stage1,,,
252,Score,89x,FI,regex,Values are percentages (0%-100%) represented as one to three digits followed by '%'. Non-null values should match this pattern.,,,stage1,,,
256,Score,x6%,FI,regex,Values are percentages (0%-100%) represented as one to three digits followed by '%'. Non-null values should match this pattern.,,,stage1,,,
261,Score,empty,MV,missing_value,缺失值：缺失哨兵(空串/NaN/empty 等),,,stage1,,,
265,Score,empty,MV,missing_value,缺失值：缺失哨兵(空串/NaN/empty 等),,,stage1,,,
274,Score,empty,MV,missing_value,缺失值：缺失哨兵(空串/NaN/empty 等),,,stage1,,,
294,Score,empty,MV,missing_value,缺失值：缺失哨兵(空串/NaN/empty 等),,,stage1,,,
295,Score,empty,MV,missing_value,缺失值：缺失哨兵(空串/NaN/empty 等),,,stage1,,,
296,Score,empty,MV,missing_value,缺失值：缺失哨兵(空串/NaN/empty 等),,,stage1,,,
297,Score,empty,MV,missing_value,缺失值：缺失哨兵(空串/NaN/empty 等),,,stage1,,,
298,Score,empty,MV,missing_value,缺失值：缺失哨兵(空串/NaN/empty 等),,,stage1,,,
299,Score,empty,MV,missing_value,缺失值：缺失哨兵(空串/NaN/empty 等),,,stage1,,,
300,Score,empty,MV,missing_value,缺失值：缺失哨兵(空串/NaN/empty 等),,,stage1,,,
301,Score,empty,MV,missing_value,缺失值：缺失哨兵(空串/NaN/empty 等),,,stage1,,,
302,Score,empty,MV,missing_value,缺失值：缺失哨兵(空串/NaN/empty 等),,,stage1,,,
303,Score,empty,MV,missing_value,缺失值：缺失哨兵(空串/NaN/empty 等),,,stage1,,,
304,Score,empty,MV,missing_value,缺失值：缺失哨兵(空串/NaN/empty 等),,,stage1,,,
305,Score,empty,MV,missing_value,缺失值：缺失哨兵(空串/NaN/empty 等),,,stage1,,,
306,Score,empty,MV,missing_value,缺失值：缺失哨兵(空串/NaN/empty 等),,,stage1,,,
307,Score,empty,MV,missing_value,缺失值：缺失哨兵(空串/NaN/empty 等),,,stage1,,,
308,Score,empty,MV,missing_value,缺失值：缺失哨兵(空串/NaN/empty 等),,,stage1,,,
309,Score,empty,MV,missing_value,缺失值：缺失哨兵(空串/NaN/empty 等),,,stage1,,,
310,Score,empty,MV,missing_value,缺失值：缺失哨兵(空串/NaN/empty 等),,,stage1,,,
336,Score,x00%,FI,regex,Values are percentages (0%-100%) represented as one to three digits followed by '%'. Non-null values should match this pattern.,,,stage1,,,
360,Score,empty,MV,missing_value,缺失值：缺失哨兵(空串/NaN/empty 等),,,stage1,,,
375,Score,empty,MV,missing_value,缺失值：缺失哨兵(空串/NaN/empty 等),,,stage1,,,
378,Score,x5%,FI,regex,Values are percentages (0%-100%) represented as one to three digits followed by '%'. Non-null values should match this pattern.,,,stage1,,,
384,Score,empty,MV,missing_value,缺失值：缺失哨兵(空串/NaN/empty 等),,,stage1,,,
394,Score,empty,MV,missing_value,缺失值：缺失哨兵(空串/NaN/empty 等),,,stage1,,,
396,Score,empty,MV,missing_value,缺失值：缺失哨兵(空串/NaN/empty 等),,,stage1,,,
397,Score,empty,MV,missing_value,缺失值：缺失哨兵(空串/NaN/empty 等),,,stage1,,,
405,Score,x4%,FI,regex,Values are percentages (0%-100%) represented as one to three digits followed by '%'. Non-null values should match this pattern.,,,stage1,,,
411,Score,1xx%,FI,regex,Values are percentages (0%-100%) represented as one to three digits followed by '%'. Non-null values should match this pattern.,,,stage1,,,
417,Score,empty,MV,missing_value,缺失值：缺失哨兵(空串/NaN/empty 等),,,stage1,,,
419,Score,empty,MV,missing_value,缺失值：缺失哨兵(空串/NaN/empty 等),,,stage1,,,
420,Score,empty,MV,missing_value,缺失值：缺失哨兵(空串/NaN/empty 等),,,stage1,,,
426,Score,x7%,FI,regex,Values are percentages (0%-100%) represented as one to three digits followed by '%'. Non-null values should match this pattern.,,,stage1,,,
450,Score,empty,MV,missing_value,缺失值：缺失哨兵(空串/NaN/empty 等),,,stage1,,,
451,Score,empty,MV,missing_value,缺失值：缺失哨兵(空串/NaN/empty 等),,,stage1,,,
462,Score,empty,MV,missing_value,缺失值：缺失哨兵(空串/NaN/empty 等),,,stage1,,,
468,Score,empty,MV,missing_value,缺失值：缺失哨兵(空串/NaN/empty 等),,,stage1,,,
472,Score,empty,MV,missing_value,缺失值：缺失哨兵(空串/NaN/empty 等),,,stage1,,,
487,Score,empty,MV,missing_value,缺失值：缺失哨兵(空串/NaN/empty 等),,,stage1,,,
488,Score,1xx%,FI,regex,Values are percentages (0%-100%) represented as one to three digits followed by '%'. Non-null values should match this pattern.,,,stage1,,,
491,Score,empty,MV,missing_value,缺失值：缺失哨兵(空串/NaN/empty 等),,,stage1,,,
493,Score,empty,MV,missing_value,缺失值：缺失哨兵(空串/NaN/empty 等),,,stage1,,,
494,Score,empty,MV,missing_value,缺失值：缺失哨兵(空串/NaN/empty 等),,,stage1,,,
495,Score,empty,MV,missing_value,缺失值：缺失哨兵(空串/NaN/empty 等),,,stage1,,,
496,Score,empty,MV,missing_value,缺失值：缺失哨兵(空串/NaN/empty 等),,,stage1,,,
497,Score,empty,MV,missing_value,缺失值：缺失哨兵(空串/NaN/empty 等),,,stage1,,,
506,Score,93x,FI,regex,Values are percentages (0%-100%) represented as one to three digits followed by '%'. Non-null values should match this pattern.,,,stage1,,,
508,Score,empty,MV,missing_value,缺失值：缺失哨兵(空串/NaN/empty 等),,,stage1,,,
512,Score,empty,MV,missing_value,缺失值：缺失哨兵(空串/NaN/empty 等),,,stage1,,,
514,Score,1xx%,FI,regex,Values are percentages (0%-100%) represented as one to three digits followed by '%'. Non-null values should match this pattern.,,,stage1,,,
521,Score,empty,MV,missing_value,缺失值：缺失哨兵(空串/NaN/empty 等),,,stage1,,,
546,Score,empty,MV,missing_value,缺失值：缺失哨兵(空串/NaN/empty 等),,,stage1,,,
572,Score,empty,MV,missing_value,缺失值：缺失哨兵(空串/NaN/empty 等),,,stage1,,,
587,Score,empty,MV,missing_value,缺失值：缺失哨兵(空串/NaN/empty 等),,,stage1,,,
591,Score,empty,MV,missing_value,缺失值：缺失哨兵(空串/NaN/empty 等),,,stage1,,,
592,Score,empty,MV,missing_value,缺失值：缺失哨兵(空串/NaN/empty 等),,,stage1,,,
593,Score,empty,MV,missing_value,缺失值：缺失哨兵(空串/NaN/empty 等),,,stage1,,,
594,Score,empty,MV,missing_value,缺失值：缺失哨兵(空串/NaN/empty 等),,,stage1,,,
595,Score,empty,MV,missing_value,缺失值：缺失哨兵(空串/NaN/empty 等),,,stage1,,,
596,Score,empty,MV,missing_value,缺失值：缺失哨兵(空串/NaN/empty 等),,,stage1,,,
597,Score,empty,MV,missing_value,缺失值：缺失哨兵(空串/NaN/empty 等),,,stage1,,,
600,Score,empty,MV,missing_value,缺失值：缺失哨兵(空串/NaN/empty 等),,,stage1,,,
601,Score,empty,MV,missing_value,缺失值：缺失哨兵(空串/NaN/empty 等),,,stage1,,,
608,Score,empty,MV,missing_value,缺失值：缺失哨兵(空串/NaN/empty 等),,,stage1,,,
609,Score,empty,MV,missing_value,缺失值：缺失哨兵(空串/NaN/empty 等),,,stage1,,,
610,Score,empty,MV,missing_value,缺失值：缺失哨兵(空串/NaN/empty 等),,,stage1,,,
611,Score,empty,MV,missing_value,缺失值：缺失哨兵(空串/NaN/empty 等),,,stage1,,,
612,Score,empty,MV,missing_value,缺失值：缺失哨兵(空串/NaN/empty 等),,,stage1,,,
613,Score,empty,MV,missing_value,缺失值：缺失哨兵(空串/NaN/empty 等),,,stage1,,,
614,Score,empty,MV,missing_value,缺失值：缺失哨兵(空串/NaN/empty 等),,,stage1,,,
615,Score,empty,MV,missing_value,缺失值：缺失哨兵(空串/NaN/empty 等),,,stage1,,,
621,Score,empty,MV,missing_value,缺失值：缺失哨兵(空串/NaN/empty 等),,,stage1,,,
643,Score,empty,MV,missing_value,缺失值：缺失哨兵(空串/NaN/empty 等),,,stage1,,,
644,Score,empty,MV,missing_value,缺失值：缺失哨兵(空串/NaN/empty 等),,,stage1,,,
646,Score,empty,MV,missing_value,缺失值：缺失哨兵(空串/NaN/empty 等),,,stage1,,,
647,Score,empty,MV,missing_value,缺失值：缺失哨兵(空串/NaN/empty 等),,,stage1,,,
658,Score,empty,MV,missing_value,缺失值：缺失哨兵(空串/NaN/empty 等),,,stage1,,,
659,Score,empty,MV,missing_value,缺失值：缺失哨兵(空串/NaN/empty 等),,,stage1,,,
660,Score,empty,MV,missing_value,缺失值：缺失哨兵(空串/NaN/empty 等),,,stage1,,,
661,Score,empty,MV,missing_value,缺失值：缺失哨兵(空串/NaN/empty 等),,,stage1,,,
662,Score,empty,MV,missing_value,缺失值：缺失哨兵(空串/NaN/empty 等),,,stage1,,,
663,Score,empty,MV,missing_value,缺失值：缺失哨兵(空串/NaN/empty 等),,,stage1,,,
664,Score,empty,MV,missing_value,缺失值：缺失哨兵(空串/NaN/empty 等),,,stage1,,,
665,Score,empty,MV,missing_value,缺失值：缺失哨兵(空串/NaN/empty 等),,,stage1,,,
671,Score,empty,MV,missing_value,缺失值：缺失哨兵(空串/NaN/empty 等),,,stage1,,,
694,Score,empty,MV,missing_value,缺失值：缺失哨兵(空串/NaN/empty 等),,,stage1,,,
696,Score,empty,MV,missing_value,缺失值：缺失哨兵(空串/NaN/empty 等),,,stage1,,,
697,Score,empty,MV,missing_value,缺失值：缺失哨兵(空串/NaN/empty 等),,,stage1,,,
698,Score,xx%,FI,regex,Values are percentages (0%-100%) represented as one to three digits followed by '%'. Non-null values should match this pattern.,,,stage1,,,
711,Score,1xx%,FI,regex,Values are percentages (0%-100%) represented as one to three digits followed by '%'. Non-null values should match this pattern.,,,stage1,,,
712,Score,empty,MV,missing_value,缺失值：缺失哨兵(空串/NaN/empty 等),,,stage1,,,
718,Score,x7%,FI,regex,Values are percentages (0%-100%) represented as one to three digits followed by '%'. Non-null values should match this pattern.,,,stage1,,,
721,Score,empty,MV,missing_value,缺失值：缺失哨兵(空串/NaN/empty 等),,,stage1,,,
722,Score,empty,MV,missing_value,缺失值：缺失哨兵(空串/NaN/empty 等),,,stage1,,,
737,Score,empty,MV,missing_value,缺失值：缺失哨兵(空串/NaN/empty 等),,,stage1,,,
744,Score,empty,MV,missing_value,缺失值：缺失哨兵(空串/NaN/empty 等),,,stage1,,,
746,Score,empty,MV,missing_value,缺失值：缺失哨兵(空串/NaN/empty 等),,,stage1,,,
747,Score,empty,MV,missing_value,缺失值：缺失哨兵(空串/NaN/empty 等),,,stage1,,,
762,Score,empty,MV,missing_value,缺失值：缺失哨兵(空串/NaN/empty 等),,,stage1,,,
769,Score,x3%,FI,regex,Values are percentages (0%-100%) represented as one to three digits followed by '%'. Non-null values should match this pattern.,,,stage1,,,
770,Score,empty,MV,missing_value,缺失值：缺失哨兵(空串/NaN/empty 等),,,stage1,,,
782,Score,empty,MV,missing_value,缺失值：缺失哨兵(空串/NaN/empty 等),,,stage1,,,
830,Score,empty,MV,missing_value,缺失值：缺失哨兵(空串/NaN/empty 等),,,stage1,,,
832,Score,empty,MV,missing_value,缺失值：缺失哨兵(空串/NaN/empty 等),,,stage1,,,
833,Score,empty,MV,missing_value,缺失值：缺失哨兵(空串/NaN/empty 等),,,stage1,,,
848,Score,empty,MV,missing_value,缺失值：缺失哨兵(空串/NaN/empty 等),,,stage1,,,
850,Score,empty,MV,missing_value,缺失值：缺失哨兵(空串/NaN/empty 等),,,stage1,,,
851,Score,empty,MV,missing_value,缺失值：缺失哨兵(空串/NaN/empty 等),,,stage1,,,
855,Score,empty,MV,missing_value,缺失值：缺失哨兵(空串/NaN/empty 等),,,stage1,,,
857,Score,empty,MV,missing_value,缺失值：缺失哨兵(空串/NaN/empty 等),,,stage1,,,
858,Score,empty,MV,missing_value,缺失值：缺失哨兵(空串/NaN/empty 等),,,stage1,,,
860,Score,80x,FI,regex,Values are percentages (0%-100%) represented as one to three digits followed by '%'. Non-null values should match this pattern.,,,stage1,,,
873,Score,empty,MV,missing_value,缺失值：缺失哨兵(空串/NaN/empty 等),,,stage1,,,
882,Score,empty,MV,missing_value,缺失值：缺失哨兵(空串/NaN/empty 等),,,stage1,,,
883,Score,empty,MV,missing_value,缺失值：缺失哨兵(空串/NaN/empty 等),,,stage1,,,
888,Score,x5%,FI,regex,Values are percentages (0%-100%) represented as one to three digits followed by '%'. Non-null values should match this pattern.,,,stage1,,,
894,Score,empty,MV,missing_value,缺失值：缺失哨兵(空串/NaN/empty 等),,,stage1,,,
895,Score,empty,MV,missing_value,缺失值：缺失哨兵(空串/NaN/empty 等),,,stage1,,,
896,Score,empty,MV,missing_value,缺失值：缺失哨兵(空串/NaN/empty 等),,,stage1,,,
897,Score,empty,MV,missing_value,缺失值：缺失哨兵(空串/NaN/empty 等),,,stage1,,,
898,Score,empty,MV,missing_value,缺失值：缺失哨兵(空串/NaN/empty 等),,,stage1,,,
935,Score,empty,MV,missing_value,缺失值：缺失哨兵(空串/NaN/empty 等),,,stage1,,,
936,Score,empty,MV,missing_value,缺失值：缺失哨兵(空串/NaN/empty 等),,,stage1,,,
947,Score,empty,MV,missing_value,缺失值：缺失哨兵(空串/NaN/empty 等),,,stage1,,,
948,Score,empty,MV,missing_value,缺失值：缺失哨兵(空串/NaN/empty 等),,,stage1,,,
949,Score,empty,MV,missing_value,缺失值：缺失哨兵(空串/NaN/empty 等),,,stage1,,,
950,Score,empty,MV,missing_value,缺失值：缺失哨兵(空串/NaN/empty 等),,,stage1,,,
951,Score,empty,MV,missing_value,缺失值：缺失哨兵(空串/NaN/empty 等),,,stage1,,,
952,Score,empty,MV,missing_value,缺失值：缺失哨兵(空串/NaN/empty 等),,,stage1,,,
953,Score,empty,MV,missing_value,缺失值：缺失哨兵(空串/NaN/empty 等),,,stage1,,,
954,Score,empty,MV,missing_value,缺失值：缺失哨兵(空串/NaN/empty 等),,,stage1,,,
957,Score,empty,MV,missing_value,缺失值：缺失哨兵(空串/NaN/empty 等),,,stage1,,,
958,Score,empty,MV,missing_value,缺失值：缺失哨兵(空串/NaN/empty 等),,,stage1,,,
960,Score,empty,MV,missing_value,缺失值：缺失哨兵(空串/NaN/empty 等),,,stage1,,,
961,Score,empty,MV,missing_value,缺失值：缺失哨兵(空串/NaN/empty 等),,,stage1,,,
976,Score,empty,MV,missing_value,缺失值：缺失哨兵(空串/NaN/empty 等),,,stage1,,,
983,Score,empty,MV,missing_value,缺失值：缺失哨兵(空串/NaN/empty 等),,,stage1,,,
985,Score,empty,MV,missing_value,缺失值：缺失哨兵(空串/NaN/empty 等),,,stage1,,,
986,Score,empty,MV,missing_value,缺失值：缺失哨兵(空串/NaN/empty 等),,,stage1,,,
0,Sample,empty,MV,missing_value,缺失值：缺失哨兵(空串/NaN/empty 等),,,stage1,,,
1,Sample,empty,MV,missing_value,缺失值：缺失哨兵(空串/NaN/empty 等),,,stage1,,,
2,Sample,empty,MV,missing_value,缺失值：缺失哨兵(空串/NaN/empty 等),,,stage1,,,
3,Sample,empty,MV,missing_value,缺失值：缺失哨兵(空串/NaN/empty 等),,,stage1,,,
4,Sample,empty,MV,missing_value,缺失值：缺失哨兵(空串/NaN/empty 等),,,stage1,,,
5,Sample,empty,MV,missing_value,缺失值：缺失哨兵(空串/NaN/empty 等),,,stage1,,,
6,Sample,empty,MV,missing_value,缺失值：缺失哨兵(空串/NaN/empty 等),,,stage1,,,
7,Sample,empty,MV,missing_value,缺失值：缺失哨兵(空串/NaN/empty 等),,,stage1,,,
17,Sample,3x patients,FI,regex,绝大部分值都是数字+空格+patients，数字1-4位,,,stage1,,,
91,Sample,619 paxienxs,FI,regex,绝大部分值都是数字+空格+patients，数字1-4位,,,stage1,,,
115,Sample,0 patixnts,FI,regex,绝大部分值都是数字+空格+patients，数字1-4位,,,stage1,,,
133,Sample,21 pxtients,FI,regex,绝大部分值都是数字+空格+patients，数字1-4位,,,stage1,,,
166,Sample,xx patients,FI,regex,绝大部分值都是数字+空格+patients，数字1-4位,,,stage1,,,
170,Sample,6xpatients,FI,regex,绝大部分值都是数字+空格+patients，数字1-4位,,,stage1,,,
224,Sample,1 patiexts,FI,regex,绝大部分值都是数字+空格+patients，数字1-4位,,,stage1,,,
234,Sample,82 patientx,FI,regex,绝大部分值都是数字+空格+patients，数字1-4位,,,stage1,,,
261,Sample,empty,MV,missing_value,缺失值：缺失哨兵(空串/NaN/empty 等),,,stage1,,,
294,Sample,empty,MV,missing_value,缺失值：缺失哨兵(空串/NaN/empty 等),,,stage1,,,
295,Sample,empty,MV,missing_value,缺失值：缺失哨兵(空串/NaN/empty 等),,,stage1,,,
296,Sample,empty,MV,missing_value,缺失值：缺失哨兵(空串/NaN/empty 等),,,stage1,,,
297,Sample,empty,MV,missing_value,缺失值：缺失哨兵(空串/NaN/empty 等),,,stage1,,,
298,Sample,empty,MV,missing_value,缺失值：缺失哨兵(空串/NaN/empty 等),,,stage1,,,
299,Sample,empty,MV,missing_value,缺失值：缺失哨兵(空串/NaN/empty 等),,,stage1,,,
300,Sample,empty,MV,missing_value,缺失值：缺失哨兵(空串/NaN/empty 等),,,stage1,,,
301,Sample,empty,MV,missing_value,缺失值：缺失哨兵(空串/NaN/empty 等),,,stage1,,,
302,Sample,empty,MV,missing_value,缺失值：缺失哨兵(空串/NaN/empty 等),,,stage1,,,
303,Sample,empty,MV,missing_value,缺失值：缺失哨兵(空串/NaN/empty 等),,,stage1,,,
304,Sample,empty,MV,missing_value,缺失值：缺失哨兵(空串/NaN/empty 等),,,stage1,,,
305,Sample,empty,MV,missing_value,缺失值：缺失哨兵(空串/NaN/empty 等),,,stage1,,,
306,Sample,empty,MV,missing_value,缺失值：缺失哨兵(空串/NaN/empty 等),,,stage1,,,
307,Sample,empty,MV,missing_value,缺失值：缺失哨兵(空串/NaN/empty 等),,,stage1,,,
308,Sample,empty,MV,missing_value,缺失值：缺失哨兵(空串/NaN/empty 等),,,stage1,,,
309,Sample,empty,MV,missing_value,缺失值：缺失哨兵(空串/NaN/empty 等),,,stage1,,,
310,Sample,empty,MV,missing_value,缺失值：缺失哨兵(空串/NaN/empty 等),,,stage1,,,
316,Sample,29 xatients,FI,regex,绝大部分值都是数字+空格+patients，数字1-4位,,,stage1,,,
354,Sample,1x patients,FI,regex,绝大部分值都是数字+空格+patients，数字1-4位,,,stage1,,,
413,Sample,125 patixnts,FI,regex,绝大部分值都是数字+空格+patients，数字1-4位,,,stage1,,,
418,Sample,4 xatients,FI,regex,绝大部分值都是数字+空格+patients，数字1-4位,,,stage1,,,
444,Sample,521 patiexts,FI,regex,绝大部分值都是数字+空格+patients，数字1-4位,,,stage1,,,
450,Sample,empty,MV,missing_value,缺失值：缺失哨兵(空串/NaN/empty 等),,,stage1,,,
451,Sample,empty,MV,missing_value,缺失值：缺失哨兵(空串/NaN/empty 等),,,stage1,,,
462,Sample,x patients,FI,regex,绝大部分值都是数字+空格+patients，数字1-4位,,,stage1,,,
482,Sample,62 patientx,FI,regex,绝大部分值都是数字+空格+patients，数字1-4位,,,stage1,,,
496,Sample,0 patxents,FI,regex,绝大部分值都是数字+空格+patients，数字1-4位,,,stage1,,,
502,Sample,44 paxienxs,FI,regex,绝大部分值都是数字+空格+patients，数字1-4位,,,stage1,,,
508,Sample,empty,MV,missing_value,缺失值：缺失哨兵(空串/NaN/empty 等),,,stage1,,,
523,Sample,25x patients,FI,regex,绝大部分值都是数字+空格+patients，数字1-4位,,,stage1,,,
532,Sample,87 patientx,FI,regex,绝大部分值都是数字+空格+patients，数字1-4位,,,stage1,,,
546,Sample,x patients,FI,regex,绝大部分值都是数字+空格+patients，数字1-4位,,,stage1,,,
554,Sample,74 patxents,FI,regex,绝大部分值都是数字+空格+patients，数字1-4位,,,stage1,,,
580,Sample,50 pxtients,FI,regex,绝大部分值都是数字+空格+patients，数字1-4位,,,stage1,,,
588,Sample,172 patxents,FI,regex,绝大部分值都是数字+空格+patients，数字1-4位,,,stage1,,,
591,Sample,empty,MV,missing_value,缺失值：缺失哨兵(空串/NaN/empty 等),,,stage1,,,
592,Sample,empty,MV,missing_value,缺失值：缺失哨兵(空串/NaN/empty 等),,,stage1,,,
593,Sample,empty,MV,missing_value,缺失值：缺失哨兵(空串/NaN/empty 等),,,stage1,,,
594,Sample,empty,MV,missing_value,缺失值：缺失哨兵(空串/NaN/empty 等),,,stage1,,,
595,Sample,empty,MV,missing_value,缺失值：缺失哨兵(空串/NaN/empty 等),,,stage1,,,
596,Sample,empty,MV,missing_value,缺失值：缺失哨兵(空串/NaN/empty 等),,,stage1,,,
597,Sample,empty,MV,missing_value,缺失值：缺失哨兵(空串/NaN/empty 等),,,stage1,,,
608,Sample,empty,MV,missing_value,缺失值：缺失哨兵(空串/NaN/empty 等),,,stage1,,,
609,Sample,empty,MV,missing_value,缺失值：缺失哨兵(空串/NaN/empty 等),,,stage1,,,
610,Sample,empty,MV,missing_value,缺失值：缺失哨兵(空串/NaN/empty 等),,,stage1,,,
611,Sample,empty,MV,missing_value,缺失值：缺失哨兵(空串/NaN/empty 等),,,stage1,,,
612,Sample,empty,MV,missing_value,缺失值：缺失哨兵(空串/NaN/empty 等),,,stage1,,,
613,Sample,empty,MV,missing_value,缺失值：缺失哨兵(空串/NaN/empty 等),,,stage1,,,
614,Sample,empty,MV,missing_value,缺失值：缺失哨兵(空串/NaN/empty 等),,,stage1,,,
615,Sample,empty,MV,missing_value,缺失值：缺失哨兵(空串/NaN/empty 等),,,stage1,,,
658,Sample,empty,MV,missing_value,缺失值：缺失哨兵(空串/NaN/empty 等),,,stage1,,,
659,Sample,empty,MV,missing_value,缺失值：缺失哨兵(空串/NaN/empty 等),,,stage1,,,
660,Sample,empty,MV,missing_value,缺失值：缺失哨兵(空串/NaN/empty 等),,,stage1,,,
661,Sample,empty,MV,missing_value,缺失值：缺失哨兵(空串/NaN/empty 等),,,stage1,,,
662,Sample,empty,MV,missing_value,缺失值：缺失哨兵(空串/NaN/empty 等),,,stage1,,,
663,Sample,empty,MV,missing_value,缺失值：缺失哨兵(空串/NaN/empty 等),,,stage1,,,
664,Sample,empty,MV,missing_value,缺失值：缺失哨兵(空串/NaN/empty 等),,,stage1,,,
665,Sample,empty,MV,missing_value,缺失值：缺失哨兵(空串/NaN/empty 等),,,stage1,,,
668,Sample,87 paxienxs,FI,regex,绝大部分值都是数字+空格+patients，数字1-4位,,,stage1,,,
673,Sample,618 xatients,FI,regex,绝大部分值都是数字+空格+patients，数字1-4位,,,stage1,,,
776,Sample,193 paxienxs,FI,regex,绝大部分值都是数字+空格+patients，数字1-4位,,,stage1,,,
845,Sample,4 patiexts,FI,regex,绝大部分值都是数字+空格+patients，数字1-4位,,,stage1,,,
866,Sample,121 patiexts,FI,regex,绝大部分值都是数字+空格+patients，数字1-4位,,,stage1,,,
872,Sample,15 patiexts,FI,regex,绝大部分值都是数字+空格+patients，数字1-4位,,,stage1,,,
905,Sample,126 patxents,FI,regex,绝大部分值都是数字+空格+patients，数字1-4位,,,stage1,,,
947,Sample,empty,MV,missing_value,缺失值：缺失哨兵(空串/NaN/empty 等),,,stage1,,,
948,Sample,empty,MV,missing_value,缺失值：缺失哨兵(空串/NaN/empty 等),,,stage1,,,
949,Sample,empty,MV,missing_value,缺失值：缺失哨兵(空串/NaN/empty 等),,,stage1,,,
950,Sample,empty,MV,missing_value,缺失值：缺失哨兵(空串/NaN/empty 等),,,stage1,,,
951,Sample,empty,MV,missing_value,缺失值：缺失哨兵(空串/NaN/empty 等),,,stage1,,,
952,Sample,empty,MV,missing_value,缺失值：缺失哨兵(空串/NaN/empty 等),,,stage1,,,
953,Sample,empty,MV,missing_value,缺失值：缺失哨兵(空串/NaN/empty 等),,,stage1,,,
954,Sample,empty,MV,missing_value,缺失值：缺失哨兵(空串/NaN/empty 等),,,stage1,,,
972,Sample,27 paxienxs,FI,regex,绝大部分值都是数字+空格+patients，数字1-4位,,,stage1,,,
56,Stateavg,al_pn-xb,FI,regex,格式为'al_'前缀、字母与连字符组成的中间部分、连字符、数字和可选字母后缀,,,stage1,,,
244,Stateavg,ax_ami-1,FI,regex,格式为'al_'前缀、字母与连字符组成的中间部分、连字符、数字和可选字母后缀,,,stage1,,,
248,Stateavg,xl_xmi-5,FI,regex,格式为'al_'前缀、字母与连字符组成的中间部分、连字符、数字和可选字母后缀,,,stage1,,,
334,Stateavg,al_pnx2,FI,regex,格式为'al_'前缀、字母与连字符组成的中间部分、连字符、数字和可选字母后缀,,,stage1,,,
347,Stateavg,al_scipxvtex2,FI,regex,格式为'al_'前缀、字母与连字符组成的中间部分、连字符、数字和可选字母后缀,,,stage1,,,
370,Stateavg,alxpn-7,FI,regex,格式为'al_'前缀、字母与连字符组成的中间部分、连字符、数字和可选字母后缀,,,stage1,,,
432,Stateavg,ak_hf-1,FI,regex,格式为'al_'前缀、字母与连字符组成的中间部分、连字符、数字和可选字母后缀,,,stage1,,,
433,Stateavg,ak_hf-2,FI,regex,格式为'al_'前缀、字母与连字符组成的中间部分、连字符、数字和可选字母后缀,,,stage1,,,
434,Stateavg,ak_hf-3,FI,regex,格式为'al_'前缀、字母与连字符组成的中间部分、连字符、数字和可选字母后缀,,,stage1,,,
435,Stateavg,ak_hf-4,FI,regex,格式为'al_'前缀、字母与连字符组成的中间部分、连字符、数字和可选字母后缀,,,stage1,,,
436,Stateavg,ak_pn-2,FI,regex,格式为'al_'前缀、字母与连字符组成的中间部分、连字符、数字和可选字母后缀,,,stage1,,,
437,Stateavg,ak_pn-3b,FI,regex,格式为'al_'前缀、字母与连字符组成的中间部分、连字符、数字和可选字母后缀,,,stage1,,,
438,Stateavg,ak_pn-4,FI,regex,格式为'al_'前缀、字母与连字符组成的中间部分、连字符、数字和可选字母后缀,,,stage1,,,
439,Stateavg,ak_pn-5c,FI,regex,格式为'al_'前缀、字母与连字符组成的中间部分、连字符、数字和可选字母后缀,,,stage1,,,
440,Stateavg,ak_pn-6,FI,regex,格式为'al_'前缀、字母与连字符组成的中间部分、连字符、数字和可选字母后缀,,,stage1,,,
441,Stateavg,ak_pn-7,FI,regex,格式为'al_'前缀、字母与连字符组成的中间部分、连字符、数字和可选字母后缀,,,stage1,,,
442,Stateavg,ak_scip-card-2,FI,regex,格式为'al_'前缀、字母与连字符组成的中间部分、连字符、数字和可选字母后缀,,,stage1,,,
443,Stateavg,ak_scip-inf-1,FI,regex,格式为'al_'前缀、字母与连字符组成的中间部分、连字符、数字和可选字母后缀,,,stage1,,,
444,Stateavg,ak_scip-inf-2,FI,regex,格式为'al_'前缀、字母与连字符组成的中间部分、连字符、数字和可选字母后缀,,,stage1,,,
445,Stateavg,ak_scip-inf-3,FI,regex,格式为'al_'前缀、字母与连字符组成的中间部分、连字符、数字和可选字母后缀,,,stage1,,,
446,Stateavg,ak_scip-inf-4,FI,regex,格式为'al_'前缀、字母与连字符组成的中间部分、连字符、数字和可选字母后缀,,,stage1,,,
447,Stateavg,ak_scip-inf-6,FI,regex,格式为'al_'前缀、字母与连字符组成的中间部分、连字符、数字和可选字母后缀,,,stage1,,,
448,Stateavg,ak_scip-vte-1,FI,regex,格式为'al_'前缀、字母与连字符组成的中间部分、连字符、数字和可选字母后缀,,,stage1,,,
449,Stateavg,ak_scip-vte-2,FI,regex,格式为'al_'前缀、字母与连字符组成的中间部分、连字符、数字和可选字母后缀,,,stage1,,,
450,Stateavg,ak_ami-1,FI,regex,格式为'al_'前缀、字母与连字符组成的中间部分、连字符、数字和可选字母后缀,,,stage1,,,
451,Stateavg,ak_ami-2,FI,regex,格式为'al_'前缀、字母与连字符组成的中间部分、连字符、数字和可选字母后缀,,,stage1,,,
477,Stateavg,ax_pn-2,FI,regex,格式为'al_'前缀、字母与连字符组成的中间部分、连字符、数字和可选字母后缀,,,stage1,,,
564,Stateavg,al_scipxvtex1,FI,regex,格式为'al_'前缀、字母与连字符组成的中间部分、连字符、数字和可选字母后缀,,,stage1,,,
567,Stateavg,xl_xmi-2,FI,regex,格式为'al_'前缀、字母与连字符组成的中间部分、连字符、数字和可选字母后缀,,,stage1,,,
622,Stateavg,al_amix8a,FI,regex,格式为'al_'前缀、字母与连字符组成的中间部分、连字符、数字和可选字母后缀,,,stage1,,,
646,Stateavg,alxami-7a,FI,regex,格式为'al_'前缀、字母与连字符组成的中间部分、连字符、数字和可选字母后缀,,,stage1,,,
678,Stateavg,alxpn-3b,FI,regex,格式为'al_'前缀、字母与连字符组成的中间部分、连字符、数字和可选字母后缀,,,stage1,,,
760,Stateavg,al_scipxinfx2,FI,regex,格式为'al_'前缀、字母与连字符组成的中间部分、连字符、数字和可选字母后缀,,,stage1,,,
787,Stateavg,al_hf-x,FI,regex,格式为'al_'前缀、字母与连字符组成的中间部分、连字符、数字和可选字母后缀,,,stage1,,,
796,Stateavg,xl_scip-inf-2,FI,regex,格式为'al_'前缀、字母与连字符组成的中间部分、连字符、数字和可选字母后缀,,,stage1,,,
827,Stateavg,xl_xmi-1,FI,regex,格式为'al_'前缀、字母与连字符组成的中间部分、连字符、数字和可选字母后缀,,,stage1,,,
842,Stateavg,al_pnx6,FI,regex,格式为'al_'前缀、字母与连字符组成的中间部分、连字符、数字和可选字母后缀,,,stage1,,,
920,Stateavg,alxpn-6,FI,regex,格式为'al_'前缀、字母与连字符组成的中间部分、连字符、数字和可选字母后缀,,,stage1,,,
26,HospitalName,southeast alabama medxcal center,T,typo_near_frequent,疑似拼写错误: 'southeast alabama medxcal center'(出现1次) 与高频值 'southeast alabama medical center'(出现24次) 编辑距离1,southeast alabama medical center,1.0,stage1,,,
131,HospitalName,crenshaw cxmmunity hxspital,T,typo_near_frequent,疑似拼写错误: 'crenshaw cxmmunity hxspital'(出现1次) 与高频值 'crenshaw community hospital'(出现24次) 编辑距离2,crenshaw community hospital,0.978,stage1,,,
171,HospitalName,marshall medical cenxer norxh,T,typo_near_frequent,疑似拼写错误: 'marshall medical cenxer norxh'(出现1次) 与高频值 'marshall medical center north'(出现24次) 编辑距离2,marshall medical center north,0.979,stage1,,,
243,HospitalName,dexalb regional medical center,T,typo_near_frequent,疑似拼写错误: 'dexalb regional medical center'(出现1次) 与高频值 'dekalb regional medical center'(出现24次) 编辑距离1,dekalb regional medical center,1.0,stage1,,,
337,HospitalName,floxers hospital,T,typo_near_frequent,疑似拼写错误: 'floxers hospital'(出现1次) 与高频值 'flowers hospital'(出现16次) 编辑距离1,flowers hospital,0.92,stage1,,,
384,HospitalName,univ ox south alabama medical center,T,typo_near_frequent,疑似拼写错误: 'univ ox south alabama medical center'(出现1次) 与高频值 'univ of south alabama medical center'(出现11次) 编辑距离1,univ of south alabama medical center,0.82,stage1,,,
385,HospitalName,xniv of soxth alabama medical center,T,typo_near_frequent,疑似拼写错误: 'xniv of soxth alabama medical center'(出现1次) 与高频值 'univ of south alabama medical center'(出现11次) 编辑距离2,univ of south alabama medical center,0.803,stage1,,,
532,HospitalName,baptist medical cexter south,T,typo_near_frequent,疑似拼写错误: 'baptist medical cexter south'(出现1次) 与高频值 'baptist medical center south'(出现24次) 编辑距离1,baptist medical center south,1.0,stage1,,,
654,HospitalName,wedowee hosxital,T,typo_near_frequent,疑似拼写错误: 'wedowee hosxital'(出现1次) 与高频值 'wedowee hospital'(出现24次) 编辑距离1,wedowee hospital,1.0,stage1,,,
697,HospitalName,communitx hospital inc,T,typo_near_frequent,疑似拼写错误: 'communitx hospital inc'(出现1次) 与高频值 'community hospital inc'(出现23次) 编辑距离1,community hospital inc,1.0,stage1,,,
710,HospitalName,communixy hospixal inc,T,typo_near_frequent,疑似拼写错误: 'communixy hospixal inc'(出现1次) 与高频值 'community hospital inc'(出现23次) 编辑距离2,community hospital inc,0.973,stage1,,,
765,HospitalName,andaluxia regional hoxpital,T,typo_near_frequent,疑似拼写错误: 'andaluxia regional hoxpital'(出现1次) 与高频值 'andalusia regional hospital'(出现23次) 编辑距离2,andalusia regional hospital,0.978,stage1,,,
777,HospitalName,huntsvxlle hospxtal,T,typo_near_frequent,疑似拼写错误: 'huntsvxlle hospxtal'(出现1次) 与高频值 'huntsville hospital'(出现27次) 编辑距离2,huntsville hospital,0.968,stage1,,,
922,HospitalName,riverview rexional medical center,T,typo_near_frequent,疑似拼写错误: 'riverview rexional medical center'(出现1次) 与高频值 'riverview regional medical center'(出现25次) 编辑距离1,riverview regional medical center,1.0,stage1,,,
938,HospitalName,georgiaxa hospital,T,typo_near_frequent,疑似拼写错误: 'georgiaxa hospital'(出现1次) 与高频值 'georgiana hospital'(出现24次) 编辑距离1,georgiana hospital,1.0,stage1,,,
956,HospitalName,medixal xenter enterprise,T,typo_near_frequent,疑似拼写错误: 'medixal xenter enterprise'(出现1次) 与高频值 'medical center enterprise'(出现23次) 编辑距离2,medical center enterprise,0.976,stage1,,,
962,HospitalName,medxcal center enterprxse,T,typo_near_frequent,疑似拼写错误: 'medxcal center enterprxse'(出现1次) 与高频值 'medical center enterprise'(出现23次) 编辑距离2,medical center enterprise,0.976,stage1,,,
987,HospitalName,st vincents bxount,T,typo_near_frequent,疑似拼写错误: 'st vincents bxount'(出现1次) 与高频值 'st vincents blount'(出现19次) 编辑距离1,st vincents blount,0.98,stage1,,,
106,Address,702 x maix st,T,typo_near_frequent,疑似拼写错误: '702 x maix st'(出现1次) 与高频值 '702 n main st'(出现23次) 编辑距离2,702 n main st,0.954,stage1,,,
175,Address,8000 alabama xigxway 69,T,typo_near_frequent,疑似拼写错误: '8000 alabama xigxway 69'(出现1次) 与高频值 '8000 alabama highway 69'(出现24次) 编辑距离2,8000 alabama highway 69,0.974,stage1,,,
260,Address,33700 hxghway 43,T,typo_near_frequent,疑似拼写错误: '33700 hxghway 43'(出现1次) 与高频值 '33700 highway 43'(出现23次) 编辑距离1,33700 highway 43,1.0,stage1,,,
264,Address,33700 highway x3,T,typo_near_frequent,疑似拼写错误: '33700 highway x3'(出现1次) 与高频值 '33700 highway 43'(出现23次) 编辑距离1,33700 highway 43,1.0,stage1,,,
295,Address,1720 univxrsity blvd,T,typo_near_frequent,疑似拼写错误: '1720 univxrsity blvd'(出现1次) 与高频值 '1720 university blvd'(出现24次) 编辑距离1,1720 university blvd,1.0,stage1,,,
411,Address,124 s mxmorial dr,T,typo_near_frequent,疑似拼写错误: '124 s mxmorial dr'(出现1次) 与高频值 '124 s memorial dr'(出现18次) 编辑距离1,124 s memorial dr,0.96,stage1,,,
415,Address,315 w hickxry st,T,typo_near_frequent,疑似拼写错误: '315 w hickxry st'(出现1次) 与高频值 '315 w hickory st'(出现16次) 编辑距离1,315 w hickory st,0.92,stage1,,,
472,Address,126xhospitalxave,T,typo_near_frequent,疑似拼写错误: '126xhospitalxave'(出现1次) 与高频值 '126 hospital ave'(出现23次) 编辑距离2,126 hospital ave,0.963,stage1,,,
484,Address,1x6 hospital ave,T,typo_near_frequent,疑似拼写错误: '1x6 hospital ave'(出现1次) 与高频值 '126 hospital ave'(出现23次) 编辑距离1,126 hospital ave,1.0,stage1,,,
652,Address,209 xorth maix street,T,typo_near_frequent,疑似拼写错误: '209 xorth maix street'(出现1次) 与高频值 '209 north main street'(出现24次) 编辑距离2,209 north main street,0.971,stage1,,,
767,Address,301 east 1xth st,T,typo_near_frequent,疑似拼写错误: '301 east 1xth st'(出现1次) 与高频值 '301 east 18th st'(出现26次) 编辑距离1,301 east 18th st,1.0,stage1,,,
849,Address,x0x0 lay dam road,T,typo_near_frequent,疑似拼写错误: 'x0x0 lay dam road'(出现1次) 与高频值 '1010 lay dam road'(出现24次) 编辑距离2,1010 lay dam road,0.965,stage1,,,
857,Address,1256 military street sxuth,T,typo_near_frequent,疑似拼写错误: '1256 military street sxuth'(出现1次) 与高频值 '1256 military street south'(出现24次) 编辑距离1,1256 military street south,1.0,stage1,,,
934,Address,515 miranda sx,T,typo_near_frequent,疑似拼写错误: '515 miranda sx'(出现1次) 与高频值 '515 miranda st'(出现22次) 编辑距离1,515 miranda st,1.0,stage1,,,
935,Address,515 miranxa st,T,typo_near_frequent,疑似拼写错误: '515 miranxa st'(出现1次) 与高频值 '515 miranda st'(出现22次) 编辑距离1,515 miranda st,1.0,stage1,,,
945,Address,515 mirxndx st,T,typo_near_frequent,疑似拼写错误: '515 mirxndx st'(出现1次) 与高频值 '515 miranda st'(出现22次) 编辑距离2,515 miranda st,0.957,stage1,,,
986,Address,150 gilxreath drive,T,typo_near_frequent,疑似拼写错误: '150 gilxreath drive'(出现1次) 与高频值 '150 gilbreath drive'(出现19次) 编辑距离1,150 gilbreath drive,0.98,stage1,,,
3,City,birminghxm,T,typo_near_frequent,疑似拼写错误: 'birminghxm'(出现1次) 与高频值 'birmingham'(出现75次) 编辑距离1,birmingham,1.0,stage1,,,
7,City,birmingxam,T,typo_near_frequent,疑似拼写错误: 'birmingxam'(出现1次) 与高频值 'birmingham'(出现75次) 编辑距离1,birmingham,1.0,stage1,,,
10,City,sheffxeld,T,typo_near_frequent,疑似拼写错误: 'sheffxeld'(出现1次) 与高频值 'sheffield'(出现24次) 编辑距离1,sheffield,1.0,stage1,,,
56,City,boxz,T,typo_near_frequent,疑似拼写错误: 'boxz'(出现1次) 与高频值 'boaz'(出现24次) 编辑距离1,boaz,1.0,stage1,,,
79,City,fxorence,T,typo_near_frequent,疑似拼写错误: 'fxorence'(出现1次) 与高频值 'florence'(出现22次) 编辑距离1,florence,1.0,stage1,,,
88,City,florxncx,T,typo_near_frequent,疑似拼写错误: 'florxncx'(出现1次) 与高频值 'florence'(出现22次) 编辑距离2,florence,0.925,stage1,,,
93,City,flxrence,T,typo_near_frequent,疑似拼写错误: 'flxrence'(出现1次) 与高频值 'florence'(出现22次) 编辑距离1,florence,1.0,stage1,,,
180,City,guntxrsvillx,T,typo_near_frequent,疑似拼写错误: 'guntxrsvillx'(出现1次) 与高频值 'guntersville'(出现24次) 编辑距离2,guntersville,0.95,stage1,,,
207,City,birmixgham,T,typo_near_frequent,疑似拼写错误: 'birmixgham'(出现1次) 与高频值 'birmingham'(出现75次) 编辑距离1,birmingham,1.0,stage1,,,
212,City,bxrmxngham,T,typo_near_frequent,疑似拼写错误: 'bxrmxngham'(出现1次) 与高频值 'birmingham'(出现75次) 编辑距离2,birmingham,0.94,stage1,,,
228,City,fort payxe,T,typo_near_frequent,疑似拼写错误: 'fort payxe'(出现1次) 与高频值 'fort payne'(出现24次) 编辑距离1,fort payne,1.0,stage1,,,
367,City,winfielx,T,typo_near_frequent,疑似拼写错误: 'winfielx'(出现1次) 与高频值 'winfield'(出现24次) 编辑距离1,winfield,1.0,stage1,,,
437,City,anchoraxe,T,typo_near_frequent,疑似拼写错误: 'anchoraxe'(出现1次) 与高频值 'anchorage'(出现17次) 编辑距离1,anchorage,0.94,stage1,,,
474,City,ozarx,T,typo_near_frequent,疑似拼写错误: 'ozarx'(出现1次) 与高频值 'ozark'(出现23次) 编辑距离1,ozark,1.0,stage1,,,
485,City,xzark,T,typo_near_frequent,疑似拼写错误: 'xzark'(出现1次) 与高频值 'ozark'(出现23次) 编辑距离1,ozark,1.0,stage1,,,
517,City,montxomery,T,typo_near_frequent,疑似拼写错误: 'montxomery'(出现1次) 与高频值 'montgomery'(出现49次) 编辑距离1,montgomery,1.0,stage1,,,
578,City,vallex,T,typo_near_frequent,疑似拼写错误: 'vallex'(出现1次) 与高频值 'valley'(出现23次) 编辑距离1,valley,1.0,stage1,,,
590,City,vxlley,T,typo_near_frequent,疑似拼写错误: 'vxlley'(出现1次) 与高频值 'valley'(出现23次) 编辑距离1,valley,1.0,stage1,,,
601,City,exba,T,typo_near_frequent,疑似拼写错误: 'exba'(出现1次) 与高频值 'elba'(出现24次) 编辑距离1,elba,1.0,stage1,,,
690,City,birminxham,T,typo_near_frequent,疑似拼写错误: 'birminxham'(出现1次) 与高频值 'birmingham'(出现75次) 编辑距离1,birmingham,1.0,stage1,,,
696,City,tallaxxee,T,typo_near_frequent,疑似拼写错误: 'tallaxxee'(出现1次) 与高频值 'tallassee'(出现24次) 编辑距离2,tallassee,0.933,stage1,,,
736,City,cuxxman,T,typo_near_frequent,疑似拼写错误: 'cuxxman'(出现1次) 与高频值 'cullman'(出现24次) 编辑距离2,cullman,0.914,stage1,,,
756,City,andaluxia,T,typo_near_frequent,疑似拼写错误: 'andaluxia'(出现1次) 与高频值 'andalusia'(出现24次) 编辑距离1,andalusia,1.0,stage1,,,
772,City,annxston,T,typo_near_frequent,疑似拼写错误: 'annxston'(出现1次) 与高频值 'anniston'(出现26次) 编辑距离1,anniston,1.0,stage1,,,
821,City,gxdsden,T,typo_near_frequent,疑似拼写错误: 'gxdsden'(出现1次) 与高频值 'gadsden'(出现52次) 编辑距离1,gadsden,1.0,stage1,,,
855,City,hamilxon,T,typo_near_frequent,疑似拼写错误: 'hamilxon'(出现1次) 与高频值 'hamilton'(出现24次) 编辑距离1,hamilton,1.0,stage1,,,
895,City,faxette,T,typo_near_frequent,疑似拼写错误: 'faxette'(出现1次) 与高频值 'fayette'(出现24次) 编辑距离1,fayette,1.0,stage1,,,
949,City,geoxgiana,T,typo_near_frequent,疑似拼写错误: 'geoxgiana'(出现1次) 与高频值 'georgiana'(出现24次) 编辑距离1,georgiana,1.0,stage1,,,
960,City,enterprxse,T,typo_near_frequent,疑似拼写错误: 'enterprxse'(出现1次) 与高频值 'enterprise'(出现23次) 编辑距离1,enterprise,1.0,stage1,,,
985,City,onxonta,T,typo_near_frequent,疑似拼写错误: 'onxonta'(出现1次) 与高频值 'oneonta'(出现19次) 编辑距离1,oneonta,0.98,stage1,,,
67,CountyName,mxrshxll,T,typo_near_frequent,疑似拼写错误: 'mxrshxll'(出现1次) 与高频值 'marshall'(出现49次) 编辑距离2,marshall,0.925,stage1,,,
72,CountyName,laudxrdalx,T,typo_near_frequent,疑似拼写错误: 'laudxrdalx'(出现1次) 与高频值 'lauderdale'(出现23次) 编辑距离2,lauderdale,0.94,stage1,,,
77,CountyName,laudexdale,T,typo_near_frequent,疑似拼写错误: 'laudexdale'(出现1次) 与高频值 'lauderdale'(出现23次) 编辑距离1,lauderdale,1.0,stage1,,,
136,CountyName,crxnshaw,T,typo_near_frequent,疑似拼写错误: 'crxnshaw'(出现1次) 与高频值 'crenshaw'(出现24次) 编辑距离1,crenshaw,1.0,stage1,,,
216,CountyName,jeffersxn,T,typo_near_frequent,疑似拼写错误: 'jeffersxn'(出现1次) 与高频值 'jefferson'(出现99次) 编辑距离1,jefferson,1.0,stage1,,,
221,CountyName,dx kalb,T,typo_near_frequent,疑似拼写错误: 'dx kalb'(出现2次) 与高频值 'de kalb'(出现21次) 编辑距离1,de kalb,0.81,stage1,,,
223,CountyName,xe kalb,T,typo_near_frequent,疑似拼写错误: 'xe kalb'(出现2次) 与高频值 'de kalb'(出现21次) 编辑距离1,de kalb,0.81,stage1,,,
227,CountyName,dx kalb,T,typo_near_frequent,疑似拼写错误: 'dx kalb'(出现2次) 与高频值 'de kalb'(出现21次) 编辑距离1,de kalb,0.81,stage1,,,
238,CountyName,xe kalb,T,typo_near_frequent,疑似拼写错误: 'xe kalb'(出现2次) 与高频值 'de kalb'(出现21次) 编辑距离1,de kalb,0.81,stage1,,,
252,CountyName,xlarke,T,typo_near_frequent,疑似拼写错误: 'xlarke'(出现1次) 与高频值 'clarke'(出现24次) 编辑距离1,clarke,1.0,stage1,,,
312,CountyName,calhoxn,T,typo_near_frequent,疑似拼写错误: 'calhoxn'(出现1次) 与高频值 'calhoun'(出现26次) 编辑距离1,calhoun,1.0,stage1,,,
324,CountyName,caxhoun,T,typo_near_frequent,疑似拼写错误: 'caxhoun'(出现1次) 与高频值 'calhoun'(出现26次) 编辑距离1,calhoun,1.0,stage1,,,
346,CountyName,housxon,T,typo_near_frequent,疑似拼写错误: 'housxon'(出现1次) 与高频值 'houston'(出现41次) 编辑距离1,houston,1.0,stage1,,,
415,CountyName,tallaxega,T,typo_near_frequent,疑似拼写错误: 'tallaxega'(出现1次) 与高频值 'talladega'(出现17次) 编辑距离1,talladega,0.94,stage1,,,
456,CountyName,jxffxrson,T,typo_near_frequent,疑似拼写错误: 'jxffxrson'(出现2次) 与高频值 'jefferson'(出现99次) 编辑距离2,jefferson,0.933,stage1,,,
457,CountyName,xefferson,T,typo_near_frequent,疑似拼写错误: 'xefferson'(出现1次) 与高频值 'jefferson'(出现99次) 编辑距离1,jefferson,1.0,stage1,,,
465,CountyName,jexxerson,T,typo_near_frequent,疑似拼写错误: 'jexxerson'(出现2次) 与高频值 'jefferson'(出现99次) 编辑距离2,jefferson,0.933,stage1,,,
527,CountyName,monxgomery,T,typo_near_frequent,疑似拼写错误: 'monxgomery'(出现2次) 与高频值 'montgomery'(出现47次) 编辑距离1,montgomery,1.0,stage1,,,
540,CountyName,montgomexy,T,typo_near_frequent,疑似拼写错误: 'montgomexy'(出现1次) 与高频值 'montgomery'(出现47次) 编辑距离1,montgomery,1.0,stage1,,,
551,CountyName,monxgomery,T,typo_near_frequent,疑似拼写错误: 'monxgomery'(出现2次) 与高频值 'montgomery'(出现47次) 编辑距离1,montgomery,1.0,stage1,,,
578,CountyName,xhambers,T,typo_near_frequent,疑似拼写错误: 'xhambers'(出现1次) 与高频值 'chambers'(出现23次) 编辑距离1,chambers,1.0,stage1,,,
590,CountyName,chaxbers,T,typo_near_frequent,疑似拼写错误: 'chaxbers'(出现1次) 与高频值 'chambers'(出现23次) 编辑距离1,chambers,1.0,stage1,,,
602,CountyName,coffxx,T,typo_near_frequent,疑似拼写错误: 'coffxx'(出现1次) 与高频值 'coffee'(出现48次) 编辑距离2,coffee,0.9,stage1,,,
633,CountyName,xee,T,typo_near_frequent,疑似拼写错误: 'xee'(出现1次) 与高频值 'lee'(出现24次) 编辑距离1,lee,1.0,stage1,,,
672,CountyName,jxffxrson,T,typo_near_frequent,疑似拼写错误: 'jxffxrson'(出现2次) 与高频值 'jefferson'(出现99次) 编辑距离2,jefferson,0.933,stage1,,,
689,CountyName,jexxerson,T,typo_near_frequent,疑似拼写错误: 'jexxerson'(出现2次) 与高频值 'jefferson'(出现99次) 编辑距离2,jefferson,0.933,stage1,,,
692,CountyName,elmoxe,T,typo_near_frequent,疑似拼写错误: 'elmoxe'(出现1次) 与高频值 'elmore'(出现23次) 编辑距离1,elmore,1.0,stage1,,,
698,CountyName,elxore,T,typo_near_frequent,疑似拼写错误: 'elxore'(出现1次) 与高频值 'elmore'(出现23次) 编辑距离1,elmore,1.0,stage1,,,
722,CountyName,cxllman,T,typo_near_frequent,疑似拼写错误: 'cxllman'(出现2次) 与高频值 'cullman'(出现23次) 编辑距离1,cullman,0.83,stage1,,,
730,CountyName,cxllman,T,typo_near_frequent,疑似拼写错误: 'cxllman'(出现2次) 与高频值 'cullman'(出现23次) 编辑距离1,cullman,0.83,stage1,,,
752,CountyName,coxington,T,typo_near_frequent,疑似拼写错误: 'coxington'(出现1次) 与高频值 'covington'(出现49次) 编辑距离1,covington,1.0,stage1,,,
785,CountyName,madisxn,T,typo_near_frequent,疑似拼写错误: 'madisxn'(出现1次) 与高频值 'madison'(出现26次) 编辑距离1,madison,1.0,stage1,,,
798,CountyName,madisox,T,typo_near_frequent,疑似拼写错误: 'madisox'(出现1次) 与高频值 'madison'(出现26次) 编辑距离1,madison,1.0,stage1,,,
895,CountyName,fayexxe,T,typo_near_frequent,疑似拼写错误: 'fayexxe'(出现1次) 与高频值 'fayette'(出现24次) 编辑距离2,fayette,0.914,stage1,,,
917,CountyName,etowxh,T,typo_near_frequent,疑似拼写错误: 'etowxh'(出现1次) 与高频值 'etowah'(出现52次) 编辑距离1,etowah,1.0,stage1,,,
943,CountyName,butxer,T,typo_near_frequent,疑似拼写错误: 'butxer'(出现1次) 与高频值 'butler'(出现24次) 编辑距离1,butler,1.0,stage1,,,
966,CountyName,cxffee,T,typo_near_frequent,疑似拼写错误: 'cxffee'(出现1次) 与高频值 'coffee'(出现48次) 编辑距离1,coffee,1.0,stage1,,,
264,MeasureCode,scxp-xnf-3,T,typo_near_frequent,疑似拼写错误: 'scxp-xnf-3'(出现1次) 与高频值 'scip-inf-3'(出现37次) 编辑距离2,scip-inf-3,0.94,stage1,,,
580,MeasureCode,px-5c,T,typo_near_frequent,疑似拼写错误: 'px-5c'(出现1次) 与高频值 'pn-5c'(出现38次) 编辑距离1,pn-5c,1.0,stage1,,,
94,MeasureName,xeart attack patients given aspirin at arrival,T,typo_near_frequent,疑似拼写错误: 'xeart attack patients given aspirin at arrival'(出现1次) 与高频值 'heart attack patients given aspirin at arrival'(出现35次) 编辑距离1,heart attack patients given aspirin at arrival,1.0,stage1,,,
119,MeasureName,heart attack patients given aspirin at arrivax,T,typo_near_frequent,疑似拼写错误: 'heart attack patients given aspirin at arrivax'(出现1次) 与高频值 'heart attack patients given aspirin at arrival'(出现35次) 编辑距离1,heart attack patients given aspirin at arrival,1.0,stage1,,,
145,MeasureName,heart attaxk patients given aspirin at disxharge,T,typo_near_frequent,疑似拼写错误: 'heart attaxk patients given aspirin at disxharge'(出现1次) 与高频值 'heart attack patients given aspirin at discharge'(出现39次) 编辑距离2,heart attack patients given aspirin at discharge,0.987,stage1,,,
389,MeasureName,heart xailure patients given smoking cessation advice/counseling,T,typo_near_frequent,疑似拼写错误: 'heart xailure patients given smoking cessation advice/counseling'(出现1次) 与高频值 'heart failure patients given smoking cessation advice/counseling'(出现38次) 编辑距离1,heart failure patients given smoking cessation advice/counseling,1.0,stage1,,,
650,MeasureName,heart failure patients given ace inhibitor or arb for left xentricular systolic dysfunction (lxsd),T,typo_near_frequent,疑似拼写错误: 'heart failure patients given ace inhibitor or arb for left xentricular systolic dysfunction (lxsd)'(出现1次) 与高频值 'heart failure patients given ace inhibitor or arb for left ventricular systolic dysfunction (lvsd)'(出现39次) 编辑距离2,heart failure patients given ace inhibitor or arb for left ventricular systolic dysfunction (lvsd),0.994,stage1,,,
893,MeasureName,pneumonia patients assessed and given influenza vaxxination,T,typo_near_frequent,疑似拼写错误: 'pneumonia patients assessed and given influenza vaxxination'(出现1次) 与高频值 'pneumonia patients assessed and given influenza vaccination'(出现36次) 编辑距离2,pneumonia patients assessed and given influenza vaccination,0.99,stage1,,,
448,HospitalName,xlxskx regionxl hospitxl,VAD,fd:ProviderNumber->HospitalName,"违反依赖 ProviderNumber->HospitalName: 当 ProviderNumber='20017' 时 HospitalName 多数为 'alaska regional hospital'(94%, n=18), 但此处为 'xlxskx regionxl hospitxl'",alaska regional hospital,0.944,stage1,,,
560,HospitalName,jaxkson hospital & xlinix inx,VAD,fd:ProviderNumber->HospitalName,"违反依赖 ProviderNumber->HospitalName: 当 ProviderNumber='10024' 时 HospitalName 多数为 'jackson hospital & clinic inc'(96%, n=24), 但此处为 'jaxkson hospital & xlinix inx'",jackson hospital & clinic inc,0.958,stage1,,,
730,HospitalName,cullmxn regionxl medicxl center,VAD,fd:ProviderNumber->HospitalName,"违反依赖 ProviderNumber->HospitalName: 当 ProviderNumber='10035' 时 HospitalName 多数为 'cullman regional medical center'(96%, n=23), 但此处为 'cullmxn regionxl medicxl center'",cullman regional medical center,0.957,stage1,,,
758,HospitalName,andaxusia regionax hospitax,VAD,fd:ProviderNumber->HospitalName,"违反依赖 ProviderNumber->HospitalName: 当 ProviderNumber='10036' 时 HospitalName 多数为 'andalusia regional hospital'(92%, n=24), 但此处为 'andaxusia regionax hospitax'",andalusia regional hospital,0.917,stage1,,,
57,Address,2505xuxsxhighwayx431xnorth,VAD,fd:ProviderNumber->Address,"违反依赖 ProviderNumber->Address: 当 ProviderNumber='10005' 时 Address 多数为 '2505 u s highway 431 north'(96%, n=24), 但此处为 '2505xuxsxhighwayx431xnorth'",2505 u s highway 431 north,0.958,stage1,,,
94,Address,702xnxmainxst,VAD,fd:ProviderNumber->Address,"违反依赖 ProviderNumber->Address: 当 ProviderNumber='10007' 时 Address 多数为 '702 n main st'(92%, n=25), 但此处为 '702xnxmainxst'",702 n main st,0.92,stage1,,,
161,Address,201 pine sxreex norxhwesx,VAD,fd:ProviderNumber->Address,"违反依赖 ProviderNumber->Address: 当 ProviderNumber='10009' 时 Address 多数为 '201 pine street northwest'(96%, n=25), 但此处为 '201 pine sxreex norxhwesx'",201 pine street northwest,0.96,stage1,,,
275,Address,1000 fixst stxeet noxth,VAD,fd:ProviderNumber->Address,"违反依赖 ProviderNumber->Address: 当 ProviderNumber='10016' 时 Address 多数为 '1000 first street north'(96%, n=24), 但此处为 '1000 fixst stxeet noxth'",1000 first street north,0.958,stage1,,,
316,Address,301xeastx18thxst,VAD,fd:ProviderNumber->Address,"违反依赖 ProviderNumber->Address: 当 ProviderNumber='10038' 时 Address 多数为 '301 east 18th st'(93%, n=27), 但此处为 '301xeastx18thxst'",301 east 18th st,0.926,stage1,,,
334,Address,4370xwestxmainxstreet,VAD,fd:ProviderNumber->Address,"违反依赖 ProviderNumber->Address: 当 ProviderNumber='10055' 时 Address 多数为 '4370 west main street'(94%, n=17), 但此处为 '4370xwestxmainxstreet'",4370 west main street,0.941,stage1,,,
363,Address,1530xuxsxhighwayx43,VAD,fd:ProviderNumber->Address,"违反依赖 ProviderNumber->Address: 当 ProviderNumber='10086' 时 Address 多数为 '1530 u s highway 43'(96%, n=24), 但此处为 '1530xuxsxhighwayx43'",1530 u s highway 43,0.958,stage1,,,
736,Address,1912xalabamaxhighwayx157,VAD,fd:ProviderNumber->Address,"违反依赖 ProviderNumber->Address: 当 ProviderNumber='10035' 时 Address 多数为 '1912 alabama highway 157'(96%, n=23), 但此处为 '1912xalabamaxhighwayx157'",1912 alabama highway 157,0.957,stage1,,,
915,Address,600 souxh xhird sxreex,VAD,fd:ProviderNumber->Address,"违反依赖 ProviderNumber->Address: 当 ProviderNumber='10046' 时 Address 多数为 '600 south third street'(96%, n=28), 但此处为 '600 souxh xhird sxreex'",600 south third street,0.964,stage1,,,
956,Address,400xnxedwardsxstreet,VAD,fd:ProviderNumber->Address,"违反依赖 ProviderNumber->Address: 当 ProviderNumber='10049' 时 Address 多数为 '400 n edwards street'(96%, n=24), 但此处为 '400xnxedwardsxstreet'",400 n edwards street,0.958,stage1,,,
311,City,axxistox,VAD,fd:ProviderNumber->City,"违反依赖 ProviderNumber->City: 当 ProviderNumber='10038' 时 City 多数为 'anniston'(93%, n=27), 但此处为 'axxistox'",anniston,0.926,stage1,,,
654,City,wxdowxx,VAD,fd:ProviderNumber->City,"违反依赖 ProviderNumber->City: 当 ProviderNumber='10032' 时 City 多数为 'wedowee'(96%, n=23), 但此处为 'wxdowxx'",wedowee,0.957,stage1,,,
968,City,xntxrprisx,VAD,fd:ProviderNumber->City,"违反依赖 ProviderNumber->City: 当 ProviderNumber='10049' 时 City 多数为 'enterprise'(92%, n=24), 但此处为 'xntxrprisx'",enterprise,0.917,stage1,,,
42,State,xl,VAD,fd:ProviderNumber->State,"违反依赖 ProviderNumber->State: 当 ProviderNumber='10001' 时 State 多数为 'al'(96%, n=25), 但此处为 'xl'",al,0.96,stage1,,,
46,State,xl,VAD,fd:ProviderNumber->State,"违反依赖 ProviderNumber->State: 当 ProviderNumber='10005' 时 State 多数为 'al'(92%, n=24), 但此处为 'xl'",al,0.917,stage1,,,
50,State,xl,VAD,fd:ProviderNumber->State,"违反依赖 ProviderNumber->State: 当 ProviderNumber='10005' 时 State 多数为 'al'(92%, n=24), 但此处为 'xl'",al,0.917,stage1,,,
83,State,xl,VAD,fd:ProviderNumber->State,"违反依赖 ProviderNumber->State: 当 ProviderNumber='10006' 时 State 多数为 'al'(96%, n=24), 但此处为 'xl'",al,0.958,stage1,,,
98,State,xl,VAD,fd:ProviderNumber->State,"违反依赖 ProviderNumber->State: 当 ProviderNumber='10007' 时 State 多数为 'al'(96%, n=25), 但此处为 'xl'",al,0.96,stage1,,,
119,State,ax,VAD,fd:ProviderNumber->State,"违反依赖 ProviderNumber->State: 当 ProviderNumber='10008' 时 State 多数为 'al'(92%, n=25), 但此处为 'ax'",al,0.92,stage1,,,
140,State,ax,VAD,fd:ProviderNumber->State,"违反依赖 ProviderNumber->State: 当 ProviderNumber='10008' 时 State 多数为 'al'(92%, n=25), 但此处为 'ax'",al,0.92,stage1,,,
165,State,ax,VAD,fd:ProviderNumber->State,"违反依赖 ProviderNumber->State: 当 ProviderNumber='10009' 时 State 多数为 'al'(96%, n=25), 但此处为 'ax'",al,0.96,stage1,,,
182,State,xl,VAD,fd:ProviderNumber->State,"违反依赖 ProviderNumber->State: 当 ProviderNumber='10010' 时 State 多数为 'al'(96%, n=25), 但此处为 'xl'",al,0.96,stage1,,,
228,State,ax,VAD,fd:ProviderNumber->State,"违反依赖 ProviderNumber->State: 当 ProviderNumber='10012' 时 State 多数为 'al'(96%, n=25), 但此处为 'ax'",al,0.96,stage1,,,
278,State,xl,VAD,fd:ProviderNumber->State,"违反依赖 ProviderNumber->State: 当 ProviderNumber='10016' 时 State 多数为 'al'(96%, n=24), 但此处为 'xl'",al,0.958,stage1,,,
356,State,ax,VAD,fd:ProviderNumber->State,"违反依赖 ProviderNumber->State: 当 ProviderNumber='10086' 时 State 多数为 'al'(96%, n=24), 但此处为 'ax'",al,0.958,stage1,,,
386,State,xl,VAD,fd:ProviderNumber->State,"违反依赖 ProviderNumber->State: 当 ProviderNumber='10087' 时 State 多数为 'al'(92%, n=13), 但此处为 'xl'",al,0.923,stage1,,,
402,State,ax,VAD,fd:ProviderNumber->State,"违反依赖 ProviderNumber->State: 当 ProviderNumber='10108' 时 State 多数为 'al'(95%, n=19), 但此处为 'ax'",al,0.947,stage1,,,
477,State,xl,VAD,fd:ProviderNumber->State,"违反依赖 ProviderNumber->State: 当 ProviderNumber='10021' 时 State 多数为 'al'(92%, n=25), 但此处为 'xl'",al,0.92,stage1,,,
483,State,xl,VAD,fd:ProviderNumber->State,"违反依赖 ProviderNumber->State: 当 ProviderNumber='10021' 时 State 多数为 'al'(92%, n=25), 但此处为 'xl'",al,0.92,stage1,,,
504,State,ax,VAD,fd:ProviderNumber->State,"违反依赖 ProviderNumber->State: 当 ProviderNumber='10022' 时 State 多数为 'al'(96%, n=25), 但此处为 'ax'",al,0.96,stage1,,,
572,State,ax,VAD,fd:ProviderNumber->State,"违反依赖 ProviderNumber->State: 当 ProviderNumber='10025' 时 State 多数为 'al'(96%, n=25), 但此处为 'ax'",al,0.96,stage1,,,
592,State,ax,VAD,fd:ProviderNumber->State,"违反依赖 ProviderNumber->State: 当 ProviderNumber='10027' 时 State 多数为 'al'(96%, n=24), 但此处为 'ax'",al,0.958,stage1,,,
701,State,xl,VAD,fd:ProviderNumber->State,"违反依赖 ProviderNumber->State: 当 ProviderNumber='10034' 时 State 多数为 'al'(96%, n=24), 但此处为 'xl'",al,0.958,stage1,,,
764,State,xl,VAD,fd:ProviderNumber->State,"违反依赖 ProviderNumber->State: 当 ProviderNumber='10036' 时 State 多数为 'al'(96%, n=24), 但此处为 'xl'",al,0.958,stage1,,,
791,State,xl,VAD,fd:ProviderNumber->State,"违反依赖 ProviderNumber->State: 当 ProviderNumber='10039' 时 State 多数为 'al'(96%, n=25), 但此处为 'xl'",al,0.96,stage1,,,
884,State,xl,VAD,fd:ProviderNumber->State,"违反依赖 ProviderNumber->State: 当 ProviderNumber='10045' 时 State 多数为 'al'(91%, n=23), 但此处为 'xl'",al,0.913,stage1,,,
886,State,xl,VAD,fd:ProviderNumber->State,"违反依赖 ProviderNumber->State: 当 ProviderNumber='10045' 时 State 多数为 'al'(91%, n=23), 但此处为 'xl'",al,0.913,stage1,,,
922,State,ax,VAD,fd:ProviderNumber->State,"违反依赖 ProviderNumber->State: 当 ProviderNumber='10046' 时 State 多数为 'al'(96%, n=28), 但此处为 'ax'",al,0.964,stage1,,,
502,CountyName,chxrokxx,VAD,fd:ProviderNumber->CountyName,"违反依赖 ProviderNumber->CountyName: 当 ProviderNumber='10022' 时 CountyName 多数为 'cherokee'(92%, n=25), 但此处为 'chxrokxx'",cherokee,0.92,stage1,,,
513,CountyName,chxrokxx,VAD,fd:ProviderNumber->CountyName,"违反依赖 ProviderNumber->CountyName: 当 ProviderNumber='10022' 时 CountyName 多数为 'cherokee'(92%, n=25), 但此处为 'chxrokxx'",cherokee,0.92,stage1,,,
24,EmergencyService,yxs,VAD,fd:ProviderNumber->EmergencyService,"违反依赖 ProviderNumber->EmergencyService: 当 ProviderNumber='10001' 时 EmergencyService 多数为 'yes'(92%, n=25), 但此处为 'yxs'",yes,0.92,stage1,,,
43,EmergencyService,yex,VAD,fd:ProviderNumber->EmergencyService,"违反依赖 ProviderNumber->EmergencyService: 当 ProviderNumber='10001' 时 EmergencyService 多数为 'yes'(92%, n=25), 但此处为 'yex'",yes,0.92,stage1,,,
51,EmergencyService,yxs,VAD,fd:ProviderNumber->EmergencyService,"违反依赖 ProviderNumber->EmergencyService: 当 ProviderNumber='10005' 时 EmergencyService 多数为 'yes'(96%, n=24), 但此处为 'yxs'",yes,0.958,stage1,,,
157,EmergencyService,yxs,VAD,fd:ProviderNumber->EmergencyService,"违反依赖 ProviderNumber->EmergencyService: 当 ProviderNumber='10009' 时 EmergencyService 多数为 'yes'(96%, n=25), 但此处为 'yxs'",yes,0.96,stage1,,,
318,EmergencyService,xes,VAD,fd:ProviderNumber->EmergencyService,"违反依赖 ProviderNumber->EmergencyService: 当 ProviderNumber='10038' 时 EmergencyService 多数为 'yes'(93%, n=27), 但此处为 'xes'",yes,0.926,stage1,,,
327,EmergencyService,yex,VAD,fd:ProviderNumber->EmergencyService,"违反依赖 ProviderNumber->EmergencyService: 当 ProviderNumber='10038' 时 EmergencyService 多数为 'yes'(93%, n=27), 但此处为 'yex'",yes,0.926,stage1,,,
332,EmergencyService,yex,VAD,fd:ProviderNumber->EmergencyService,"违反依赖 ProviderNumber->EmergencyService: 当 ProviderNumber='10055' 时 EmergencyService 多数为 'yes'(94%, n=17), 但此处为 'yex'",yes,0.941,stage1,,,
374,EmergencyService,yex,VAD,fd:ProviderNumber->EmergencyService,"违反依赖 ProviderNumber->EmergencyService: 当 ProviderNumber='10086' 时 EmergencyService 多数为 'yes'(96%, n=24), 但此处为 'yex'",yes,0.958,stage1,,,
389,EmergencyService,yxs,VAD,fd:ProviderNumber->EmergencyService,"违反依赖 ProviderNumber->EmergencyService: 当 ProviderNumber='10087' 时 EmergencyService 多数为 'yes'(92%, n=13), 但此处为 'yxs'",yes,0.923,stage1,,,
410,EmergencyService,yxs,VAD,fd:ProviderNumber->EmergencyService,"违反依赖 ProviderNumber->EmergencyService: 当 ProviderNumber='10108' 时 EmergencyService 多数为 'yes'(95%, n=19), 但此处为 'yxs'",yes,0.947,stage1,,,
418,EmergencyService,xo,VAD,fd:ProviderNumber->EmergencyService,"违反依赖 ProviderNumber->EmergencyService: 当 ProviderNumber='10164' 时 EmergencyService 多数为 'no'(94%, n=18), 但此处为 'xo'",no,0.944,stage1,,,
492,EmergencyService,yxs,VAD,fd:ProviderNumber->EmergencyService,"违反依赖 ProviderNumber->EmergencyService: 当 ProviderNumber='10022' 时 EmergencyService 多数为 'yes'(96%, n=25), 但此处为 'yxs'",yes,0.96,stage1,,,
521,EmergencyService,yxs,VAD,fd:ProviderNumber->EmergencyService,"违反依赖 ProviderNumber->EmergencyService: 当 ProviderNumber='10023' 时 EmergencyService 多数为 'yes'(92%, n=25), 但此处为 'yxs'",yes,0.92,stage1,,,
536,EmergencyService,yex,VAD,fd:ProviderNumber->EmergencyService,"违反依赖 ProviderNumber->EmergencyService: 当 ProviderNumber='10023' 时 EmergencyService 多数为 'yes'(92%, n=25), 但此处为 'yex'",yes,0.92,stage1,,,
564,EmergencyService,xes,VAD,fd:ProviderNumber->EmergencyService,"违反依赖 ProviderNumber->EmergencyService: 当 ProviderNumber='10024' 时 EmergencyService 多数为 'yes'(96%, n=24), 但此处为 'xes'",yes,0.958,stage1,,,
579,EmergencyService,xes,VAD,fd:ProviderNumber->EmergencyService,"违反依赖 ProviderNumber->EmergencyService: 当 ProviderNumber='10025' 时 EmergencyService 多数为 'yes'(92%, n=25), 但此处为 'xes'",yes,0.92,stage1,,,
587,EmergencyService,xes,VAD,fd:ProviderNumber->EmergencyService,"违反依赖 ProviderNumber->EmergencyService: 当 ProviderNumber='10025' 时 EmergencyService 多数为 'yes'(92%, n=25), 但此处为 'xes'",yes,0.92,stage1,,,
628,EmergencyService,yex,VAD,fd:ProviderNumber->EmergencyService,"违反依赖 ProviderNumber->EmergencyService: 当 ProviderNumber='10029' 时 EmergencyService 多数为 'yes'(96%, n=23), 但此处为 'yex'",yes,0.957,stage1,,,
653,EmergencyService,xo,VAD,fd:ProviderNumber->EmergencyService,"违反依赖 ProviderNumber->EmergencyService: 当 ProviderNumber='10032' 时 EmergencyService 多数为 'no'(96%, n=23), 但此处为 'xo'",no,0.957,stage1,,,
674,EmergencyService,yex,VAD,fd:ProviderNumber->EmergencyService,"违反依赖 ProviderNumber->EmergencyService: 当 ProviderNumber='10033' 时 EmergencyService 多数为 'yes'(96%, n=25), 但此处为 'yex'",yes,0.96,stage1,,,
797,EmergencyService,yxs,VAD,fd:ProviderNumber->EmergencyService,"违反依赖 ProviderNumber->EmergencyService: 当 ProviderNumber='10039' 时 EmergencyService 多数为 'yes'(96%, n=25), 但此处为 'yxs'",yes,0.96,stage1,,,
809,EmergencyService,xes,VAD,fd:ProviderNumber->EmergencyService,"违反依赖 ProviderNumber->EmergencyService: 当 ProviderNumber='10040' 时 EmergencyService 多数为 'yes'(96%, n=25), 但此处为 'xes'",yes,0.96,stage1,,,
866,EmergencyService,yxs,VAD,fd:ProviderNumber->EmergencyService,"违反依赖 ProviderNumber->EmergencyService: 当 ProviderNumber='10044' 时 EmergencyService 多数为 'yes'(96%, n=24), 但此处为 'yxs'",yes,0.958,stage1,,,
889,EmergencyService,yex,VAD,fd:ProviderNumber->EmergencyService,"违反依赖 ProviderNumber->EmergencyService: 当 ProviderNumber='10045' 时 EmergencyService 多数为 'yes'(96%, n=23), 但此处为 'yex'",yes,0.957,stage1,,,
919,EmergencyService,yex,VAD,fd:ProviderNumber->EmergencyService,"违反依赖 ProviderNumber->EmergencyService: 当 ProviderNumber='10046' 时 EmergencyService 多数为 'yes'(93%, n=28), 但此处为 'yex'",yes,0.929,stage1,,,
921,EmergencyService,yxs,VAD,fd:ProviderNumber->EmergencyService,"违反依赖 ProviderNumber->EmergencyService: 当 ProviderNumber='10046' 时 EmergencyService 多数为 'yes'(93%, n=28), 但此处为 'yxs'",yes,0.929,stage1,,,
393,Address,124xsxmemorialxdr,VAD,fd:HospitalName->Address,"违反依赖 HospitalName->Address: 当 HospitalName='prattville baptist hospital' 时 Address 多数为 '124 s memorial dr'(90%, n=20), 但此处为 '124xsxmemorialxdr'",124 s memorial dr,0.9,stage1,,,
559,State,xl,VAD,fd:HospitalName->State,"违反依赖 HospitalName->State: 当 HospitalName='jackson hospital & clinic inc' 时 State 多数为 'al'(96%, n=24), 但此处为 'xl'",al,0.958,stage1,,,
350,EmergencyService,yxs,VAD,fd:City->EmergencyService,"违反依赖 City->EmergencyService: 当 City='birmingham' 时 EmergencyService 多数为 'yes'(97%, n=75), 但此处为 'yxs'",yes,0.973,stage1,,,
0,MeasureName,surgery patients who were taking heart drugs caxxed beta bxockers before coming to the hospitax who were kept on the beta bxockers during the period just before and after their surgery,VAD,fd:MeasureCode->MeasureName,"违反依赖 MeasureCode->MeasureName: 当 MeasureCode='scip-card-2' 时 MeasureName 多数为 'surgery patients who were taking heart drugs called beta blockers before coming to the hospital who were kept on the beta blockers during the period just before and after their surgery'(92%, n=40), 但此处为 'surgery patients who were taking heart drugs caxxed beta bxockers before coming to the hospitax who were kept on the beta bxockers during the period just before and after their surgery'",surgery patients who were taking heart drugs called beta blockers before coming to the hospital who were kept on the beta blockers during the period just before and after their surgery,0.925,stage1,,,
111,MeasureName,surgery patiexts who were takixg heart drugs called beta blockers before comixg to the hospital who were kept ox the beta blockers durixg the period just before axd after their surgery,VAD,fd:MeasureCode->MeasureName,"违反依赖 MeasureCode->MeasureName: 当 MeasureCode='scip-card-2' 时 MeasureName 多数为 'surgery patients who were taking heart drugs called beta blockers before coming to the hospital who were kept on the beta blockers during the period just before and after their surgery'(92%, n=40), 但此处为 'surgery patiexts who were takixg heart drugs called beta blockers before comixg to the hospital who were kept ox the beta blockers durixg the period just before axd after their surgery'",surgery patients who were taking heart drugs called beta blockers before coming to the hospital who were kept on the beta blockers during the period just before and after their surgery,0.925,stage1,,,
210,MeasureName,pneumoniaxpatientsxassessedxandxgivenxinfluenzaxvaccination,VAD,fd:MeasureCode->MeasureName,"违反依赖 MeasureCode->MeasureName: 当 MeasureCode='pn-7' 时 MeasureName 多数为 'pneumonia patients assessed and given influenza vaccination'(90%, n=40), 但此处为 'pneumoniaxpatientsxassessedxandxgivenxinfluenzaxvaccination'",pneumonia patients assessed and given influenza vaccination,0.9,stage1,,,
256,MeasureName,pneumonxa patxents whose inxtxal emergency room blood culture was performed prxor to the admxnxstratxon of the fxrst hospxtal dose of antxbxotxcs,VAD,fd:MeasureCode->MeasureName,"违反依赖 MeasureCode->MeasureName: 当 MeasureCode='pn-3b' 时 MeasureName 多数为 'pneumonia patients whose initial emergency room blood culture was performed prior to the administration of the first hospital dose of antibiotics'(95%, n=40), 但此处为 'pneumonxa patxents whose inxtxal emergency room blood culture was performed prxor to the admxnxstratxon of the fxrst hospxtal dose of antxbxotxcs'",pneumonia patients whose initial emergency room blood culture was performed prior to the administration of the first hospital dose of antibiotics,0.95,stage1,,,
281,MeasureName,pnxumonia patixnts whosx initial emxrgxncy room blood culturx was pxrformxd prior to thx administration of thx first hospital dosx of antibiotics,VAD,fd:MeasureCode->MeasureName,"违反依赖 MeasureCode->MeasureName: 当 MeasureCode='pn-3b' 时 MeasureName 多数为 'pneumonia patients whose initial emergency room blood culture was performed prior to the administration of the first hospital dose of antibiotics'(95%, n=40), 但此处为 'pnxumonia patixnts whosx initial emxrgxncy room blood culturx was pxrformxd prior to thx administration of thx first hospital dosx of antibiotics'",pneumonia patients whose initial emergency room blood culture was performed prior to the administration of the first hospital dose of antibiotics,0.95,stage1,,,
290,MeasureName,all heart surgerx patients whose blood sugar (blood glucose) is kept under good control in the daxs right after surgerx,VAD,fd:MeasureCode->MeasureName,"违反依赖 MeasureCode->MeasureName: 当 MeasureCode='scip-inf-4' 时 MeasureName 多数为 'all heart surgery patients whose blood sugar (blood glucose) is kept under good control in the days right after surgery'(92%, n=36), 但此处为 'all heart surgerx patients whose blood sugar (blood glucose) is kept under good control in the daxs right after surgerx'",all heart surgery patients whose blood sugar (blood glucose) is kept under good control in the days right after surgery,0.917,stage1,,,
346,MeasureName,surgery pxtients whose doctors ordered trextments to prevent blood clots xfter certxin types of surgeries,VAD,fd:MeasureCode->MeasureName,"违反依赖 MeasureCode->MeasureName: 当 MeasureCode='scip-vte-1' 时 MeasureName 多数为 'surgery patients whose doctors ordered treatments to prevent blood clots after certain types of surgeries'(97%, n=36), 但此处为 'surgery pxtients whose doctors ordered trextments to prevent blood clots xfter certxin types of surgeries'",surgery patients whose doctors ordered treatments to prevent blood clots after certain types of surgeries,0.972,stage1,,,
380,MeasureName,heaxt attack patients given aspixin at dischaxge,VAD,fd:MeasureCode->MeasureName,"违反依赖 MeasureCode->MeasureName: 当 MeasureCode='ami-2' 时 MeasureName 多数为 'heart attack patients given aspirin at discharge'(95%, n=39), 但此处为 'heaxt attack patients given aspixin at dischaxge'",heart attack patients given aspirin at discharge,0.949,stage1,,,
434,MeasureName,heart faxlure patxents gxven ace inhxbxtor or arb for left ventrxcular systolxc dysfunctxon (lvsd),VAD,fd:MeasureCode->MeasureName,"违反依赖 MeasureCode->MeasureName: 当 MeasureCode='hf-3' 时 MeasureName 多数为 'heart failure patients given ace inhibitor or arb for left ventricular systolic dysfunction (lvsd)'(95%, n=41), 但此处为 'heart faxlure patxents gxven ace inhxbxtor or arb for left ventrxcular systolxc dysfunctxon (lvsd)'",heart failure patients given ace inhibitor or arb for left ventricular systolic dysfunction (lvsd),0.951,stage1,,,
447,MeasureName,surgeryxpatientsxneedingxhairxremovedxfromxthexsurgicalxareaxbeforexsurgery& xwhoxhadxhairxremovedxusingxaxsaferxmethodx(electricxclippersxorxhairxremovalxcreamxï¿½cxnotxaxrazor),VAD,fd:MeasureCode->MeasureName,"违反依赖 MeasureCode->MeasureName: 当 MeasureCode='scip-inf-6' 时 MeasureName 多数为 'surgery patients needing hair removed from the surgical area before surgery who had hair removed using a safer method (electric clippers or hair removal cream c not a razor)'(95%, n=37), 但此处为 'surgeryxpatientsxneedingxhairxremovedxfromxthexsurgicalxareaxbeforexsurgery& xwhoxhadxhairxremovedxusingxaxsaferxmethodx(electricxclippersxorxhairxremovalxcreamxï¿½cxnotxaxrazor)'",surgery patients needing hair removed from the surgical area before surgery who had hair removed using a safer method (electric clippers or hair removal cream c not a razor),0.946,stage1,,,
473,MeasureName,heaxt failuxe patients given dischaxge instxuctions,VAD,fd:MeasureCode->MeasureName,"违反依赖 MeasureCode->MeasureName: 当 MeasureCode='hf-1' 时 MeasureName 多数为 'heart failure patients given discharge instructions'(97%, n=36), 但此处为 'heaxt failuxe patients given dischaxge instxuctions'",heart failure patients given discharge instructions,0.972,stage1,,,
493,MeasureName,hxart attack patixnts givxn ace inhibitor or arb for lxft vxntricular systolic dysfunction (lvsd),VAD,fd:MeasureCode->MeasureName,"违反依赖 MeasureCode->MeasureName: 当 MeasureCode='ami-3' 时 MeasureName 多数为 'heart attack patients given ace inhibitor or arb for left ventricular systolic dysfunction (lvsd)'(97%, n=39), 但此处为 'hxart attack patixnts givxn ace inhibitor or arb for lxft vxntricular systolic dysfunction (lvsd)'",heart attack patients given ace inhibitor or arb for left ventricular systolic dysfunction (lvsd),0.974,stage1,,,
507,MeasureName,pneumonix pxtients assessed xnd given influenzx vxccinxtion,VAD,fd:MeasureCode->MeasureName,"违反依赖 MeasureCode->MeasureName: 当 MeasureCode='pn-7' 时 MeasureName 多数为 'pneumonia patients assessed and given influenza vaccination'(90%, n=40), 但此处为 'pneumonix pxtients assessed xnd given influenzx vxccinxtion'",pneumonia patients assessed and given influenza vaccination,0.9,stage1,,,
532,MeasureName,pxeumoxia patiexts assessed axd givex ixfluexza vaccixatiox,VAD,fd:MeasureCode->MeasureName,"违反依赖 MeasureCode->MeasureName: 当 MeasureCode='pn-7' 时 MeasureName 多数为 'pneumonia patients assessed and given influenza vaccination'(90%, n=40), 但此处为 'pxeumoxia patiexts assessed axd givex ixfluexza vaccixatiox'",pneumonia patients assessed and given influenza vaccination,0.9,stage1,,,
545,MeasureName,heaxt attack patients given beta blockex at dischaxge,VAD,fd:MeasureCode->MeasureName,"违反依赖 MeasureCode->MeasureName: 当 MeasureCode='ami-5' 时 MeasureName 多数为 'heart attack patients given beta blocker at discharge'(97%, n=39), 但此处为 'heaxt attack patients given beta blockex at dischaxge'",heart attack patients given beta blocker at discharge,0.974,stage1,,,
562,MeasureName,allxheartxsurgeryxpatientsxwhosexbloodxsugarx(bloodxglucose)xisxkeptxunderxgoodxcontrolxinxthexdaysxrightxafterxsurgery,VAD,fd:MeasureCode->MeasureName,"违反依赖 MeasureCode->MeasureName: 当 MeasureCode='scip-inf-4' 时 MeasureName 多数为 'all heart surgery patients whose blood sugar (blood glucose) is kept under good control in the days right after surgery'(92%, n=36), 但此处为 'allxheartxsurgeryxpatientsxwhosexbloodxsugarx(bloodxglucose)xisxkeptxunderxgoodxcontrolxinxthexdaysxrightxafterxsurgery'",all heart surgery patients whose blood sugar (blood glucose) is kept under good control in the days right after surgery,0.917,stage1,,,
612,MeasureName,all heaxt suxgexy patients whose blood sugax (blood glucose) is kept undex good contxol in the days xight aftex suxgexy,VAD,fd:MeasureCode->MeasureName,"违反依赖 MeasureCode->MeasureName: 当 MeasureCode='scip-inf-4' 时 MeasureName 多数为 'all heart surgery patients whose blood sugar (blood glucose) is kept under good control in the days right after surgery'(92%, n=36), 但此处为 'all heaxt suxgexy patients whose blood sugax (blood glucose) is kept undex good contxol in the days xight aftex suxgexy'",all heart surgery patients whose blood sugar (blood glucose) is kept under good control in the days right after surgery,0.917,stage1,,,
651,MeasureName,heart faxlure patxents gxven smokxng cessatxon advxce/counselxng,VAD,fd:MeasureCode->MeasureName,"违反依赖 MeasureCode->MeasureName: 当 MeasureCode='hf-4' 时 MeasureName 多数为 'heart failure patients given smoking cessation advice/counseling'(92%, n=40), 但此处为 'heart faxlure patxents gxven smokxng cessatxon advxce/counselxng'",heart failure patients given smoking cessation advice/counseling,0.925,stage1,,,
672,MeasureName,heartxattackxpatientsxgivenxpcixwithinx90xminutesxofxarrival,VAD,fd:MeasureCode->MeasureName,"违反依赖 MeasureCode->MeasureName: 当 MeasureCode='ami-8a' 时 MeasureName 多数为 'heart attack patients given pci within 90 minutes of arrival'(97%, n=39), 但此处为 'heartxattackxpatientsxgivenxpcixwithinx90xminutesxofxarrival'",heart attack patients given pci within 90 minutes of arrival,0.974,stage1,,,
705,MeasureName,pxeumoxia patiexts givex ixitial axtibiotic(s) withix 6 hours after arrival,VAD,fd:MeasureCode->MeasureName,"违反依赖 MeasureCode->MeasureName: 当 MeasureCode='pn-5c' 时 MeasureName 多数为 'pneumonia patients given initial antibiotic(s) within 6 hours after arrival'(95%, n=38), 但此处为 'pxeumoxia patiexts givex ixitial axtibiotic(s) withix 6 hours after arrival'",pneumonia patients given initial antibiotic(s) within 6 hours after arrival,0.947,stage1,,,
706,MeasureName,pxeumoxia patiexts givex the most appropriate ixitial axtibiotic(s),VAD,fd:MeasureCode->MeasureName,"违反依赖 MeasureCode->MeasureName: 当 MeasureCode='pn-6' 时 MeasureName 多数为 'pneumonia patients given the most appropriate initial antibiotic(s)'(97%, n=39), 但此处为 'pxeumoxia patiexts givex the most appropriate ixitial axtibiotic(s)'",pneumonia patients given the most appropriate initial antibiotic(s),0.974,stage1,,,
713,MeasureName,surgery paxienxs needing hair removed from xhe surgical area before surgery who had hair removed using a safer mexhod (elecxric clippers or hair removal cream c nox a razor),VAD,fd:MeasureCode->MeasureName,"违反依赖 MeasureCode->MeasureName: 当 MeasureCode='scip-inf-6' 时 MeasureName 多数为 'surgery patients needing hair removed from the surgical area before surgery who had hair removed using a safer method (electric clippers or hair removal cream c not a razor)'(95%, n=37), 但此处为 'surgery paxienxs needing hair removed from xhe surgical area before surgery who had hair removed using a safer mexhod (elecxric clippers or hair removal cream c nox a razor)'",surgery patients needing hair removed from the surgical area before surgery who had hair removed using a safer method (electric clippers or hair removal cream c not a razor),0.946,stage1,,,
785,MeasureName,heaxt failuxe patients given an evaluation of left ventxiculax systolic (lvs) function,VAD,fd:MeasureCode->MeasureName,"违反依赖 MeasureCode->MeasureName: 当 MeasureCode='hf-2' 时 MeasureName 多数为 'heart failure patients given an evaluation of left ventricular systolic (lvs) function'(97%, n=39), 但此处为 'heaxt failuxe patients given an evaluation of left ventxiculax systolic (lvs) function'",heart failure patients given an evaluation of left ventricular systolic (lvs) function,0.974,stage1,,,
816,MeasureName,pneumonix pxtients given initixl antibiotic(s) within 6 hours after arrivxl,VAD,fd:MeasureCode->MeasureName,"违反依赖 MeasureCode->MeasureName: 当 MeasureCode='pn-5c' 时 MeasureName 多数为 'pneumonia patients given initial antibiotic(s) within 6 hours after arrival'(95%, n=38), 但此处为 'pneumonix pxtients given initixl antibiotic(s) within 6 hours after arrivxl'",pneumonia patients given initial antibiotic(s) within 6 hours after arrival,0.947,stage1,,,
915,MeasureName,hearx failure paxienxs given smoking cessaxion advice/counseling,VAD,fd:MeasureCode->MeasureName,"违反依赖 MeasureCode->MeasureName: 当 MeasureCode='hf-4' 时 MeasureName 多数为 'heart failure patients given smoking cessation advice/counseling'(92%, n=40), 但此处为 'hearx failure paxienxs given smoking cessaxion advice/counseling'",heart failure patients given smoking cessation advice/counseling,0.925,stage1,,,
997,MeasureName,surgery pxtients who were txking hexrt drugs cxlled betx blockers before coming to the hospitxl who were kept on the betx blockers during the period just before xnd xfter their surgery,VAD,fd:MeasureCode->MeasureName,"违反依赖 MeasureCode->MeasureName: 当 MeasureCode='scip-card-2' 时 MeasureName 多数为 'surgery patients who were taking heart drugs called beta blockers before coming to the hospital who were kept on the beta blockers during the period just before and after their surgery'(92%, n=40), 但此处为 'surgery pxtients who were txking hexrt drugs cxlled betx blockers before coming to the hospitxl who were kept on the betx blockers during the period just before xnd xfter their surgery'",surgery patients who were taking heart drugs called beta blockers before coming to the hospital who were kept on the beta blockers during the period just before and after their surgery,0.925,stage1,,,
193,Stateavg,al_scix-vte-2,VAD,fd:MeasureCode->Stateavg,"违反依赖 MeasureCode->Stateavg: 当 MeasureCode='scip-vte-2' 时 Stateavg 多数为 'al_scip-vte-2'(92%, n=39), 但此处为 'al_scix-vte-2'",al_scip-vte-2,0.923,stage1,,,
387,Stateavg,al_hx-2,VAD,fd:MeasureCode->Stateavg,"违反依赖 MeasureCode->Stateavg: 当 MeasureCode='hf-2' 时 Stateavg 多数为 'al_hf-2'(95%, n=39), 但此处为 'al_hx-2'",al_hf-2,0.949,stage1,,,
555,Stateavg,al_pn-5x,VAD,fd:MeasureCode->Stateavg,"违反依赖 MeasureCode->Stateavg: 当 MeasureCode='pn-5c' 时 Stateavg 多数为 'al_pn-5c'(95%, n=38), 但此处为 'al_pn-5x'",al_pn-5c,0.947,stage1,,,
721,Stateavg,al_amx-7a,VAD,fd:MeasureCode->Stateavg,"违反依赖 MeasureCode->Stateavg: 当 MeasureCode='ami-7a' 时 Stateavg 多数为 'al_ami-7a'(95%, n=39), 但此处为 'al_amx-7a'",al_ami-7a,0.949,stage1,,,
764,Stateavg,al_scix-vte-1,VAD,fd:MeasureCode->Stateavg,"违反依赖 MeasureCode->Stateavg: 当 MeasureCode='scip-vte-1' 时 Stateavg 多数为 'al_scip-vte-1'(92%, n=36), 但此处为 'al_scix-vte-1'",al_scip-vte-1,0.917,stage1,,,
97,MeasureCode,axi-4,VAD,fd:MeasureName->MeasureCode,"违反依赖 MeasureName->MeasureCode: 当 MeasureName='heart attack patients given smoking cessation advice/counseling' 时 MeasureCode 多数为 'ami-4'(95%, n=40), 但此处为 'axi-4'",ami-4,0.95,stage1,,,
120,MeasureCode,axi-2,VAD,fd:MeasureName->MeasureCode,"违反依赖 MeasureName->MeasureCode: 当 MeasureName='heart attack patients given aspirin at discharge' 时 MeasureCode 多数为 'ami-2'(95%, n=39), 但此处为 'axi-2'",ami-2,0.949,stage1,,,
190,MeasureCode,scip-inx-4,VAD,fd:MeasureName->MeasureCode,"违反依赖 MeasureName->MeasureCode: 当 MeasureName='all heart surgery patients whose blood sugar (blood glucose) is kept under good control in the days right after surgery' 时 MeasureCode 多数为 'scip-inf-4'(97%, n=34), 但此处为 'scip-inx-4'",scip-inf-4,0.971,stage1,,,
464,MeasureCode,sxip-vte-1,VAD,fd:MeasureName->MeasureCode,"违反依赖 MeasureName->MeasureCode: 当 MeasureName='surgery patients whose doctors ordered treatments to prevent blood clots after certain types of surgeries' 时 MeasureCode 多数为 'scip-vte-1'(95%, n=37), 但此处为 'sxip-vte-1'",scip-vte-1,0.946,stage1,,,
639,MeasureCode,scip-vtx-1,VAD,fd:MeasureName->MeasureCode,"违反依赖 MeasureName->MeasureCode: 当 MeasureName='surgery patients whose doctors ordered treatments to prevent blood clots after certain types of surgeries' 时 MeasureCode 多数为 'scip-vte-1'(95%, n=37), 但此处为 'scip-vtx-1'",scip-vte-1,0.946,stage1,,,
694,MeasureCode,amx-4,VAD,fd:MeasureName->MeasureCode,"违反依赖 MeasureName->MeasureCode: 当 MeasureName='heart attack patients given smoking cessation advice/counseling' 时 MeasureCode 多数为 'ami-4'(95%, n=40), 但此处为 'amx-4'",ami-4,0.95,stage1,,,
718,MeasureCode,amx-3,VAD,fd:MeasureName->MeasureCode,"违反依赖 MeasureName->MeasureCode: 当 MeasureName='heart attack patients given ace inhibitor or arb for left ventricular systolic dysfunction (lvsd)' 时 MeasureCode 多数为 'ami-3'(97%, n=39), 但此处为 'amx-3'",ami-3,0.974,stage1,,,
729,MeasureCode,px-4,VAD,fd:MeasureName->MeasureCode,"违反依赖 MeasureName->MeasureCode: 当 MeasureName='pneumonia patients given smoking cessation advice/counseling' 时 MeasureCode 多数为 'pn-4'(95%, n=40), 但此处为 'px-4'",pn-4,0.95,stage1,,,
735,MeasureCode,scix-inf-2,VAD,fd:MeasureName->MeasureCode,"违反依赖 MeasureName->MeasureCode: 当 MeasureName='surgery patients who were given the  right kind  of antibiotic to help prevent infection' 时 MeasureCode 多数为 'scip-inf-2'(97%, n=39), 但此处为 'scix-inf-2'",scip-inf-2,0.974,stage1,,,
749,MeasureCode,hx-2,VAD,fd:MeasureName->MeasureCode,"违反依赖 MeasureName->MeasureCode: 当 MeasureName='heart failure patients given an evaluation of left ventricular systolic (lvs) function' 时 MeasureCode 多数为 'hf-2'(95%, n=40), 但此处为 'hx-2'",hf-2,0.95,stage1,,,
865,MeasureCode,px-4,VAD,fd:MeasureName->MeasureCode,"违反依赖 MeasureName->MeasureCode: 当 MeasureName='pneumonia patients given smoking cessation advice/counseling' 时 MeasureCode 多数为 'pn-4'(95%, n=40), 但此处为 'px-4'",pn-4,0.95,stage1,,,
1,ProviderNumber,10018,DIST,,,10033,,stage2,20.723094940185547,20.723094940185547,categorical
2,ProviderNumber,10018,DIST,,,10011,,stage2,20.722944259643555,20.722944259643555,categorical
4,ProviderNumber,10018,DIST,,,10033,,stage2,20.723241806030273,20.723241806030273,categorical
5,ProviderNumber,10018,DIST,,,10033,,stage2,20.723241806030273,20.723241806030273,categorical
295,ProviderNumber,10018,DIST,,,10011,,stage2,20.7227783203125,20.7227783203125,categorical
297,ProviderNumber,10018,DIST,,,10011,,stage2,20.72293472290039,20.72293472290039,categorical
298,ProviderNumber,10018,DIST,,,10011,,stage2,20.722719192504883,20.722719192504883,categorical
300,ProviderNumber,10018,DIST,,,10011,,stage2,20.722965240478516,20.722965240478516,categorical
303,ProviderNumber,10018,DIST,,,10011,,stage2,20.722715377807617,20.722715377807617,categorical
305,ProviderNumber,10018,DIST,,,10033,,stage2,20.722911834716797,20.722911834716797,categorical
1,HospitalName,callahan eye foundation hospital,DIST,,,university of alabama hospital,,stage2,20.72324562072754,20.72324562072754,categorical
4,HospitalName,callahan eye foundation hospital,DIST,,,university of alabama hospital,,stage2,20.723251342773438,20.723251342773438,categorical
5,HospitalName,callahan eye foundation hospital,DIST,,,university of alabama hospital,,stage2,20.723255157470703,20.723255157470703,categorical
295,HospitalName,callahan eye foundation hospital,DIST,,,st vincents east,,stage2,20.723217010498047,20.723217010498047,categorical
298,HospitalName,callahan eye foundation hospital,DIST,,,st vincents east,,stage2,20.723133087158203,20.723133087158203,categorical
300,HospitalName,callahan eye foundation hospital,DIST,,,st vincents east,,stage2,20.723102569580078,20.723102569580078,categorical
305,HospitalName,callahan eye foundation hospital,DIST,,,university of alabama hospital,,stage2,20.723186492919922,20.723186492919922,categorical
310,HospitalName,callahan eye foundation hospital,DIST,,,university of alabama hospital,,stage2,20.723127365112305,20.723127365112305,categorical
903,HospitalName,rivxrvixw rxgional mxdical cxntxr,DIST,,,riverview regional medical center,,stage2,20.72321128845215,20.72321128845215,categorical
921,HospitalName,xivexview xegional medical centex,DIST,,,riverview regional medical center,,stage2,20.723264694213867,20.723264694213867,categorical
1,Address,1720 university blvd,DIST,,,619 south 19th street,,stage2,20.723255157470703,20.723255157470703,categorical
4,Address,1720 university blvd,DIST,,,619 south 19th street,,stage2,20.72325897216797,20.72325897216797,categorical
5,Address,1720 university blvd,DIST,,,619 south 19th street,,stage2,20.723262786865234,20.723262786865234,categorical
297,Address,1720 university blvd,DIST,,,619 south 19th street,,stage2,20.723255157470703,20.723255157470703,categorical
298,Address,1720 university blvd,DIST,,,50 medical park east drive,,stage2,20.723257064819336,20.723257064819336,categorical
299,Address,1720 university blvd,DIST,,,101 hospital circle,,stage2,20.723251342773438,20.723251342773438,categorical
301,Address,1720 university blvd,DIST,,,50 medical park east drive,,stage2,20.723251342773438,20.723251342773438,categorical
302,Address,1720 university blvd,DIST,,,50 medical park east drive,,stage2,20.723255157470703,20.723255157470703,categorical
304,Address,1720 university blvd,DIST,,,50 medical park east drive,,stage2,20.72325325012207,20.72325325012207,categorical
305,Address,1720 university blvd,DIST,,,619 south 19th street,,stage2,20.723243713378906,20.723243713378906,categorical
432,City,anchorage,DIST,,,gadsden,,stage2,20.349956512451172,20.349956512451172,categorical
436,City,anchorage,DIST,,,thomasville,,stage2,20.20025634765625,20.20025634765625,categorical
438,City,anchorage,DIST,,,dothan,,stage2,20.243595123291016,20.243595123291016,categorical
441,City,anchorage,DIST,,,dothan,,stage2,20.335777282714844,20.335777282714844,categorical
442,City,anchorage,DIST,,,gadsden,,stage2,20.497404098510742,20.497404098510742,categorical
443,City,anchorage,DIST,,,dothan,,stage2,20.706655502319336,20.706655502319336,categorical
444,City,anchorage,DIST,,,dothan,,stage2,20.699026107788086,20.699026107788086,categorical
445,City,anchorage,DIST,,,dothan,,stage2,20.718942642211914,20.718942642211914,categorical
446,City,anchorage,DIST,,,gadsden,,stage2,20.385040283203125,20.385040283203125,categorical
447,City,anchorage,DIST,,,dothan,,stage2,20.71195411682129,20.71195411682129,categorical
432,State,ak,DIST,,,al,,stage2,20.7232666015625,20.7232666015625,categorical
435,State,ak,DIST,,,al,,stage2,20.7232666015625,20.7232666015625,categorical
443,State,ak,DIST,,,al,,stage2,20.7232666015625,20.7232666015625,categorical
444,State,ak,DIST,,,al,,stage2,20.7232666015625,20.7232666015625,categorical
445,State,ak,DIST,,,al,,stage2,20.7232666015625,20.7232666015625,categorical
447,State,ak,DIST,,,al,,stage2,20.7232666015625,20.7232666015625,categorical
432,ZipCode,99508,DIST,,,36049,,stage2,20.00285530090332,20.00285530090332,categorical
433,ZipCode,99508,DIST,,,35903,,stage2,19.992464065551758,19.992464065551758,categorical
442,ZipCode,99508,DIST,,,35903,,stage2,20.418567657470703,20.418567657470703,categorical
443,ZipCode,99508,DIST,,,36305,,stage2,20.719900131225586,20.719900131225586,categorical
444,ZipCode,99508,DIST,,,36305,,stage2,20.715496063232422,20.715496063232422,categorical
445,ZipCode,99508,DIST,,,36305,,stage2,20.720003128051758,20.720003128051758,categorical
446,ZipCode,99508,DIST,,,35903,,stage2,20.389636993408203,20.389636993408203,categorical
447,ZipCode,99508,DIST,,,36305,,stage2,20.721593856811523,20.721593856811523,categorical
448,ZipCode,99508,DIST,,,35653,,stage2,20.13150978088379,20.13150978088379,categorical
449,ZipCode,99508,DIST,,,35609,,stage2,20.090665817260742,20.090665817260742,categorical
432,CountyName,anchorage,DIST,,,morgan,,stage2,20.30632781982422,20.30632781982422,categorical
433,CountyName,anchorage,DIST,,,etowah,,stage2,20.305316925048828,20.305316925048828,categorical
435,CountyName,anchorage,DIST,,,morgan,,stage2,20.40308952331543,20.40308952331543,categorical
436,CountyName,anchorage,DIST,,,marion,,stage2,20.332786560058594,20.332786560058594,categorical
442,CountyName,anchorage,DIST,,,jefferson,,stage2,20.506710052490234,20.506710052490234,categorical
443,CountyName,anchorage,DIST,,,houston,,stage2,20.720609664916992,20.720609664916992,categorical
444,CountyName,anchorage,DIST,,,houston,,stage2,20.715734481811523,20.715734481811523,categorical
445,CountyName,anchorage,DIST,,,houston,,stage2,20.721479415893555,20.721479415893555,categorical
446,CountyName,anchorage,DIST,,,jefferson,,stage2,20.538700103759766,20.538700103759766,categorical
447,CountyName,anchorage,DIST,,,houston,,stage2,20.720474243164062,20.720474243164062,categorical
1,PhoneNumber,2053258100,DIST,,,2059344011,,stage2,20.723247528076172,20.723247528076172,categorical
4,PhoneNumber,2053258100,DIST,,,2059344011,,stage2,20.72325325012207,20.72325325012207,categorical
5,PhoneNumber,2053258100,DIST,,,2059344011,,stage2,20.723251342773438,20.723251342773438,categorical
301,PhoneNumber,2053258100,DIST,,,2058383122,,stage2,20.72324562072754,20.72324562072754,categorical
302,PhoneNumber,2053258100,DIST,,,2058383122,,stage2,20.723237991333008,20.723237991333008,categorical
303,PhoneNumber,2053258100,DIST,,,2058383122,,stage2,20.723255157470703,20.723255157470703,categorical
304,PhoneNumber,2053258100,DIST,,,2058383122,,stage2,20.72325897216797,20.72325897216797,categorical
305,PhoneNumber,2053258100,DIST,,,2059344011,,stage2,20.723257064819336,20.723257064819336,categorical
308,PhoneNumber,2053258100,DIST,,,2059344011,,stage2,20.72321891784668,20.72321891784668,categorical
310,PhoneNumber,2053258100,DIST,,,2059344011,,stage2,20.723228454589844,20.723228454589844,categorical
3,HospitalOwner,voluntary non-profit - private,DIST,,,government - hospital district or authority,,stage2,3.600051164627075,3.600051164627075,categorical
297,HospitalOwner,voluntary non-profit - private,DIST,,,government - state,,stage2,5.491824150085449,5.491824150085449,categorical
298,HospitalOwner,voluntary non-profit - private,DIST,,,government - hospital district or authority,,stage2,3.7040562629699707,3.7040562629699707,categorical
309,HospitalOwner,voluntary non-profit - private,DIST,,,government - state,,stage2,3.534177303314209,3.534177303314209,categorical
310,HospitalOwner,voluntary non-profit - private,DIST,,,government - state,,stage2,3.330906629562378,3.330906629562378,categorical
415,HospitalOwner,voluntary non-profit - other,DIST,,,voluntary non-profit - private,,stage2,4.442408084869385,4.442408084869385,categorical
439,HospitalOwner,proprietary,DIST,,,government - hospital district or authority,,stage2,4.369312763214111,4.369312763214111,categorical
442,HospitalOwner,proprietary,DIST,,,voluntary non-profit - private,,stage2,3.7845489978790283,3.7845489978790283,categorical
450,HospitalOwner,government - federal,DIST,,,government - hospital district or authority,,stage2,7.067339897155762,7.067339897155762,categorical
451,HospitalOwner,government - federal,DIST,,,voluntary non-profit - private,,stage2,7.511147499084473,7.511147499084473,categorical
113,EmergencyService,no,DIST,,,yes,,stage2,0.7608479261398315,0.7608479261398315,categorical
417,EmergencyService,no,DIST,,,yes,,stage2,3.691521644592285,3.691521644592285,categorical
450,EmergencyService,no,DIST,,,yes,,stage2,2.373016357421875,2.373016357421875,categorical
451,EmergencyService,no,DIST,,,yes,,stage2,3.996551036834717,3.996551036834717,categorical
644,EmergencyService,no,DIST,,,yes,,stage2,3.3936660289764404,3.3936660289764404,categorical
660,EmergencyService,no,DIST,,,yes,,stage2,2.0544521808624268,2.0544521808624268,categorical
710,EmergencyService,no,DIST,,,yes,,stage2,3.82429575920105,3.82429575920105,categorical
744,EmergencyService,no,DIST,,,yes,,stage2,2.2149624824523926,2.2149624824523926,categorical
933,EmergencyService,no,DIST,,,yes,,stage2,4.579669952392578,4.579669952392578,categorical
949,EmergencyService,no,DIST,,,yes,,stage2,2.933806896209717,2.933806896209717,categorical
244,Condition,heart attack,DIST,,,pneumonia,,stage2,5.603119850158691,5.603119850158691,categorical
249,Condition,heart attack,DIST,,,surgical infection prevention,,stage2,9.055052757263184,9.055052757263184,categorical
250,Condition,heart attack,DIST,,,surgical infection prevention,,stage2,7.089908123016357,7.089908123016357,categorical
493,Condition,heart attack,DIST,,,heart failure,,stage2,4.583958625793457,4.583958625793457,categorical
494,Condition,heart attack,DIST,,,heart failure,,stage2,5.6671600341796875,5.6671600341796875,categorical
495,Condition,heart attack,DIST,,,heart failure,,stage2,3.8625545501708984,3.8625545501708984,categorical
496,Condition,heart attack,DIST,,,surgical infection prevention,,stage2,9.467144012451172,9.467144012451172,categorical
497,Condition,heart attack,DIST,,,surgical infection prevention,,stage2,7.555555820465088,7.555555820465088,categorical
596,Condition,heart attack,DIST,,,pneumonia,,stage2,7.165963172912598,7.165963172912598,categorical
597,Condition,heart attack,DIST,,,pneumonia,,stage2,4.626797199249268,4.626797199249268,categorical
311,MeasureCode,cac-2,DIST,,,pn-4,,stage2,20.679285049438477,20.679285049438477,categorical
312,MeasureCode,cac-3,DIST,,,ami-7a,,stage2,20.72282600402832,20.72282600402832,categorical
673,MeasureCode,xf-1,DIST,,,hf-1,,stage2,20.7232666015625,20.7232666015625,categorical
766,MeasureCode,cac-1,DIST,,,ami-8a,,stage2,20.71942901611328,20.71942901611328,categorical
774,MeasureCode,xax-1,DIST,,,ami-8a,,stage2,20.722122192382812,20.722122192382812,categorical
775,MeasureCode,cac-2,DIST,,,ami-8a,,stage2,20.721900939941406,20.721900939941406,categorical
776,MeasureCode,cac-3,DIST,,,scip-card-2,,stage2,20.723236083984375,20.723236083984375,categorical
902,MeasureCode,cac-1,DIST,,,ami-7a,,stage2,20.693693161010742,20.693693161010742,categorical
903,MeasureCode,cac-2,DIST,,,ami-7a,,stage2,20.709875106811523,20.709875106811523,categorical
904,MeasureCode,cac-3,DIST,,,ami-7a,,stage2,20.72208023071289,20.72208023071289,categorical
311,MeasureName,children who received systemic corticosteroid medication (oral and iv medication that reduces inflammation and controls symptoms) while hospitalized for asthma,DIST,,,pneumonia patients given smoking cessation advice/counseling,,stage2,20.605621337890625,20.605621337890625,categorical
312,MeasureName,children and their caregivers who received a home management plan of care document while hospitalized for asthma,DIST,,,heart attack patients given fibrinolytic medication within 30 minutes of arrival,,stage2,20.72304916381836,20.72304916381836,categorical
546,MeasureName,heart attack patients given fibrinolytic medication within 30 minutes of arrival,DIST,,,hexrt attxck pxtients given aspirin xt arrivxl,,stage2,12.73197078704834,12.73197078704834,categorical
766,MeasureName,children who received reliever medication while hospitalized for asthma,DIST,,,heart attack patients given pci within 90 minutes of arrival,,stage2,20.67464828491211,20.67464828491211,categorical
774,MeasureName,children who received reliever medication while hospitalized for asthma,DIST,,,pneumonia patients given smoking cessation advice/counseling,,stage2,20.717004776000977,20.717004776000977,categorical
775,MeasureName,children who received systemic corticosteroid medication (oral and iv medication that reduces inflammation and controls symptoms) while hospitalized for asthma,DIST,,,pneumonia patients given smoking cessation advice/counseling,,stage2,20.71988296508789,20.71988296508789,categorical
776,MeasureName,children and their caregivers who received a home management plan of care document while hospitalized for asthma,DIST,,,surgery patients who were taking heart drugs called beta blockers before coming to the hospital who were kept on the beta blockers during the period just before and after their surgery,,stage2,20.723257064819336,20.723257064819336,categorical
902,MeasureName,childrenxwhoxreceivedxrelieverxmedicationxwhilexhospitalizedxforxasthma,DIST,,,heart attack patients given fibrinolytic medication within 30 minutes of arrival,,stage2,20.628273010253906,20.628273010253906,categorical
903,MeasureName,children who received systemic corticosteroid medication (oral and iv medication that reduces inflammation and controls symptoms) while hospitalized for asthma,DIST,,,heart attack patients given fibrinolytic medication within 30 minutes of arrival,,stage2,20.646839141845703,20.646839141845703,categorical
904,MeasureName,children and their caregivers who received a home management plan of care document while hospitalized for asthma,DIST,,,heart attack patients given fibrinolytic medication within 30 minutes of arrival,,stage2,20.72297477722168,20.72297477722168,categorical
119,Score,0%,DIST,,,56.0577,,stage2,4.671474933624268,4.671474933624268,numeric
136,Score,100%,DIST,,,48.8479,,stage2,4.262674808502197,4.262674808502197,numeric
224,Score,100%,DIST,,,44.9002,,stage2,4.591650009155273,4.591650009155273,numeric
225,Score,40%,DIST,,,92.9638,,stage2,4.4136457443237305,4.4136457443237305,numeric
312,Score,33%,DIST,,,95.1879,,stage2,5.182323455810547,5.182323455810547,numeric
509,Score,0%,DIST,,,67.6042,,stage2,5.633681297302246,5.633681297302246,numeric
511,Score,0%,DIST,,,78.8652,,stage2,6.572103977203369,6.572103977203369,numeric
776,Score,14%,DIST,,,99.009,,stage2,7.084079265594482,7.084079265594482,numeric
879,Score,0%,DIST,,,62.2691,,stage2,5.189088821411133,5.189088821411133,numeric
342,Sample,957 patients,DIST,,,636.992,,stage2,2.370431423187256,2.370431423187256,numeric
345,Sample,1295 patients,DIST,,,906.118,,stage2,2.880603790283203,2.880603790283203,numeric
447,Sample,690 patients,DIST,,,341.65,,stage2,2.580371379852295,2.580371379852295,numeric
559,Sample,844 patients,DIST,,,488.051,,stage2,2.6366612911224365,2.6366612911224365,numeric
621,Sample,0 patients,DIST,,,286.645,,stage2,2.1232948303222656,2.1232948303222656,numeric
634,Sample,1001 patients,DIST,,,714.373,,stage2,2.123166561126709,2.123166561126709,numeric
635,Sample,1016 patients,DIST,,,731.22,,stage2,2.109477996826172,2.109477996826172,numeric
638,Sample,1421 patients,DIST,,,941.635,,stage2,3.5508551597595215,3.5508551597595215,numeric
674,Sample,681 patients,DIST,,,345.373,,stage2,2.4861273765563965,2.4861273765563965,numeric
849,Sample,5 patients,DIST,,,318.294,,stage2,2.320697069168091,2.320697069168091,numeric
311,Stateavg,al_cac-2,DIST,,,al_scip-inf-6,,stage2,20.696311950683594,20.696311950683594,categorical
312,Stateavg,al_cac-3,DIST,,,al_ami-7a,,stage2,20.72027015686035,20.72027015686035,categorical
546,Stateavg,al_ami-7a,DIST,,,al_ami-3,,stage2,12.080659866333008,12.080659866333008,categorical
766,Stateavg,al_cac-1,DIST,,,al_scip-inf-6,,stage2,20.716285705566406,20.716285705566406,categorical
774,Stateavg,al_cac-1,DIST,,,al_scip-vte-2,,stage2,20.721471786499023,20.721471786499023,categorical
775,Stateavg,al_cac-2,DIST,,,al_scip-vte-2,,stage2,20.72088623046875,20.72088623046875,categorical
776,Stateavg,al_cac-3,DIST,,,al_scip-card-2,,stage2,20.723255157470703,20.723255157470703,categorical
902,Stateavg,al_cac-1,DIST,,,al_ami-7a,,stage2,20.69141960144043,20.69141960144043,categorical
903,Stateavg,al_cac-2,DIST,,,al_ami-7a,,stage2,20.705730438232422,20.705730438232422,categorical
904,Stateavg,al_cac-3,DIST,,,al_ami-7a,,stage2,20.69722557067871,20.69722557067871,categorical
