row_id,column,value,error_type,violated_rule,reason,suggested_fix,confidence,source,anomaly_score,col_contribution,subtype
50,sched_dep_time,,MV,missing_value,缺失值：缺失哨兵(空串/NaN/empty 等),,,stage1,,,
52,sched_dep_time,,MV,missing_value,缺失值：缺失哨兵(空串/NaN/empty 等),,,stage1,,,
53,sched_dep_time,,MV,missing_value,缺失值：缺失哨兵(空串/NaN/empty 等),,,stage1,,,
54,sched_dep_time,,MV,missing_value,缺失值：缺失哨兵(空串/NaN/empty 等),,,stage1,,,
55,sched_dep_time,,MV,missing_value,缺失值：缺失哨兵(空串/NaN/empty 等),,,stage1,,,
56,sched_dep_time,,MV,missing_value,缺失值：缺失哨兵(空串/NaN/empty 等),,,stage1,,,
58,sched_dep_time,,MV,missing_value,缺失值：缺失哨兵(空串/NaN/empty 等),,,stage1,,,
59,sched_dep_time,,MV,missing_value,缺失值：缺失哨兵(空串/NaN/empty 等),,,stage1,,,
60,sched_dep_time,,MV,missing_value,缺失值：缺失哨兵(空串/NaN/empty 等),,,stage1,,,
61,sched_dep_time,,MV,missing_value,缺失值：缺失哨兵(空串/NaN/empty 等),,,stage1,,,
63,sched_dep_time,,MV,missing_value,缺失值：缺失哨兵(空串/NaN/empty 等),,,stage1,,,
66,sched_dep_time,,MV,missing_value,缺失值：缺失哨兵(空串/NaN/empty 等),,,stage1,,,
67,sched_dep_time,,MV,missing_value,缺失值：缺失哨兵(空串/NaN/empty 等),,,stage1,,,
68,sched_dep_time,,MV,missing_value,缺失值：缺失哨兵(空串/NaN/empty 等),,,stage1,,,
69,sched_dep_time,,MV,missing_value,缺失值：缺失哨兵(空串/NaN/empty 等),,,stage1,,,
70,sched_dep_time,,MV,missing_value,缺失值：缺失哨兵(空串/NaN/empty 等),,,stage1,,,
73,sched_dep_time,,MV,missing_value,缺失值：缺失哨兵(空串/NaN/empty 等),,,stage1,,,
74,sched_dep_time,,MV,missing_value,缺失值：缺失哨兵(空串/NaN/empty 等),,,stage1,,,
76,sched_dep_time,,MV,missing_value,缺失值：缺失哨兵(空串/NaN/empty 等),,,stage1,,,
77,sched_dep_time,,MV,missing_value,缺失值：缺失哨兵(空串/NaN/empty 等),,,stage1,,,
80,sched_dep_time,,MV,missing_value,缺失值：缺失哨兵(空串/NaN/empty 等),,,stage1,,,
81,sched_dep_time,,MV,missing_value,缺失值：缺失哨兵(空串/NaN/empty 等),,,stage1,,,
82,sched_dep_time,,MV,missing_value,缺失值：缺失哨兵(空串/NaN/empty 等),,,stage1,,,
83,sched_dep_time,,MV,missing_value,缺失值：缺失哨兵(空串/NaN/empty 等),,,stage1,,,
84,sched_dep_time,,MV,missing_value,缺失值：缺失哨兵(空串/NaN/empty 等),,,stage1,,,
85,sched_dep_time,,MV,missing_value,缺失值：缺失哨兵(空串/NaN/empty 等),,,stage1,,,
86,sched_dep_time,,MV,missing_value,缺失值：缺失哨兵(空串/NaN/empty 等),,,stage1,,,
89,sched_dep_time,,MV,missing_value,缺失值：缺失哨兵(空串/NaN/empty 等),,,stage1,,,
90,sched_dep_time,,MV,missing_value,缺失值：缺失哨兵(空串/NaN/empty 等),,,stage1,,,
92,sched_dep_time,,MV,missing_value,缺失值：缺失哨兵(空串/NaN/empty 等),,,stage1,,,
93,sched_dep_time,,MV,missing_value,缺失值：缺失哨兵(空串/NaN/empty 等),,,stage1,,,
94,sched_dep_time,,MV,missing_value,缺失值：缺失哨兵(空串/NaN/empty 等),,,stage1,,,
95,sched_dep_time,,MV,missing_value,缺失值：缺失哨兵(空串/NaN/empty 等),,,stage1,,,
97,sched_dep_time,,MV,missing_value,缺失值：缺失哨兵(空串/NaN/empty 等),,,stage1,,,
99,sched_dep_time,,MV,missing_value,缺失值：缺失哨兵(空串/NaN/empty 等),,,stage1,,,
100,sched_dep_time,,MV,missing_value,缺失值：缺失哨兵(空串/NaN/empty 等),,,stage1,,,
101,sched_dep_time,,MV,missing_value,缺失值：缺失哨兵(空串/NaN/empty 等),,,stage1,,,
102,sched_dep_time,,MV,missing_value,缺失值：缺失哨兵(空串/NaN/empty 等),,,stage1,,,
103,sched_dep_time,,MV,missing_value,缺失值：缺失哨兵(空串/NaN/empty 等),,,stage1,,,
104,sched_dep_time,,MV,missing_value,缺失值：缺失哨兵(空串/NaN/empty 等),,,stage1,,,
105,sched_dep_time,,MV,missing_value,缺失值：缺失哨兵(空串/NaN/empty 等),,,stage1,,,
107,sched_dep_time,,MV,missing_value,缺失值：缺失哨兵(空串/NaN/empty 等),,,stage1,,,
108,sched_dep_time,,MV,missing_value,缺失值：缺失哨兵(空串/NaN/empty 等),,,stage1,,,
109,sched_dep_time,,MV,missing_value,缺失值：缺失哨兵(空串/NaN/empty 等),,,stage1,,,
110,sched_dep_time,,MV,missing_value,缺失值：缺失哨兵(空串/NaN/empty 等),,,stage1,,,
112,sched_dep_time,,MV,missing_value,缺失值：缺失哨兵(空串/NaN/empty 等),,,stage1,,,
113,sched_dep_time,,MV,missing_value,缺失值：缺失哨兵(空串/NaN/empty 等),,,stage1,,,
114,sched_dep_time,,MV,missing_value,缺失值：缺失哨兵(空串/NaN/empty 等),,,stage1,,,
115,sched_dep_time,,MV,missing_value,缺失值：缺失哨兵(空串/NaN/empty 等),,,stage1,,,
116,sched_dep_time,,MV,missing_value,缺失值：缺失哨兵(空串/NaN/empty 等),,,stage1,,,
117,sched_dep_time,,MV,missing_value,缺失值：缺失哨兵(空串/NaN/empty 等),,,stage1,,,
118,sched_dep_time,,MV,missing_value,缺失值：缺失哨兵(空串/NaN/empty 等),,,stage1,,,
119,sched_dep_time,,MV,missing_value,缺失值：缺失哨兵(空串/NaN/empty 等),,,stage1,,,
121,sched_dep_time,,MV,missing_value,缺失值：缺失哨兵(空串/NaN/empty 等),,,stage1,,,
123,sched_dep_time,,MV,missing_value,缺失值：缺失哨兵(空串/NaN/empty 等),,,stage1,,,
124,sched_dep_time,,MV,missing_value,缺失值：缺失哨兵(空串/NaN/empty 等),,,stage1,,,
125,sched_dep_time,,MV,missing_value,缺失值：缺失哨兵(空串/NaN/empty 等),,,stage1,,,
126,sched_dep_time,,MV,missing_value,缺失值：缺失哨兵(空串/NaN/empty 等),,,stage1,,,
127,sched_dep_time,,MV,missing_value,缺失值：缺失哨兵(空串/NaN/empty 等),,,stage1,,,
130,sched_dep_time,,MV,missing_value,缺失值：缺失哨兵(空串/NaN/empty 等),,,stage1,,,
131,sched_dep_time,,MV,missing_value,缺失值：缺失哨兵(空串/NaN/empty 等),,,stage1,,,
132,sched_dep_time,,MV,missing_value,缺失值：缺失哨兵(空串/NaN/empty 等),,,stage1,,,
133,sched_dep_time,,MV,missing_value,缺失值：缺失哨兵(空串/NaN/empty 等),,,stage1,,,
134,sched_dep_time,,MV,missing_value,缺失值：缺失哨兵(空串/NaN/empty 等),,,stage1,,,
136,sched_dep_time,,MV,missing_value,缺失值：缺失哨兵(空串/NaN/empty 等),,,stage1,,,
137,sched_dep_time,,MV,missing_value,缺失值：缺失哨兵(空串/NaN/empty 等),,,stage1,,,
138,sched_dep_time,,MV,missing_value,缺失值：缺失哨兵(空串/NaN/empty 等),,,stage1,,,
139,sched_dep_time,,MV,missing_value,缺失值：缺失哨兵(空串/NaN/empty 等),,,stage1,,,
140,sched_dep_time,,MV,missing_value,缺失值：缺失哨兵(空串/NaN/empty 等),,,stage1,,,
141,sched_dep_time,,MV,missing_value,缺失值：缺失哨兵(空串/NaN/empty 等),,,stage1,,,
143,sched_dep_time,,MV,missing_value,缺失值：缺失哨兵(空串/NaN/empty 等),,,stage1,,,
144,sched_dep_time,,MV,missing_value,缺失值：缺失哨兵(空串/NaN/empty 等),,,stage1,,,
145,sched_dep_time,,MV,missing_value,缺失值：缺失哨兵(空串/NaN/empty 等),,,stage1,,,
147,sched_dep_time,,MV,missing_value,缺失值：缺失哨兵(空串/NaN/empty 等),,,stage1,,,
148,sched_dep_time,,MV,missing_value,缺失值：缺失哨兵(空串/NaN/empty 等),,,stage1,,,
149,sched_dep_time,,MV,missing_value,缺失值：缺失哨兵(空串/NaN/empty 等),,,stage1,,,
151,sched_dep_time,,MV,missing_value,缺失值：缺失哨兵(空串/NaN/empty 等),,,stage1,,,
154,sched_dep_time,,MV,missing_value,缺失值：缺失哨兵(空串/NaN/empty 等),,,stage1,,,
158,sched_dep_time,,MV,missing_value,缺失值：缺失哨兵(空串/NaN/empty 等),,,stage1,,,
159,sched_dep_time,,MV,missing_value,缺失值：缺失哨兵(空串/NaN/empty 等),,,stage1,,,
161,sched_dep_time,,MV,missing_value,缺失值：缺失哨兵(空串/NaN/empty 等),,,stage1,,,
162,sched_dep_time,,MV,missing_value,缺失值：缺失哨兵(空串/NaN/empty 等),,,stage1,,,
164,sched_dep_time,,MV,missing_value,缺失值：缺失哨兵(空串/NaN/empty 等),,,stage1,,,
165,sched_dep_time,,MV,missing_value,缺失值：缺失哨兵(空串/NaN/empty 等),,,stage1,,,
167,sched_dep_time,,MV,missing_value,缺失值：缺失哨兵(空串/NaN/empty 等),,,stage1,,,
170,sched_dep_time,,MV,missing_value,缺失值：缺失哨兵(空串/NaN/empty 等),,,stage1,,,
171,sched_dep_time,,MV,missing_value,缺失值：缺失哨兵(空串/NaN/empty 等),,,stage1,,,
172,sched_dep_time,,MV,missing_value,缺失值：缺失哨兵(空串/NaN/empty 等),,,stage1,,,
173,sched_dep_time,,MV,missing_value,缺失值：缺失哨兵(空串/NaN/empty 等),,,stage1,,,
175,sched_dep_time,,MV,missing_value,缺失值：缺失哨兵(空串/NaN/empty 等),,,stage1,,,
178,sched_dep_time,,MV,missing_value,缺失值：缺失哨兵(空串/NaN/empty 等),,,stage1,,,
179,sched_dep_time,,MV,missing_value,缺失值：缺失哨兵(空串/NaN/empty 等),,,stage1,,,
182,sched_dep_time,,MV,missing_value,缺失值：缺失哨兵(空串/NaN/empty 等),,,stage1,,,
183,sched_dep_time,,MV,missing_value,缺失值：缺失哨兵(空串/NaN/empty 等),,,stage1,,,
184,sched_dep_time,,MV,missing_value,缺失值：缺失哨兵(空串/NaN/empty 等),,,stage1,,,
187,sched_dep_time,,MV,missing_value,缺失值：缺失哨兵(空串/NaN/empty 等),,,stage1,,,
188,sched_dep_time,,MV,missing_value,缺失值：缺失哨兵(空串/NaN/empty 等),,,stage1,,,
191,sched_dep_time,,MV,missing_value,缺失值：缺失哨兵(空串/NaN/empty 等),,,stage1,,,
196,sched_dep_time,,MV,missing_value,缺失值：缺失哨兵(空串/NaN/empty 等),,,stage1,,,
200,sched_dep_time,,MV,missing_value,缺失值：缺失哨兵(空串/NaN/empty 等),,,stage1,,,
202,sched_dep_time,,MV,missing_value,缺失值：缺失哨兵(空串/NaN/empty 等),,,stage1,,,
204,sched_dep_time,,MV,missing_value,缺失值：缺失哨兵(空串/NaN/empty 等),,,stage1,,,
205,sched_dep_time,,MV,missing_value,缺失值：缺失哨兵(空串/NaN/empty 等),,,stage1,,,
209,sched_dep_time,,MV,missing_value,缺失值：缺失哨兵(空串/NaN/empty 等),,,stage1,,,
216,sched_dep_time,,MV,missing_value,缺失值：缺失哨兵(空串/NaN/empty 等),,,stage1,,,
218,sched_dep_time,,MV,missing_value,缺失值：缺失哨兵(空串/NaN/empty 等),,,stage1,,,
219,sched_dep_time,,MV,missing_value,缺失值：缺失哨兵(空串/NaN/empty 等),,,stage1,,,
222,sched_dep_time,,MV,missing_value,缺失值：缺失哨兵(空串/NaN/empty 等),,,stage1,,,
223,sched_dep_time,,MV,missing_value,缺失值：缺失哨兵(空串/NaN/empty 等),,,stage1,,,
224,sched_dep_time,,MV,missing_value,缺失值：缺失哨兵(空串/NaN/empty 等),,,stage1,,,
225,sched_dep_time,,MV,missing_value,缺失值：缺失哨兵(空串/NaN/empty 等),,,stage1,,,
226,sched_dep_time,,MV,missing_value,缺失值：缺失哨兵(空串/NaN/empty 等),,,stage1,,,
227,sched_dep_time,,MV,missing_value,缺失值：缺失哨兵(空串/NaN/empty 等),,,stage1,,,
233,sched_dep_time,,MV,missing_value,缺失值：缺失哨兵(空串/NaN/empty 等),,,stage1,,,
235,sched_dep_time,,MV,missing_value,缺失值：缺失哨兵(空串/NaN/empty 等),,,stage1,,,
238,sched_dep_time,,MV,missing_value,缺失值：缺失哨兵(空串/NaN/empty 等),,,stage1,,,
242,sched_dep_time,,MV,missing_value,缺失值：缺失哨兵(空串/NaN/empty 等),,,stage1,,,
337,sched_dep_time,,MV,missing_value,缺失值：缺失哨兵(空串/NaN/empty 等),,,stage1,,,
339,sched_dep_time,,MV,missing_value,缺失值：缺失哨兵(空串/NaN/empty 等),,,stage1,,,
340,sched_dep_time,,MV,missing_value,缺失值：缺失哨兵(空串/NaN/empty 等),,,stage1,,,
341,sched_dep_time,,MV,missing_value,缺失值：缺失哨兵(空串/NaN/empty 等),,,stage1,,,
342,sched_dep_time,,MV,missing_value,缺失值：缺失哨兵(空串/NaN/empty 等),,,stage1,,,
343,sched_dep_time,,MV,missing_value,缺失值：缺失哨兵(空串/NaN/empty 等),,,stage1,,,
345,sched_dep_time,,MV,missing_value,缺失值：缺失哨兵(空串/NaN/empty 等),,,stage1,,,
346,sched_dep_time,,MV,missing_value,缺失值：缺失哨兵(空串/NaN/empty 等),,,stage1,,,
347,sched_dep_time,,MV,missing_value,缺失值：缺失哨兵(空串/NaN/empty 等),,,stage1,,,
348,sched_dep_time,,MV,missing_value,缺失值：缺失哨兵(空串/NaN/empty 等),,,stage1,,,
350,sched_dep_time,,MV,missing_value,缺失值：缺失哨兵(空串/NaN/empty 等),,,stage1,,,
353,sched_dep_time,,MV,missing_value,缺失值：缺失哨兵(空串/NaN/empty 等),,,stage1,,,
354,sched_dep_time,,MV,missing_value,缺失值：缺失哨兵(空串/NaN/empty 等),,,stage1,,,
355,sched_dep_time,,MV,missing_value,缺失值：缺失哨兵(空串/NaN/empty 等),,,stage1,,,
356,sched_dep_time,,MV,missing_value,缺失值：缺失哨兵(空串/NaN/empty 等),,,stage1,,,
357,sched_dep_time,,MV,missing_value,缺失值：缺失哨兵(空串/NaN/empty 等),,,stage1,,,
360,sched_dep_time,,MV,missing_value,缺失值：缺失哨兵(空串/NaN/empty 等),,,stage1,,,
361,sched_dep_time,,MV,missing_value,缺失值：缺失哨兵(空串/NaN/empty 等),,,stage1,,,
363,sched_dep_time,,MV,missing_value,缺失值：缺失哨兵(空串/NaN/empty 等),,,stage1,,,
364,sched_dep_time,,MV,missing_value,缺失值：缺失哨兵(空串/NaN/empty 等),,,stage1,,,
367,sched_dep_time,,MV,missing_value,缺失值：缺失哨兵(空串/NaN/empty 等),,,stage1,,,
368,sched_dep_time,,MV,missing_value,缺失值：缺失哨兵(空串/NaN/empty 等),,,stage1,,,
369,sched_dep_time,,MV,missing_value,缺失值：缺失哨兵(空串/NaN/empty 等),,,stage1,,,
370,sched_dep_time,,MV,missing_value,缺失值：缺失哨兵(空串/NaN/empty 等),,,stage1,,,
371,sched_dep_time,,MV,missing_value,缺失值：缺失哨兵(空串/NaN/empty 等),,,stage1,,,
372,sched_dep_time,,MV,missing_value,缺失值：缺失哨兵(空串/NaN/empty 等),,,stage1,,,
373,sched_dep_time,,MV,missing_value,缺失值：缺失哨兵(空串/NaN/empty 等),,,stage1,,,
376,sched_dep_time,,MV,missing_value,缺失值：缺失哨兵(空串/NaN/empty 等),,,stage1,,,
377,sched_dep_time,,MV,missing_value,缺失值：缺失哨兵(空串/NaN/empty 等),,,stage1,,,
379,sched_dep_time,,MV,missing_value,缺失值：缺失哨兵(空串/NaN/empty 等),,,stage1,,,
380,sched_dep_time,,MV,missing_value,缺失值：缺失哨兵(空串/NaN/empty 等),,,stage1,,,
381,sched_dep_time,,MV,missing_value,缺失值：缺失哨兵(空串/NaN/empty 等),,,stage1,,,
382,sched_dep_time,,MV,missing_value,缺失值：缺失哨兵(空串/NaN/empty 等),,,stage1,,,
384,sched_dep_time,,MV,missing_value,缺失值：缺失哨兵(空串/NaN/empty 等),,,stage1,,,
386,sched_dep_time,,MV,missing_value,缺失值：缺失哨兵(空串/NaN/empty 等),,,stage1,,,
387,sched_dep_time,,MV,missing_value,缺失值：缺失哨兵(空串/NaN/empty 等),,,stage1,,,
388,sched_dep_time,,MV,missing_value,缺失值：缺失哨兵(空串/NaN/empty 等),,,stage1,,,
389,sched_dep_time,,MV,missing_value,缺失值：缺失哨兵(空串/NaN/empty 等),,,stage1,,,
390,sched_dep_time,,MV,missing_value,缺失值：缺失哨兵(空串/NaN/empty 等),,,stage1,,,
391,sched_dep_time,,MV,missing_value,缺失值：缺失哨兵(空串/NaN/empty 等),,,stage1,,,
392,sched_dep_time,,MV,missing_value,缺失值：缺失哨兵(空串/NaN/empty 等),,,stage1,,,
394,sched_dep_time,,MV,missing_value,缺失值：缺失哨兵(空串/NaN/empty 等),,,stage1,,,
395,sched_dep_time,,MV,missing_value,缺失值：缺失哨兵(空串/NaN/empty 等),,,stage1,,,
396,sched_dep_time,,MV,missing_value,缺失值：缺失哨兵(空串/NaN/empty 等),,,stage1,,,
397,sched_dep_time,,MV,missing_value,缺失值：缺失哨兵(空串/NaN/empty 等),,,stage1,,,
399,sched_dep_time,,MV,missing_value,缺失值：缺失哨兵(空串/NaN/empty 等),,,stage1,,,
400,sched_dep_time,,MV,missing_value,缺失值：缺失哨兵(空串/NaN/empty 等),,,stage1,,,
401,sched_dep_time,,MV,missing_value,缺失值：缺失哨兵(空串/NaN/empty 等),,,stage1,,,
402,sched_dep_time,,MV,missing_value,缺失值：缺失哨兵(空串/NaN/empty 等),,,stage1,,,
403,sched_dep_time,,MV,missing_value,缺失值：缺失哨兵(空串/NaN/empty 等),,,stage1,,,
404,sched_dep_time,,MV,missing_value,缺失值：缺失哨兵(空串/NaN/empty 等),,,stage1,,,
405,sched_dep_time,,MV,missing_value,缺失值：缺失哨兵(空串/NaN/empty 等),,,stage1,,,
406,sched_dep_time,,MV,missing_value,缺失值：缺失哨兵(空串/NaN/empty 等),,,stage1,,,
408,sched_dep_time,,MV,missing_value,缺失值：缺失哨兵(空串/NaN/empty 等),,,stage1,,,
410,sched_dep_time,,MV,missing_value,缺失值：缺失哨兵(空串/NaN/empty 等),,,stage1,,,
411,sched_dep_time,,MV,missing_value,缺失值：缺失哨兵(空串/NaN/empty 等),,,stage1,,,
412,sched_dep_time,,MV,missing_value,缺失值：缺失哨兵(空串/NaN/empty 等),,,stage1,,,
413,sched_dep_time,,MV,missing_value,缺失值：缺失哨兵(空串/NaN/empty 等),,,stage1,,,
414,sched_dep_time,,MV,missing_value,缺失值：缺失哨兵(空串/NaN/empty 等),,,stage1,,,
417,sched_dep_time,,MV,missing_value,缺失值：缺失哨兵(空串/NaN/empty 等),,,stage1,,,
418,sched_dep_time,,MV,missing_value,缺失值：缺失哨兵(空串/NaN/empty 等),,,stage1,,,
419,sched_dep_time,,MV,missing_value,缺失值：缺失哨兵(空串/NaN/empty 等),,,stage1,,,
420,sched_dep_time,,MV,missing_value,缺失值：缺失哨兵(空串/NaN/empty 等),,,stage1,,,
421,sched_dep_time,,MV,missing_value,缺失值：缺失哨兵(空串/NaN/empty 等),,,stage1,,,
423,sched_dep_time,,MV,missing_value,缺失值：缺失哨兵(空串/NaN/empty 等),,,stage1,,,
424,sched_dep_time,,MV,missing_value,缺失值：缺失哨兵(空串/NaN/empty 等),,,stage1,,,
425,sched_dep_time,,MV,missing_value,缺失值：缺失哨兵(空串/NaN/empty 等),,,stage1,,,
426,sched_dep_time,,MV,missing_value,缺失值：缺失哨兵(空串/NaN/empty 等),,,stage1,,,
427,sched_dep_time,,MV,missing_value,缺失值：缺失哨兵(空串/NaN/empty 等),,,stage1,,,
428,sched_dep_time,,MV,missing_value,缺失值：缺失哨兵(空串/NaN/empty 等),,,stage1,,,
430,sched_dep_time,,MV,missing_value,缺失值：缺失哨兵(空串/NaN/empty 等),,,stage1,,,
431,sched_dep_time,,MV,missing_value,缺失值：缺失哨兵(空串/NaN/empty 等),,,stage1,,,
432,sched_dep_time,,MV,missing_value,缺失值：缺失哨兵(空串/NaN/empty 等),,,stage1,,,
434,sched_dep_time,,MV,missing_value,缺失值：缺失哨兵(空串/NaN/empty 等),,,stage1,,,
435,sched_dep_time,,MV,missing_value,缺失值：缺失哨兵(空串/NaN/empty 等),,,stage1,,,
436,sched_dep_time,,MV,missing_value,缺失值：缺失哨兵(空串/NaN/empty 等),,,stage1,,,
438,sched_dep_time,,MV,missing_value,缺失值：缺失哨兵(空串/NaN/empty 等),,,stage1,,,
441,sched_dep_time,,MV,missing_value,缺失值：缺失哨兵(空串/NaN/empty 等),,,stage1,,,
445,sched_dep_time,,MV,missing_value,缺失值：缺失哨兵(空串/NaN/empty 等),,,stage1,,,
446,sched_dep_time,,MV,missing_value,缺失值：缺失哨兵(空串/NaN/empty 等),,,stage1,,,
448,sched_dep_time,,MV,missing_value,缺失值：缺失哨兵(空串/NaN/empty 等),,,stage1,,,
449,sched_dep_time,,MV,missing_value,缺失值：缺失哨兵(空串/NaN/empty 等),,,stage1,,,
451,sched_dep_time,,MV,missing_value,缺失值：缺失哨兵(空串/NaN/empty 等),,,stage1,,,
452,sched_dep_time,,MV,missing_value,缺失值：缺失哨兵(空串/NaN/empty 等),,,stage1,,,
454,sched_dep_time,,MV,missing_value,缺失值：缺失哨兵(空串/NaN/empty 等),,,stage1,,,
457,sched_dep_time,,MV,missing_value,缺失值：缺失哨兵(空串/NaN/empty 等),,,stage1,,,
458,sched_dep_time,,MV,missing_value,缺失值：缺失哨兵(空串/NaN/empty 等),,,stage1,,,
459,sched_dep_time,,MV,missing_value,缺失值：缺失哨兵(空串/NaN/empty 等),,,stage1,,,
460,sched_dep_time,,MV,missing_value,缺失值：缺失哨兵(空串/NaN/empty 等),,,stage1,,,
462,sched_dep_time,,MV,missing_value,缺失值：缺失哨兵(空串/NaN/empty 等),,,stage1,,,
465,sched_dep_time,,MV,missing_value,缺失值：缺失哨兵(空串/NaN/empty 等),,,stage1,,,
466,sched_dep_time,,MV,missing_value,缺失值：缺失哨兵(空串/NaN/empty 等),,,stage1,,,
469,sched_dep_time,,MV,missing_value,缺失值：缺失哨兵(空串/NaN/empty 等),,,stage1,,,
470,sched_dep_time,,MV,missing_value,缺失值：缺失哨兵(空串/NaN/empty 等),,,stage1,,,
471,sched_dep_time,,MV,missing_value,缺失值：缺失哨兵(空串/NaN/empty 等),,,stage1,,,
474,sched_dep_time,,MV,missing_value,缺失值：缺失哨兵(空串/NaN/empty 等),,,stage1,,,
475,sched_dep_time,,MV,missing_value,缺失值：缺失哨兵(空串/NaN/empty 等),,,stage1,,,
477,sched_dep_time,,MV,missing_value,缺失值：缺失哨兵(空串/NaN/empty 等),,,stage1,,,
478,sched_dep_time,,MV,missing_value,缺失值：缺失哨兵(空串/NaN/empty 等),,,stage1,,,
483,sched_dep_time,,MV,missing_value,缺失值：缺失哨兵(空串/NaN/empty 等),,,stage1,,,
487,sched_dep_time,,MV,missing_value,缺失值：缺失哨兵(空串/NaN/empty 等),,,stage1,,,
489,sched_dep_time,,MV,missing_value,缺失值：缺失哨兵(空串/NaN/empty 等),,,stage1,,,
491,sched_dep_time,,MV,missing_value,缺失值：缺失哨兵(空串/NaN/empty 等),,,stage1,,,
492,sched_dep_time,,MV,missing_value,缺失值：缺失哨兵(空串/NaN/empty 等),,,stage1,,,
496,sched_dep_time,,MV,missing_value,缺失值：缺失哨兵(空串/NaN/empty 等),,,stage1,,,
503,sched_dep_time,,MV,missing_value,缺失值：缺失哨兵(空串/NaN/empty 等),,,stage1,,,
505,sched_dep_time,,MV,missing_value,缺失值：缺失哨兵(空串/NaN/empty 等),,,stage1,,,
506,sched_dep_time,,MV,missing_value,缺失值：缺失哨兵(空串/NaN/empty 等),,,stage1,,,
509,sched_dep_time,,MV,missing_value,缺失值：缺失哨兵(空串/NaN/empty 等),,,stage1,,,
510,sched_dep_time,,MV,missing_value,缺失值：缺失哨兵(空串/NaN/empty 等),,,stage1,,,
511,sched_dep_time,,MV,missing_value,缺失值：缺失哨兵(空串/NaN/empty 等),,,stage1,,,
512,sched_dep_time,,MV,missing_value,缺失值：缺失哨兵(空串/NaN/empty 等),,,stage1,,,
513,sched_dep_time,,MV,missing_value,缺失值：缺失哨兵(空串/NaN/empty 等),,,stage1,,,
514,sched_dep_time,,MV,missing_value,缺失值：缺失哨兵(空串/NaN/empty 等),,,stage1,,,
520,sched_dep_time,,MV,missing_value,缺失值：缺失哨兵(空串/NaN/empty 等),,,stage1,,,
522,sched_dep_time,,MV,missing_value,缺失值：缺失哨兵(空串/NaN/empty 等),,,stage1,,,
525,sched_dep_time,,MV,missing_value,缺失值：缺失哨兵(空串/NaN/empty 等),,,stage1,,,
529,sched_dep_time,,MV,missing_value,缺失值：缺失哨兵(空串/NaN/empty 等),,,stage1,,,
630,sched_dep_time,,MV,missing_value,缺失值：缺失哨兵(空串/NaN/empty 等),,,stage1,,,
633,sched_dep_time,,MV,missing_value,缺失值：缺失哨兵(空串/NaN/empty 等),,,stage1,,,
637,sched_dep_time,,MV,missing_value,缺失值：缺失哨兵(空串/NaN/empty 等),,,stage1,,,
638,sched_dep_time,,MV,missing_value,缺失值：缺失哨兵(空串/NaN/empty 等),,,stage1,,,
640,sched_dep_time,,MV,missing_value,缺失值：缺失哨兵(空串/NaN/empty 等),,,stage1,,,
641,sched_dep_time,,MV,missing_value,缺失值：缺失哨兵(空串/NaN/empty 等),,,stage1,,,
643,sched_dep_time,,MV,missing_value,缺失值：缺失哨兵(空串/NaN/empty 等),,,stage1,,,
644,sched_dep_time,,MV,missing_value,缺失值：缺失哨兵(空串/NaN/empty 等),,,stage1,,,
646,sched_dep_time,,MV,missing_value,缺失值：缺失哨兵(空串/NaN/empty 等),,,stage1,,,
649,sched_dep_time,,MV,missing_value,缺失值：缺失哨兵(空串/NaN/empty 等),,,stage1,,,
650,sched_dep_time,,MV,missing_value,缺失值：缺失哨兵(空串/NaN/empty 等),,,stage1,,,
651,sched_dep_time,,MV,missing_value,缺失值：缺失哨兵(空串/NaN/empty 等),,,stage1,,,
652,sched_dep_time,,MV,missing_value,缺失值：缺失哨兵(空串/NaN/empty 等),,,stage1,,,
654,sched_dep_time,,MV,missing_value,缺失值：缺失哨兵(空串/NaN/empty 等),,,stage1,,,
657,sched_dep_time,,MV,missing_value,缺失值：缺失哨兵(空串/NaN/empty 等),,,stage1,,,
658,sched_dep_time,,MV,missing_value,缺失值：缺失哨兵(空串/NaN/empty 等),,,stage1,,,
661,sched_dep_time,,MV,missing_value,缺失值：缺失哨兵(空串/NaN/empty 等),,,stage1,,,
662,sched_dep_time,,MV,missing_value,缺失值：缺失哨兵(空串/NaN/empty 等),,,stage1,,,
663,sched_dep_time,,MV,missing_value,缺失值：缺失哨兵(空串/NaN/empty 等),,,stage1,,,
666,sched_dep_time,,MV,missing_value,缺失值：缺失哨兵(空串/NaN/empty 等),,,stage1,,,
667,sched_dep_time,,MV,missing_value,缺失值：缺失哨兵(空串/NaN/empty 等),,,stage1,,,
669,sched_dep_time,,MV,missing_value,缺失值：缺失哨兵(空串/NaN/empty 等),,,stage1,,,
670,sched_dep_time,,MV,missing_value,缺失值：缺失哨兵(空串/NaN/empty 等),,,stage1,,,
675,sched_dep_time,,MV,missing_value,缺失值：缺失哨兵(空串/NaN/empty 等),,,stage1,,,
679,sched_dep_time,,MV,missing_value,缺失值：缺失哨兵(空串/NaN/empty 等),,,stage1,,,
681,sched_dep_time,,MV,missing_value,缺失值：缺失哨兵(空串/NaN/empty 等),,,stage1,,,
683,sched_dep_time,,MV,missing_value,缺失值：缺失哨兵(空串/NaN/empty 等),,,stage1,,,
684,sched_dep_time,,MV,missing_value,缺失值：缺失哨兵(空串/NaN/empty 等),,,stage1,,,
688,sched_dep_time,,MV,missing_value,缺失值：缺失哨兵(空串/NaN/empty 等),,,stage1,,,
695,sched_dep_time,,MV,missing_value,缺失值：缺失哨兵(空串/NaN/empty 等),,,stage1,,,
697,sched_dep_time,,MV,missing_value,缺失值：缺失哨兵(空串/NaN/empty 等),,,stage1,,,
698,sched_dep_time,,MV,missing_value,缺失值：缺失哨兵(空串/NaN/empty 等),,,stage1,,,
701,sched_dep_time,,MV,missing_value,缺失值：缺失哨兵(空串/NaN/empty 等),,,stage1,,,
702,sched_dep_time,,MV,missing_value,缺失值：缺失哨兵(空串/NaN/empty 等),,,stage1,,,
703,sched_dep_time,,MV,missing_value,缺失值：缺失哨兵(空串/NaN/empty 等),,,stage1,,,
704,sched_dep_time,,MV,missing_value,缺失值：缺失哨兵(空串/NaN/empty 等),,,stage1,,,
705,sched_dep_time,,MV,missing_value,缺失值：缺失哨兵(空串/NaN/empty 等),,,stage1,,,
706,sched_dep_time,,MV,missing_value,缺失值：缺失哨兵(空串/NaN/empty 等),,,stage1,,,
712,sched_dep_time,,MV,missing_value,缺失值：缺失哨兵(空串/NaN/empty 等),,,stage1,,,
714,sched_dep_time,,MV,missing_value,缺失值：缺失哨兵(空串/NaN/empty 等),,,stage1,,,
717,sched_dep_time,,MV,missing_value,缺失值：缺失哨兵(空串/NaN/empty 等),,,stage1,,,
721,sched_dep_time,,MV,missing_value,缺失值：缺失哨兵(空串/NaN/empty 等),,,stage1,,,
729,sched_dep_time,,MV,missing_value,缺失值：缺失哨兵(空串/NaN/empty 等),,,stage1,,,
730,sched_dep_time,,MV,missing_value,缺失值：缺失哨兵(空串/NaN/empty 等),,,stage1,,,
731,sched_dep_time,,MV,missing_value,缺失值：缺失哨兵(空串/NaN/empty 等),,,stage1,,,
732,sched_dep_time,,MV,missing_value,缺失值：缺失哨兵(空串/NaN/empty 等),,,stage1,,,
733,sched_dep_time,,MV,missing_value,缺失值：缺失哨兵(空串/NaN/empty 等),,,stage1,,,
735,sched_dep_time,,MV,missing_value,缺失值：缺失哨兵(空串/NaN/empty 等),,,stage1,,,
736,sched_dep_time,,MV,missing_value,缺失值：缺失哨兵(空串/NaN/empty 等),,,stage1,,,
738,sched_dep_time,,MV,missing_value,缺失值：缺失哨兵(空串/NaN/empty 等),,,stage1,,,
739,sched_dep_time,,MV,missing_value,缺失值：缺失哨兵(空串/NaN/empty 等),,,stage1,,,
740,sched_dep_time,,MV,missing_value,缺失值：缺失哨兵(空串/NaN/empty 等),,,stage1,,,
741,sched_dep_time,,MV,missing_value,缺失值：缺失哨兵(空串/NaN/empty 等),,,stage1,,,
742,sched_dep_time,,MV,missing_value,缺失值：缺失哨兵(空串/NaN/empty 等),,,stage1,,,
743,sched_dep_time,,MV,missing_value,缺失值：缺失哨兵(空串/NaN/empty 等),,,stage1,,,
744,sched_dep_time,,MV,missing_value,缺失值：缺失哨兵(空串/NaN/empty 等),,,stage1,,,
745,sched_dep_time,,MV,missing_value,缺失值：缺失哨兵(空串/NaN/empty 等),,,stage1,,,
746,sched_dep_time,,MV,missing_value,缺失值：缺失哨兵(空串/NaN/empty 等),,,stage1,,,
747,sched_dep_time,,MV,missing_value,缺失值：缺失哨兵(空串/NaN/empty 等),,,stage1,,,
748,sched_dep_time,,MV,missing_value,缺失值：缺失哨兵(空串/NaN/empty 等),,,stage1,,,
749,sched_dep_time,,MV,missing_value,缺失值：缺失哨兵(空串/NaN/empty 等),,,stage1,,,
750,sched_dep_time,,MV,missing_value,缺失值：缺失哨兵(空串/NaN/empty 等),,,stage1,,,
751,sched_dep_time,,MV,missing_value,缺失值：缺失哨兵(空串/NaN/empty 等),,,stage1,,,
752,sched_dep_time,,MV,missing_value,缺失值：缺失哨兵(空串/NaN/empty 等),,,stage1,,,
753,sched_dep_time,,MV,missing_value,缺失值：缺失哨兵(空串/NaN/empty 等),,,stage1,,,
754,sched_dep_time,,MV,missing_value,缺失值：缺失哨兵(空串/NaN/empty 等),,,stage1,,,
755,sched_dep_time,,MV,missing_value,缺失值：缺失哨兵(空串/NaN/empty 等),,,stage1,,,
757,sched_dep_time,,MV,missing_value,缺失值：缺失哨兵(空串/NaN/empty 等),,,stage1,,,
758,sched_dep_time,,MV,missing_value,缺失值：缺失哨兵(空串/NaN/empty 等),,,stage1,,,
759,sched_dep_time,,MV,missing_value,缺失值：缺失哨兵(空串/NaN/empty 等),,,stage1,,,
760,sched_dep_time,,MV,missing_value,缺失值：缺失哨兵(空串/NaN/empty 等),,,stage1,,,
761,sched_dep_time,,MV,missing_value,缺失值：缺失哨兵(空串/NaN/empty 等),,,stage1,,,
762,sched_dep_time,,MV,missing_value,缺失值：缺失哨兵(空串/NaN/empty 等),,,stage1,,,
763,sched_dep_time,,MV,missing_value,缺失值：缺失哨兵(空串/NaN/empty 等),,,stage1,,,
764,sched_dep_time,,MV,missing_value,缺失值：缺失哨兵(空串/NaN/empty 等),,,stage1,,,
765,sched_dep_time,,MV,missing_value,缺失值：缺失哨兵(空串/NaN/empty 等),,,stage1,,,
766,sched_dep_time,,MV,missing_value,缺失值：缺失哨兵(空串/NaN/empty 等),,,stage1,,,
767,sched_dep_time,,MV,missing_value,缺失值：缺失哨兵(空串/NaN/empty 等),,,stage1,,,
768,sched_dep_time,,MV,missing_value,缺失值：缺失哨兵(空串/NaN/empty 等),,,stage1,,,
769,sched_dep_time,,MV,missing_value,缺失值：缺失哨兵(空串/NaN/empty 等),,,stage1,,,
770,sched_dep_time,,MV,missing_value,缺失值：缺失哨兵(空串/NaN/empty 等),,,stage1,,,
774,sched_dep_time,,MV,missing_value,缺失值：缺失哨兵(空串/NaN/empty 等),,,stage1,,,
775,sched_dep_time,,MV,missing_value,缺失值：缺失哨兵(空串/NaN/empty 等),,,stage1,,,
776,sched_dep_time,,MV,missing_value,缺失值：缺失哨兵(空串/NaN/empty 等),,,stage1,,,
778,sched_dep_time,,MV,missing_value,缺失值：缺失哨兵(空串/NaN/empty 等),,,stage1,,,
780,sched_dep_time,,MV,missing_value,缺失值：缺失哨兵(空串/NaN/empty 等),,,stage1,,,
781,sched_dep_time,,MV,missing_value,缺失值：缺失哨兵(空串/NaN/empty 等),,,stage1,,,
782,sched_dep_time,,MV,missing_value,缺失值：缺失哨兵(空串/NaN/empty 等),,,stage1,,,
784,sched_dep_time,,MV,missing_value,缺失值：缺失哨兵(空串/NaN/empty 等),,,stage1,,,
785,sched_dep_time,,MV,missing_value,缺失值：缺失哨兵(空串/NaN/empty 等),,,stage1,,,
786,sched_dep_time,,MV,missing_value,缺失值：缺失哨兵(空串/NaN/empty 等),,,stage1,,,
787,sched_dep_time,,MV,missing_value,缺失值：缺失哨兵(空串/NaN/empty 等),,,stage1,,,
788,sched_dep_time,,MV,missing_value,缺失值：缺失哨兵(空串/NaN/empty 等),,,stage1,,,
789,sched_dep_time,,MV,missing_value,缺失值：缺失哨兵(空串/NaN/empty 等),,,stage1,,,
790,sched_dep_time,,MV,missing_value,缺失值：缺失哨兵(空串/NaN/empty 等),,,stage1,,,
791,sched_dep_time,,MV,missing_value,缺失值：缺失哨兵(空串/NaN/empty 等),,,stage1,,,
792,sched_dep_time,,MV,missing_value,缺失值：缺失哨兵(空串/NaN/empty 等),,,stage1,,,
793,sched_dep_time,,MV,missing_value,缺失值：缺失哨兵(空串/NaN/empty 等),,,stage1,,,
794,sched_dep_time,,MV,missing_value,缺失值：缺失哨兵(空串/NaN/empty 等),,,stage1,,,
795,sched_dep_time,,MV,missing_value,缺失值：缺失哨兵(空串/NaN/empty 等),,,stage1,,,
796,sched_dep_time,,MV,missing_value,缺失值：缺失哨兵(空串/NaN/empty 等),,,stage1,,,
803,sched_dep_time,,MV,missing_value,缺失值：缺失哨兵(空串/NaN/empty 等),,,stage1,,,
804,sched_dep_time,,MV,missing_value,缺失值：缺失哨兵(空串/NaN/empty 等),,,stage1,,,
805,sched_dep_time,,MV,missing_value,缺失值：缺失哨兵(空串/NaN/empty 等),,,stage1,,,
806,sched_dep_time,,MV,missing_value,缺失值：缺失哨兵(空串/NaN/empty 等),,,stage1,,,
807,sched_dep_time,,MV,missing_value,缺失值：缺失哨兵(空串/NaN/empty 等),,,stage1,,,
808,sched_dep_time,Thu  20:00,FI,regex,列值主要为 12 小时制时间格式，可选 AM/PM 及带括号的时区偏移，少数异常值将被标记,,,stage1,,,
809,sched_dep_time,,MV,missing_value,缺失值：缺失哨兵(空串/NaN/empty 等),,,stage1,,,
810,sched_dep_time,,MV,missing_value,缺失值：缺失哨兵(空串/NaN/empty 等),,,stage1,,,
812,sched_dep_time,,MV,missing_value,缺失值：缺失哨兵(空串/NaN/empty 等),,,stage1,,,
815,sched_dep_time,,MV,missing_value,缺失值：缺失哨兵(空串/NaN/empty 等),,,stage1,,,
819,sched_dep_time,,MV,missing_value,缺失值：缺失哨兵(空串/NaN/empty 等),,,stage1,,,
820,sched_dep_time,,MV,missing_value,缺失值：缺失哨兵(空串/NaN/empty 等),,,stage1,,,
822,sched_dep_time,,MV,missing_value,缺失值：缺失哨兵(空串/NaN/empty 等),,,stage1,,,
823,sched_dep_time,,MV,missing_value,缺失值：缺失哨兵(空串/NaN/empty 等),,,stage1,,,
825,sched_dep_time,,MV,missing_value,缺失值：缺失哨兵(空串/NaN/empty 等),,,stage1,,,
826,sched_dep_time,,MV,missing_value,缺失值：缺失哨兵(空串/NaN/empty 等),,,stage1,,,
828,sched_dep_time,,MV,missing_value,缺失值：缺失哨兵(空串/NaN/empty 等),,,stage1,,,
831,sched_dep_time,,MV,missing_value,缺失值：缺失哨兵(空串/NaN/empty 等),,,stage1,,,
832,sched_dep_time,,MV,missing_value,缺失值：缺失哨兵(空串/NaN/empty 等),,,stage1,,,
833,sched_dep_time,,MV,missing_value,缺失值：缺失哨兵(空串/NaN/empty 等),,,stage1,,,
834,sched_dep_time,,MV,missing_value,缺失值：缺失哨兵(空串/NaN/empty 等),,,stage1,,,
836,sched_dep_time,,MV,missing_value,缺失值：缺失哨兵(空串/NaN/empty 等),,,stage1,,,
839,sched_dep_time,,MV,missing_value,缺失值：缺失哨兵(空串/NaN/empty 等),,,stage1,,,
840,sched_dep_time,,MV,missing_value,缺失值：缺失哨兵(空串/NaN/empty 等),,,stage1,,,
843,sched_dep_time,,MV,missing_value,缺失值：缺失哨兵(空串/NaN/empty 等),,,stage1,,,
844,sched_dep_time,,MV,missing_value,缺失值：缺失哨兵(空串/NaN/empty 等),,,stage1,,,
845,sched_dep_time,,MV,missing_value,缺失值：缺失哨兵(空串/NaN/empty 等),,,stage1,,,
848,sched_dep_time,,MV,missing_value,缺失值：缺失哨兵(空串/NaN/empty 等),,,stage1,,,
849,sched_dep_time,,MV,missing_value,缺失值：缺失哨兵(空串/NaN/empty 等),,,stage1,,,
851,sched_dep_time,,MV,missing_value,缺失值：缺失哨兵(空串/NaN/empty 等),,,stage1,,,
852,sched_dep_time,,MV,missing_value,缺失值：缺失哨兵(空串/NaN/empty 等),,,stage1,,,
857,sched_dep_time,,MV,missing_value,缺失值：缺失哨兵(空串/NaN/empty 等),,,stage1,,,
861,sched_dep_time,,MV,missing_value,缺失值：缺失哨兵(空串/NaN/empty 等),,,stage1,,,
863,sched_dep_time,,MV,missing_value,缺失值：缺失哨兵(空串/NaN/empty 等),,,stage1,,,
865,sched_dep_time,,MV,missing_value,缺失值：缺失哨兵(空串/NaN/empty 等),,,stage1,,,
866,sched_dep_time,,MV,missing_value,缺失值：缺失哨兵(空串/NaN/empty 等),,,stage1,,,
867,sched_dep_time,,MV,missing_value,缺失值：缺失哨兵(空串/NaN/empty 等),,,stage1,,,
870,sched_dep_time,,MV,missing_value,缺失值：缺失哨兵(空串/NaN/empty 等),,,stage1,,,
877,sched_dep_time,,MV,missing_value,缺失值：缺失哨兵(空串/NaN/empty 等),,,stage1,,,
879,sched_dep_time,,MV,missing_value,缺失值：缺失哨兵(空串/NaN/empty 等),,,stage1,,,
880,sched_dep_time,,MV,missing_value,缺失值：缺失哨兵(空串/NaN/empty 等),,,stage1,,,
883,sched_dep_time,,MV,missing_value,缺失值：缺失哨兵(空串/NaN/empty 等),,,stage1,,,
884,sched_dep_time,,MV,missing_value,缺失值：缺失哨兵(空串/NaN/empty 等),,,stage1,,,
885,sched_dep_time,,MV,missing_value,缺失值：缺失哨兵(空串/NaN/empty 等),,,stage1,,,
886,sched_dep_time,,MV,missing_value,缺失值：缺失哨兵(空串/NaN/empty 等),,,stage1,,,
887,sched_dep_time,,MV,missing_value,缺失值：缺失哨兵(空串/NaN/empty 等),,,stage1,,,
888,sched_dep_time,,MV,missing_value,缺失值：缺失哨兵(空串/NaN/empty 等),,,stage1,,,
894,sched_dep_time,,MV,missing_value,缺失值：缺失哨兵(空串/NaN/empty 等),,,stage1,,,
896,sched_dep_time,,MV,missing_value,缺失值：缺失哨兵(空串/NaN/empty 等),,,stage1,,,
899,sched_dep_time,,MV,missing_value,缺失值：缺失哨兵(空串/NaN/empty 等),,,stage1,,,
903,sched_dep_time,,MV,missing_value,缺失值：缺失哨兵(空串/NaN/empty 等),,,stage1,,,
914,sched_dep_time,,MV,missing_value,缺失值：缺失哨兵(空串/NaN/empty 等),,,stage1,,,
917,sched_dep_time,,MV,missing_value,缺失值：缺失哨兵(空串/NaN/empty 等),,,stage1,,,
925,sched_dep_time,,MV,missing_value,缺失值：缺失哨兵(空串/NaN/empty 等),,,stage1,,,
926,sched_dep_time,,MV,missing_value,缺失值：缺失哨兵(空串/NaN/empty 等),,,stage1,,,
935,sched_dep_time,,MV,missing_value,缺失值：缺失哨兵(空串/NaN/empty 等),,,stage1,,,
938,sched_dep_time,,MV,missing_value,缺失值：缺失哨兵(空串/NaN/empty 等),,,stage1,,,
950,sched_dep_time,,MV,missing_value,缺失值：缺失哨兵(空串/NaN/empty 等),,,stage1,,,
952,sched_dep_time,,MV,missing_value,缺失值：缺失哨兵(空串/NaN/empty 等),,,stage1,,,
953,sched_dep_time,,MV,missing_value,缺失值：缺失哨兵(空串/NaN/empty 等),,,stage1,,,
960,sched_dep_time,,MV,missing_value,缺失值：缺失哨兵(空串/NaN/empty 等),,,stage1,,,
964,sched_dep_time,,MV,missing_value,缺失值：缺失哨兵(空串/NaN/empty 等),,,stage1,,,
991,sched_dep_time,Not Available,FI,regex,列值主要为 12 小时制时间格式，可选 AM/PM 及带括号的时区偏移，少数异常值将被标记,,,stage1,,,
992,sched_dep_time,Not Available,FI,regex,列值主要为 12 小时制时间格式，可选 AM/PM 及带括号的时区偏移，少数异常值将被标记,,,stage1,,,
995,sched_dep_time,12:00noon,FI,regex,列值主要为 12 小时制时间格式，可选 AM/PM 及带括号的时区偏移，少数异常值将被标记,,,stage1,,,
999,sched_dep_time,Not Available,FI,regex,列值主要为 12 小时制时间格式，可选 AM/PM 及带括号的时区偏移，少数异常值将被标记,,,stage1,,,
1003,sched_dep_time,Not Available,FI,regex,列值主要为 12 小时制时间格式，可选 AM/PM 及带括号的时区偏移，少数异常值将被标记,,,stage1,,,
1018,sched_dep_time,12:00noon,FI,regex,列值主要为 12 小时制时间格式，可选 AM/PM 及带括号的时区偏移，少数异常值将被标记,,,stage1,,,
1026,sched_dep_time,Not Available,FI,regex,列值主要为 12 小时制时间格式，可选 AM/PM 及带括号的时区偏移，少数异常值将被标记,,,stage1,,,
1034,sched_dep_time,Not Available,FI,regex,列值主要为 12 小时制时间格式，可选 AM/PM 及带括号的时区偏移，少数异常值将被标记,,,stage1,,,
1041,sched_dep_time,Not Available,FI,regex,列值主要为 12 小时制时间格式，可选 AM/PM 及带括号的时区偏移，少数异常值将被标记,,,stage1,,,
1042,sched_dep_time,Not Available,FI,regex,列值主要为 12 小时制时间格式，可选 AM/PM 及带括号的时区偏移，少数异常值将被标记,,,stage1,,,
1045,sched_dep_time,Not Available,FI,regex,列值主要为 12 小时制时间格式，可选 AM/PM 及带括号的时区偏移，少数异常值将被标记,,,stage1,,,
1046,sched_dep_time,Not Available,FI,regex,列值主要为 12 小时制时间格式，可选 AM/PM 及带括号的时区偏移，少数异常值将被标记,,,stage1,,,
1058,sched_dep_time,Not Available,FI,regex,列值主要为 12 小时制时间格式，可选 AM/PM 及带括号的时区偏移，少数异常值将被标记,,,stage1,,,
1071,sched_dep_time,,MV,missing_value,缺失值：缺失哨兵(空串/NaN/empty 等),,,stage1,,,
1074,sched_dep_time,,MV,missing_value,缺失值：缺失哨兵(空串/NaN/empty 等),,,stage1,,,
1078,sched_dep_time,,MV,missing_value,缺失值：缺失哨兵(空串/NaN/empty 等),,,stage1,,,
1079,sched_dep_time,,MV,missing_value,缺失值：缺失哨兵(空串/NaN/empty 等),,,stage1,,,
1081,sched_dep_time,,MV,missing_value,缺失值：缺失哨兵(空串/NaN/empty 等),,,stage1,,,
1082,sched_dep_time,,MV,missing_value,缺失值：缺失哨兵(空串/NaN/empty 等),,,stage1,,,
1084,sched_dep_time,,MV,missing_value,缺失值：缺失哨兵(空串/NaN/empty 等),,,stage1,,,
1085,sched_dep_time,,MV,missing_value,缺失值：缺失哨兵(空串/NaN/empty 等),,,stage1,,,
1087,sched_dep_time,,MV,missing_value,缺失值：缺失哨兵(空串/NaN/empty 等),,,stage1,,,
1090,sched_dep_time,,MV,missing_value,缺失值：缺失哨兵(空串/NaN/empty 等),,,stage1,,,
1091,sched_dep_time,,MV,missing_value,缺失值：缺失哨兵(空串/NaN/empty 等),,,stage1,,,
1092,sched_dep_time,,MV,missing_value,缺失值：缺失哨兵(空串/NaN/empty 等),,,stage1,,,
1093,sched_dep_time,,MV,missing_value,缺失值：缺失哨兵(空串/NaN/empty 等),,,stage1,,,
1095,sched_dep_time,,MV,missing_value,缺失值：缺失哨兵(空串/NaN/empty 等),,,stage1,,,
1098,sched_dep_time,,MV,missing_value,缺失值：缺失哨兵(空串/NaN/empty 等),,,stage1,,,
1099,sched_dep_time,,MV,missing_value,缺失值：缺失哨兵(空串/NaN/empty 等),,,stage1,,,
1102,sched_dep_time,,MV,missing_value,缺失值：缺失哨兵(空串/NaN/empty 等),,,stage1,,,
1103,sched_dep_time,,MV,missing_value,缺失值：缺失哨兵(空串/NaN/empty 等),,,stage1,,,
1104,sched_dep_time,,MV,missing_value,缺失值：缺失哨兵(空串/NaN/empty 等),,,stage1,,,
1107,sched_dep_time,,MV,missing_value,缺失值：缺失哨兵(空串/NaN/empty 等),,,stage1,,,
1108,sched_dep_time,,MV,missing_value,缺失值：缺失哨兵(空串/NaN/empty 等),,,stage1,,,
1110,sched_dep_time,,MV,missing_value,缺失值：缺失哨兵(空串/NaN/empty 等),,,stage1,,,
1111,sched_dep_time,,MV,missing_value,缺失值：缺失哨兵(空串/NaN/empty 等),,,stage1,,,
1116,sched_dep_time,,MV,missing_value,缺失值：缺失哨兵(空串/NaN/empty 等),,,stage1,,,
1120,sched_dep_time,,MV,missing_value,缺失值：缺失哨兵(空串/NaN/empty 等),,,stage1,,,
1122,sched_dep_time,,MV,missing_value,缺失值：缺失哨兵(空串/NaN/empty 等),,,stage1,,,
1124,sched_dep_time,,MV,missing_value,缺失值：缺失哨兵(空串/NaN/empty 等),,,stage1,,,
1125,sched_dep_time,,MV,missing_value,缺失值：缺失哨兵(空串/NaN/empty 等),,,stage1,,,
1129,sched_dep_time,,MV,missing_value,缺失值：缺失哨兵(空串/NaN/empty 等),,,stage1,,,
1136,sched_dep_time,,MV,missing_value,缺失值：缺失哨兵(空串/NaN/empty 等),,,stage1,,,
1138,sched_dep_time,,MV,missing_value,缺失值：缺失哨兵(空串/NaN/empty 等),,,stage1,,,
1139,sched_dep_time,,MV,missing_value,缺失值：缺失哨兵(空串/NaN/empty 等),,,stage1,,,
1142,sched_dep_time,,MV,missing_value,缺失值：缺失哨兵(空串/NaN/empty 等),,,stage1,,,
1143,sched_dep_time,,MV,missing_value,缺失值：缺失哨兵(空串/NaN/empty 等),,,stage1,,,
1144,sched_dep_time,,MV,missing_value,缺失值：缺失哨兵(空串/NaN/empty 等),,,stage1,,,
1145,sched_dep_time,,MV,missing_value,缺失值：缺失哨兵(空串/NaN/empty 等),,,stage1,,,
1146,sched_dep_time,,MV,missing_value,缺失值：缺失哨兵(空串/NaN/empty 等),,,stage1,,,
1147,sched_dep_time,,MV,missing_value,缺失值：缺失哨兵(空串/NaN/empty 等),,,stage1,,,
1153,sched_dep_time,,MV,missing_value,缺失值：缺失哨兵(空串/NaN/empty 等),,,stage1,,,
1155,sched_dep_time,,MV,missing_value,缺失值：缺失哨兵(空串/NaN/empty 等),,,stage1,,,
1158,sched_dep_time,,MV,missing_value,缺失值：缺失哨兵(空串/NaN/empty 等),,,stage1,,,
1162,sched_dep_time,,MV,missing_value,缺失值：缺失哨兵(空串/NaN/empty 等),,,stage1,,,
1172,sched_dep_time,,MV,missing_value,缺失值：缺失哨兵(空串/NaN/empty 等),,,stage1,,,
1175,sched_dep_time,,MV,missing_value,缺失值：缺失哨兵(空串/NaN/empty 等),,,stage1,,,
1176,sched_dep_time,,MV,missing_value,缺失值：缺失哨兵(空串/NaN/empty 等),,,stage1,,,
1179,sched_dep_time,,MV,missing_value,缺失值：缺失哨兵(空串/NaN/empty 等),,,stage1,,,
1186,sched_dep_time,,MV,missing_value,缺失值：缺失哨兵(空串/NaN/empty 等),,,stage1,,,
1193,sched_dep_time,,MV,missing_value,缺失值：缺失哨兵(空串/NaN/empty 等),,,stage1,,,
1202,sched_dep_time,,MV,missing_value,缺失值：缺失哨兵(空串/NaN/empty 等),,,stage1,,,
1203,sched_dep_time,,MV,missing_value,缺失值：缺失哨兵(空串/NaN/empty 等),,,stage1,,,
1206,sched_dep_time,,MV,missing_value,缺失值：缺失哨兵(空串/NaN/empty 等),,,stage1,,,
1207,sched_dep_time,,MV,missing_value,缺失值：缺失哨兵(空串/NaN/empty 等),,,stage1,,,
1208,sched_dep_time,,MV,missing_value,缺失值：缺失哨兵(空串/NaN/empty 等),,,stage1,,,
1223,sched_dep_time,,MV,missing_value,缺失值：缺失哨兵(空串/NaN/empty 等),,,stage1,,,
1225,sched_dep_time,,MV,missing_value,缺失值：缺失哨兵(空串/NaN/empty 等),,,stage1,,,
1226,sched_dep_time,,MV,missing_value,缺失值：缺失哨兵(空串/NaN/empty 等),,,stage1,,,
1227,sched_dep_time,,MV,missing_value,缺失值：缺失哨兵(空串/NaN/empty 等),,,stage1,,,
1228,sched_dep_time,,MV,missing_value,缺失值：缺失哨兵(空串/NaN/empty 等),,,stage1,,,
1229,sched_dep_time,,MV,missing_value,缺失值：缺失哨兵(空串/NaN/empty 等),,,stage1,,,
1231,sched_dep_time,,MV,missing_value,缺失值：缺失哨兵(空串/NaN/empty 等),,,stage1,,,
1232,sched_dep_time,,MV,missing_value,缺失值：缺失哨兵(空串/NaN/empty 等),,,stage1,,,
1233,sched_dep_time,,MV,missing_value,缺失值：缺失哨兵(空串/NaN/empty 等),,,stage1,,,
1234,sched_dep_time,,MV,missing_value,缺失值：缺失哨兵(空串/NaN/empty 等),,,stage1,,,
1236,sched_dep_time,,MV,missing_value,缺失值：缺失哨兵(空串/NaN/empty 等),,,stage1,,,
1239,sched_dep_time,,MV,missing_value,缺失值：缺失哨兵(空串/NaN/empty 等),,,stage1,,,
1240,sched_dep_time,,MV,missing_value,缺失值：缺失哨兵(空串/NaN/empty 等),,,stage1,,,
1241,sched_dep_time,,MV,missing_value,缺失值：缺失哨兵(空串/NaN/empty 等),,,stage1,,,
1242,sched_dep_time,,MV,missing_value,缺失值：缺失哨兵(空串/NaN/empty 等),,,stage1,,,
1243,sched_dep_time,,MV,missing_value,缺失值：缺失哨兵(空串/NaN/empty 等),,,stage1,,,
1246,sched_dep_time,,MV,missing_value,缺失值：缺失哨兵(空串/NaN/empty 等),,,stage1,,,
1247,sched_dep_time,,MV,missing_value,缺失值：缺失哨兵(空串/NaN/empty 等),,,stage1,,,
1249,sched_dep_time,,MV,missing_value,缺失值：缺失哨兵(空串/NaN/empty 等),,,stage1,,,
1250,sched_dep_time,,MV,missing_value,缺失值：缺失哨兵(空串/NaN/empty 等),,,stage1,,,
1253,sched_dep_time,,MV,missing_value,缺失值：缺失哨兵(空串/NaN/empty 等),,,stage1,,,
1254,sched_dep_time,,MV,missing_value,缺失值：缺失哨兵(空串/NaN/empty 等),,,stage1,,,
1255,sched_dep_time,,MV,missing_value,缺失值：缺失哨兵(空串/NaN/empty 等),,,stage1,,,
1256,sched_dep_time,,MV,missing_value,缺失值：缺失哨兵(空串/NaN/empty 等),,,stage1,,,
1257,sched_dep_time,,MV,missing_value,缺失值：缺失哨兵(空串/NaN/empty 等),,,stage1,,,
1258,sched_dep_time,,MV,missing_value,缺失值：缺失哨兵(空串/NaN/empty 等),,,stage1,,,
1259,sched_dep_time,,MV,missing_value,缺失值：缺失哨兵(空串/NaN/empty 等),,,stage1,,,
1262,sched_dep_time,,MV,missing_value,缺失值：缺失哨兵(空串/NaN/empty 等),,,stage1,,,
1263,sched_dep_time,,MV,missing_value,缺失值：缺失哨兵(空串/NaN/empty 等),,,stage1,,,
1265,sched_dep_time,,MV,missing_value,缺失值：缺失哨兵(空串/NaN/empty 等),,,stage1,,,
1266,sched_dep_time,,MV,missing_value,缺失值：缺失哨兵(空串/NaN/empty 等),,,stage1,,,
1267,sched_dep_time,,MV,missing_value,缺失值：缺失哨兵(空串/NaN/empty 等),,,stage1,,,
1268,sched_dep_time,,MV,missing_value,缺失值：缺失哨兵(空串/NaN/empty 等),,,stage1,,,
1270,sched_dep_time,,MV,missing_value,缺失值：缺失哨兵(空串/NaN/empty 等),,,stage1,,,
1272,sched_dep_time,,MV,missing_value,缺失值：缺失哨兵(空串/NaN/empty 等),,,stage1,,,
1273,sched_dep_time,,MV,missing_value,缺失值：缺失哨兵(空串/NaN/empty 等),,,stage1,,,
1274,sched_dep_time,,MV,missing_value,缺失值：缺失哨兵(空串/NaN/empty 等),,,stage1,,,
1275,sched_dep_time,,MV,missing_value,缺失值：缺失哨兵(空串/NaN/empty 等),,,stage1,,,
1276,sched_dep_time,,MV,missing_value,缺失值：缺失哨兵(空串/NaN/empty 等),,,stage1,,,
1277,sched_dep_time,,MV,missing_value,缺失值：缺失哨兵(空串/NaN/empty 等),,,stage1,,,
1278,sched_dep_time,,MV,missing_value,缺失值：缺失哨兵(空串/NaN/empty 等),,,stage1,,,
1280,sched_dep_time,,MV,missing_value,缺失值：缺失哨兵(空串/NaN/empty 等),,,stage1,,,
1281,sched_dep_time,,MV,missing_value,缺失值：缺失哨兵(空串/NaN/empty 等),,,stage1,,,
1282,sched_dep_time,,MV,missing_value,缺失值：缺失哨兵(空串/NaN/empty 等),,,stage1,,,
1283,sched_dep_time,,MV,missing_value,缺失值：缺失哨兵(空串/NaN/empty 等),,,stage1,,,
1285,sched_dep_time,,MV,missing_value,缺失值：缺失哨兵(空串/NaN/empty 等),,,stage1,,,
1286,sched_dep_time,,MV,missing_value,缺失值：缺失哨兵(空串/NaN/empty 等),,,stage1,,,
1287,sched_dep_time,,MV,missing_value,缺失值：缺失哨兵(空串/NaN/empty 等),,,stage1,,,
1288,sched_dep_time,,MV,missing_value,缺失值：缺失哨兵(空串/NaN/empty 等),,,stage1,,,
1289,sched_dep_time,,MV,missing_value,缺失值：缺失哨兵(空串/NaN/empty 等),,,stage1,,,
1290,sched_dep_time,,MV,missing_value,缺失值：缺失哨兵(空串/NaN/empty 等),,,stage1,,,
1291,sched_dep_time,,MV,missing_value,缺失值：缺失哨兵(空串/NaN/empty 等),,,stage1,,,
1292,sched_dep_time,,MV,missing_value,缺失值：缺失哨兵(空串/NaN/empty 等),,,stage1,,,
1294,sched_dep_time,,MV,missing_value,缺失值：缺失哨兵(空串/NaN/empty 等),,,stage1,,,
1296,sched_dep_time,,MV,missing_value,缺失值：缺失哨兵(空串/NaN/empty 等),,,stage1,,,
1297,sched_dep_time,,MV,missing_value,缺失值：缺失哨兵(空串/NaN/empty 等),,,stage1,,,
1298,sched_dep_time,,MV,missing_value,缺失值：缺失哨兵(空串/NaN/empty 等),,,stage1,,,
1299,sched_dep_time,,MV,missing_value,缺失值：缺失哨兵(空串/NaN/empty 等),,,stage1,,,
1300,sched_dep_time,,MV,missing_value,缺失值：缺失哨兵(空串/NaN/empty 等),,,stage1,,,
1303,sched_dep_time,,MV,missing_value,缺失值：缺失哨兵(空串/NaN/empty 等),,,stage1,,,
1304,sched_dep_time,,MV,missing_value,缺失值：缺失哨兵(空串/NaN/empty 等),,,stage1,,,
1305,sched_dep_time,,MV,missing_value,缺失值：缺失哨兵(空串/NaN/empty 等),,,stage1,,,
1306,sched_dep_time,,MV,missing_value,缺失值：缺失哨兵(空串/NaN/empty 等),,,stage1,,,
1307,sched_dep_time,,MV,missing_value,缺失值：缺失哨兵(空串/NaN/empty 等),,,stage1,,,
1309,sched_dep_time,,MV,missing_value,缺失值：缺失哨兵(空串/NaN/empty 等),,,stage1,,,
1310,sched_dep_time,,MV,missing_value,缺失值：缺失哨兵(空串/NaN/empty 等),,,stage1,,,
1311,sched_dep_time,,MV,missing_value,缺失值：缺失哨兵(空串/NaN/empty 等),,,stage1,,,
1312,sched_dep_time,,MV,missing_value,缺失值：缺失哨兵(空串/NaN/empty 等),,,stage1,,,
1313,sched_dep_time,,MV,missing_value,缺失值：缺失哨兵(空串/NaN/empty 等),,,stage1,,,
1314,sched_dep_time,,MV,missing_value,缺失值：缺失哨兵(空串/NaN/empty 等),,,stage1,,,
1316,sched_dep_time,,MV,missing_value,缺失值：缺失哨兵(空串/NaN/empty 等),,,stage1,,,
1317,sched_dep_time,,MV,missing_value,缺失值：缺失哨兵(空串/NaN/empty 等),,,stage1,,,
1318,sched_dep_time,,MV,missing_value,缺失值：缺失哨兵(空串/NaN/empty 等),,,stage1,,,
1320,sched_dep_time,,MV,missing_value,缺失值：缺失哨兵(空串/NaN/empty 等),,,stage1,,,
1321,sched_dep_time,,MV,missing_value,缺失值：缺失哨兵(空串/NaN/empty 等),,,stage1,,,
1322,sched_dep_time,,MV,missing_value,缺失值：缺失哨兵(空串/NaN/empty 等),,,stage1,,,
1323,sched_dep_time,7:10aDec 1,FI,regex,列值主要为 12 小时制时间格式，可选 AM/PM 及带括号的时区偏移，少数异常值将被标记,,,stage1,,,
1325,sched_dep_time,6:40aDec 1,FI,regex,列值主要为 12 小时制时间格式，可选 AM/PM 及带括号的时区偏移，少数异常值将被标记,,,stage1,,,
1326,sched_dep_time,8:19aDec 1,FI,regex,列值主要为 12 小时制时间格式，可选 AM/PM 及带括号的时区偏移，少数异常值将被标记,,,stage1,,,
1327,sched_dep_time,8:41aDec 1,FI,regex,列值主要为 12 小时制时间格式，可选 AM/PM 及带括号的时区偏移，少数异常值将被标记,,,stage1,,,
1331,sched_dep_time,11:25aDec 1,FI,regex,列值主要为 12 小时制时间格式，可选 AM/PM 及带括号的时区偏移，少数异常值将被标记,,,stage1,,,
1332,sched_dep_time,10:39aDec 1,FI,regex,列值主要为 12 小时制时间格式，可选 AM/PM 及带括号的时区偏移，少数异常值将被标记,,,stage1,,,
1334,sched_dep_time,6:14aDec 1,FI,regex,列值主要为 12 小时制时间格式，可选 AM/PM 及带括号的时区偏移，少数异常值将被标记,,,stage1,,,
1335,sched_dep_time,12:30aDec 1,FI,regex,列值主要为 12 小时制时间格式，可选 AM/PM 及带括号的时区偏移，少数异常值将被标记,,,stage1,,,
1337,sched_dep_time,7:35aDec 1,FI,regex,列值主要为 12 小时制时间格式，可选 AM/PM 及带括号的时区偏移，少数异常值将被标记,,,stage1,,,
1338,sched_dep_time,9:45aDec 1,FI,regex,列值主要为 12 小时制时间格式，可选 AM/PM 及带括号的时区偏移，少数异常值将被标记,,,stage1,,,
1339,sched_dep_time,10:00aDec 1,FI,regex,列值主要为 12 小时制时间格式，可选 AM/PM 及带括号的时区偏移，少数异常值将被标记,,,stage1,,,
1340,sched_dep_time,8:15aDec 1,FI,regex,列值主要为 12 小时制时间格式，可选 AM/PM 及带括号的时区偏移，少数异常值将被标记,,,stage1,,,
1341,sched_dep_time,7:00aDec 1,FI,regex,列值主要为 12 小时制时间格式，可选 AM/PM 及带括号的时区偏移，少数异常值将被标记,,,stage1,,,
1343,sched_dep_time,10:45aDec 1,FI,regex,列值主要为 12 小时制时间格式，可选 AM/PM 及带括号的时区偏移，少数异常值将被标记,,,stage1,,,
1345,sched_dep_time,8:05aDec 1,FI,regex,列值主要为 12 小时制时间格式，可选 AM/PM 及带括号的时区偏移，少数异常值将被标记,,,stage1,,,
1347,sched_dep_time,11:50aDec 1,FI,regex,列值主要为 12 小时制时间格式，可选 AM/PM 及带括号的时区偏移，少数异常值将被标记,,,stage1,,,
1348,sched_dep_time,11:40aDec 1,FI,regex,列值主要为 12 小时制时间格式，可选 AM/PM 及带括号的时区偏移，少数异常值将被标记,,,stage1,,,
1349,sched_dep_time,6:00aDec 1,FI,regex,列值主要为 12 小时制时间格式，可选 AM/PM 及带括号的时区偏移，少数异常值将被标记,,,stage1,,,
1350,sched_dep_time,11:05aDec 1,FI,regex,列值主要为 12 小时制时间格式，可选 AM/PM 及带括号的时区偏移，少数异常值将被标记,,,stage1,,,
1351,sched_dep_time,6:00aDec 1,FI,regex,列值主要为 12 小时制时间格式，可选 AM/PM 及带括号的时区偏移，少数异常值将被标记,,,stage1,,,
1352,sched_dep_time,8:40aDec 1,FI,regex,列值主要为 12 小时制时间格式，可选 AM/PM 及带括号的时区偏移，少数异常值将被标记,,,stage1,,,
1353,sched_dep_time,10:15aDec 1,FI,regex,列值主要为 12 小时制时间格式，可选 AM/PM 及带括号的时区偏移，少数异常值将被标记,,,stage1,,,
1355,sched_dep_time,7:53aDec 1,FI,regex,列值主要为 12 小时制时间格式，可选 AM/PM 及带括号的时区偏移，少数异常值将被标记,,,stage1,,,
1357,sched_dep_time,11:45aDec 1,FI,regex,列值主要为 12 小时制时间格式，可选 AM/PM 及带括号的时区偏移，少数异常值将被标记,,,stage1,,,
1362,sched_dep_time,10:40aDec 1,FI,regex,列值主要为 12 小时制时间格式，可选 AM/PM 及带括号的时区偏移，少数异常值将被标记,,,stage1,,,
1365,sched_dep_time,7:15aDec 1,FI,regex,列值主要为 12 小时制时间格式，可选 AM/PM 及带括号的时区偏移，少数异常值将被标记,,,stage1,,,
1370,sched_dep_time,9:15aDec 1,FI,regex,列值主要为 12 小时制时间格式，可选 AM/PM 及带括号的时区偏移，少数异常值将被标记,,,stage1,,,
1371,sched_dep_time,6:00aDec 1,FI,regex,列值主要为 12 小时制时间格式，可选 AM/PM 及带括号的时区偏移，少数异常值将被标记,,,stage1,,,
1372,sched_dep_time,7:10aDec 1,FI,regex,列值主要为 12 小时制时间格式，可选 AM/PM 及带括号的时区偏移，少数异常值将被标记,,,stage1,,,
1377,sched_dep_time,10:25aDec 1,FI,regex,列值主要为 12 小时制时间格式，可选 AM/PM 及带括号的时区偏移，少数异常值将被标记,,,stage1,,,
1378,sched_dep_time,7:05aDec 1,FI,regex,列值主要为 12 小时制时间格式，可选 AM/PM 及带括号的时区偏移，少数异常值将被标记,,,stage1,,,
1379,sched_dep_time,10:40aDec 1,FI,regex,列值主要为 12 小时制时间格式，可选 AM/PM 及带括号的时区偏移，少数异常值将被标记,,,stage1,,,
1387,sched_dep_time,6:59aDec 1,FI,regex,列值主要为 12 小时制时间格式，可选 AM/PM 及带括号的时区偏移，少数异常值将被标记,,,stage1,,,
1388,sched_dep_time,8:35aDec 1,FI,regex,列值主要为 12 小时制时间格式，可选 AM/PM 及带括号的时区偏移，少数异常值将被标记,,,stage1,,,
1391,sched_dep_time,7:35aDec 1,FI,regex,列值主要为 12 小时制时间格式，可选 AM/PM 及带括号的时区偏移，少数异常值将被标记,,,stage1,,,
1395,sched_dep_time,11:15aDec 1,FI,regex,列值主要为 12 小时制时间格式，可选 AM/PM 及带括号的时区偏移，少数异常值将被标记,,,stage1,,,
1399,sched_dep_time,8:55aDec 1,FI,regex,列值主要为 12 小时制时间格式，可选 AM/PM 及带括号的时区偏移，少数异常值将被标记,,,stage1,,,
1402,sched_dep_time,7:15aDec 1,FI,regex,列值主要为 12 小时制时间格式，可选 AM/PM 及带括号的时区偏移，少数异常值将被标记,,,stage1,,,
1404,sched_dep_time,7:55aDec 1,FI,regex,列值主要为 12 小时制时间格式，可选 AM/PM 及带括号的时区偏移，少数异常值将被标记,,,stage1,,,
1405,sched_dep_time,9:05aDec 1,FI,regex,列值主要为 12 小时制时间格式，可选 AM/PM 及带括号的时区偏移，少数异常值将被标记,,,stage1,,,
1407,sched_dep_time,8:35aDec 1,FI,regex,列值主要为 12 小时制时间格式，可选 AM/PM 及带括号的时区偏移，少数异常值将被标记,,,stage1,,,
1409,sched_dep_time,7:30aDec 1,FI,regex,列值主要为 12 小时制时间格式，可选 AM/PM 及带括号的时区偏移，少数异常值将被标记,,,stage1,,,
1410,sched_dep_time,11:25aDec 1,FI,regex,列值主要为 12 小时制时间格式，可选 AM/PM 及带括号的时区偏移，少数异常值将被标记,,,stage1,,,
1412,sched_dep_time,11:35aDec 1,FI,regex,列值主要为 12 小时制时间格式，可选 AM/PM 及带括号的时区偏移，少数异常值将被标记,,,stage1,,,
1413,sched_dep_time,7:25aDec 1,FI,regex,列值主要为 12 小时制时间格式，可选 AM/PM 及带括号的时区偏移，少数异常值将被标记,,,stage1,,,
1415,sched_dep_time,11:55aDec 1,FI,regex,列值主要为 12 小时制时间格式，可选 AM/PM 及带括号的时区偏移，少数异常值将被标记,,,stage1,,,
1416,sched_dep_time,10:40aDec 1,FI,regex,列值主要为 12 小时制时间格式，可选 AM/PM 及带括号的时区偏移，少数异常值将被标记,,,stage1,,,
1417,sched_dep_time,6:45aDec 1,FI,regex,列值主要为 12 小时制时间格式，可选 AM/PM 及带括号的时区偏移，少数异常值将被标记,,,stage1,,,
1419,sched_dep_time,6:00aDec 1,FI,regex,列值主要为 12 小时制时间格式，可选 AM/PM 及带括号的时区偏移，少数异常值将被标记,,,stage1,,,
1420,sched_dep_time,7:10aDec 1,FI,regex,列值主要为 12 小时制时间格式，可选 AM/PM 及带括号的时区偏移，少数异常值将被标记,,,stage1,,,
1421,sched_dep_time,7:10aDec 1,FI,regex,列值主要为 12 小时制时间格式，可选 AM/PM 及带括号的时区偏移，少数异常值将被标记,,,stage1,,,
1422,sched_dep_time,,MV,missing_value,缺失值：缺失哨兵(空串/NaN/empty 等),,,stage1,,,
1423,sched_dep_time,,MV,missing_value,缺失值：缺失哨兵(空串/NaN/empty 等),,,stage1,,,
1425,sched_dep_time,,MV,missing_value,缺失值：缺失哨兵(空串/NaN/empty 等),,,stage1,,,
1481,sched_dep_time,,MV,missing_value,缺失值：缺失哨兵(空串/NaN/empty 等),,,stage1,,,
1482,sched_dep_time,,MV,missing_value,缺失值：缺失哨兵(空串/NaN/empty 等),,,stage1,,,
1483,sched_dep_time,,MV,missing_value,缺失值：缺失哨兵(空串/NaN/empty 等),,,stage1,,,
1484,sched_dep_time,,MV,missing_value,缺失值：缺失哨兵(空串/NaN/empty 等),,,stage1,,,
1485,sched_dep_time,,MV,missing_value,缺失值：缺失哨兵(空串/NaN/empty 等),,,stage1,,,
1486,sched_dep_time,,MV,missing_value,缺失值：缺失哨兵(空串/NaN/empty 等),,,stage1,,,
1487,sched_dep_time,,MV,missing_value,缺失值：缺失哨兵(空串/NaN/empty 等),,,stage1,,,
1489,sched_dep_time,,MV,missing_value,缺失值：缺失哨兵(空串/NaN/empty 等),,,stage1,,,
1490,sched_dep_time,,MV,missing_value,缺失值：缺失哨兵(空串/NaN/empty 等),,,stage1,,,
1491,sched_dep_time,,MV,missing_value,缺失值：缺失哨兵(空串/NaN/empty 等),,,stage1,,,
1492,sched_dep_time,,MV,missing_value,缺失值：缺失哨兵(空串/NaN/empty 等),,,stage1,,,
1493,sched_dep_time,,MV,missing_value,缺失值：缺失哨兵(空串/NaN/empty 等),,,stage1,,,
1495,sched_dep_time,,MV,missing_value,缺失值：缺失哨兵(空串/NaN/empty 等),,,stage1,,,
1496,sched_dep_time,,MV,missing_value,缺失值：缺失哨兵(空串/NaN/empty 等),,,stage1,,,
1497,sched_dep_time,,MV,missing_value,缺失值：缺失哨兵(空串/NaN/empty 等),,,stage1,,,
1498,sched_dep_time,,MV,missing_value,缺失值：缺失哨兵(空串/NaN/empty 等),,,stage1,,,
1500,sched_dep_time,,MV,missing_value,缺失值：缺失哨兵(空串/NaN/empty 等),,,stage1,,,
1503,sched_dep_time,,MV,missing_value,缺失值：缺失哨兵(空串/NaN/empty 等),,,stage1,,,
1504,sched_dep_time,,MV,missing_value,缺失值：缺失哨兵(空串/NaN/empty 等),,,stage1,,,
1505,sched_dep_time,,MV,missing_value,缺失值：缺失哨兵(空串/NaN/empty 等),,,stage1,,,
1506,sched_dep_time,,MV,missing_value,缺失值：缺失哨兵(空串/NaN/empty 等),,,stage1,,,
1507,sched_dep_time,,MV,missing_value,缺失值：缺失哨兵(空串/NaN/empty 等),,,stage1,,,
1510,sched_dep_time,,MV,missing_value,缺失值：缺失哨兵(空串/NaN/empty 等),,,stage1,,,
1511,sched_dep_time,,MV,missing_value,缺失值：缺失哨兵(空串/NaN/empty 等),,,stage1,,,
1513,sched_dep_time,,MV,missing_value,缺失值：缺失哨兵(空串/NaN/empty 等),,,stage1,,,
1514,sched_dep_time,,MV,missing_value,缺失值：缺失哨兵(空串/NaN/empty 等),,,stage1,,,
1517,sched_dep_time,,MV,missing_value,缺失值：缺失哨兵(空串/NaN/empty 等),,,stage1,,,
1518,sched_dep_time,,MV,missing_value,缺失值：缺失哨兵(空串/NaN/empty 等),,,stage1,,,
1519,sched_dep_time,,MV,missing_value,缺失值：缺失哨兵(空串/NaN/empty 等),,,stage1,,,
1520,sched_dep_time,,MV,missing_value,缺失值：缺失哨兵(空串/NaN/empty 等),,,stage1,,,
1521,sched_dep_time,,MV,missing_value,缺失值：缺失哨兵(空串/NaN/empty 等),,,stage1,,,
1522,sched_dep_time,,MV,missing_value,缺失值：缺失哨兵(空串/NaN/empty 等),,,stage1,,,
1523,sched_dep_time,,MV,missing_value,缺失值：缺失哨兵(空串/NaN/empty 等),,,stage1,,,
1526,sched_dep_time,,MV,missing_value,缺失值：缺失哨兵(空串/NaN/empty 等),,,stage1,,,
1527,sched_dep_time,,MV,missing_value,缺失值：缺失哨兵(空串/NaN/empty 等),,,stage1,,,
1529,sched_dep_time,,MV,missing_value,缺失值：缺失哨兵(空串/NaN/empty 等),,,stage1,,,
1530,sched_dep_time,,MV,missing_value,缺失值：缺失哨兵(空串/NaN/empty 等),,,stage1,,,
1531,sched_dep_time,,MV,missing_value,缺失值：缺失哨兵(空串/NaN/empty 等),,,stage1,,,
1532,sched_dep_time,,MV,missing_value,缺失值：缺失哨兵(空串/NaN/empty 等),,,stage1,,,
1534,sched_dep_time,,MV,missing_value,缺失值：缺失哨兵(空串/NaN/empty 等),,,stage1,,,
1536,sched_dep_time,,MV,missing_value,缺失值：缺失哨兵(空串/NaN/empty 等),,,stage1,,,
1537,sched_dep_time,,MV,missing_value,缺失值：缺失哨兵(空串/NaN/empty 等),,,stage1,,,
1538,sched_dep_time,,MV,missing_value,缺失值：缺失哨兵(空串/NaN/empty 等),,,stage1,,,
1539,sched_dep_time,,MV,missing_value,缺失值：缺失哨兵(空串/NaN/empty 等),,,stage1,,,
1540,sched_dep_time,,MV,missing_value,缺失值：缺失哨兵(空串/NaN/empty 等),,,stage1,,,
1541,sched_dep_time,,MV,missing_value,缺失值：缺失哨兵(空串/NaN/empty 等),,,stage1,,,
1542,sched_dep_time,,MV,missing_value,缺失值：缺失哨兵(空串/NaN/empty 等),,,stage1,,,
1544,sched_dep_time,,MV,missing_value,缺失值：缺失哨兵(空串/NaN/empty 等),,,stage1,,,
1545,sched_dep_time,,MV,missing_value,缺失值：缺失哨兵(空串/NaN/empty 等),,,stage1,,,
1546,sched_dep_time,,MV,missing_value,缺失值：缺失哨兵(空串/NaN/empty 等),,,stage1,,,
1547,sched_dep_time,,MV,missing_value,缺失值：缺失哨兵(空串/NaN/empty 等),,,stage1,,,
1549,sched_dep_time,,MV,missing_value,缺失值：缺失哨兵(空串/NaN/empty 等),,,stage1,,,
1550,sched_dep_time,,MV,missing_value,缺失值：缺失哨兵(空串/NaN/empty 等),,,stage1,,,
1551,sched_dep_time,,MV,missing_value,缺失值：缺失哨兵(空串/NaN/empty 等),,,stage1,,,
1552,sched_dep_time,,MV,missing_value,缺失值：缺失哨兵(空串/NaN/empty 等),,,stage1,,,
1553,sched_dep_time,,MV,missing_value,缺失值：缺失哨兵(空串/NaN/empty 等),,,stage1,,,
1554,sched_dep_time,,MV,missing_value,缺失值：缺失哨兵(空串/NaN/empty 等),,,stage1,,,
1555,sched_dep_time,,MV,missing_value,缺失值：缺失哨兵(空串/NaN/empty 等),,,stage1,,,
1556,sched_dep_time,,MV,missing_value,缺失值：缺失哨兵(空串/NaN/empty 等),,,stage1,,,
1558,sched_dep_time,,MV,missing_value,缺失值：缺失哨兵(空串/NaN/empty 等),,,stage1,,,
1560,sched_dep_time,,MV,missing_value,缺失值：缺失哨兵(空串/NaN/empty 等),,,stage1,,,
1561,sched_dep_time,,MV,missing_value,缺失值：缺失哨兵(空串/NaN/empty 等),,,stage1,,,
1562,sched_dep_time,,MV,missing_value,缺失值：缺失哨兵(空串/NaN/empty 等),,,stage1,,,
1563,sched_dep_time,,MV,missing_value,缺失值：缺失哨兵(空串/NaN/empty 等),,,stage1,,,
1564,sched_dep_time,,MV,missing_value,缺失值：缺失哨兵(空串/NaN/empty 等),,,stage1,,,
1567,sched_dep_time,,MV,missing_value,缺失值：缺失哨兵(空串/NaN/empty 等),,,stage1,,,
1568,sched_dep_time,,MV,missing_value,缺失值：缺失哨兵(空串/NaN/empty 等),,,stage1,,,
1569,sched_dep_time,,MV,missing_value,缺失值：缺失哨兵(空串/NaN/empty 等),,,stage1,,,
1570,sched_dep_time,,MV,missing_value,缺失值：缺失哨兵(空串/NaN/empty 等),,,stage1,,,
1571,sched_dep_time,,MV,missing_value,缺失值：缺失哨兵(空串/NaN/empty 等),,,stage1,,,
1573,sched_dep_time,,MV,missing_value,缺失值：缺失哨兵(空串/NaN/empty 等),,,stage1,,,
1574,sched_dep_time,,MV,missing_value,缺失值：缺失哨兵(空串/NaN/empty 等),,,stage1,,,
1575,sched_dep_time,,MV,missing_value,缺失值：缺失哨兵(空串/NaN/empty 等),,,stage1,,,
1576,sched_dep_time,,MV,missing_value,缺失值：缺失哨兵(空串/NaN/empty 等),,,stage1,,,
1577,sched_dep_time,,MV,missing_value,缺失值：缺失哨兵(空串/NaN/empty 等),,,stage1,,,
1578,sched_dep_time,,MV,missing_value,缺失值：缺失哨兵(空串/NaN/empty 等),,,stage1,,,
1580,sched_dep_time,,MV,missing_value,缺失值：缺失哨兵(空串/NaN/empty 等),,,stage1,,,
1581,sched_dep_time,,MV,missing_value,缺失值：缺失哨兵(空串/NaN/empty 等),,,stage1,,,
1582,sched_dep_time,,MV,missing_value,缺失值：缺失哨兵(空串/NaN/empty 等),,,stage1,,,
1584,sched_dep_time,,MV,missing_value,缺失值：缺失哨兵(空串/NaN/empty 等),,,stage1,,,
1585,sched_dep_time,,MV,missing_value,缺失值：缺失哨兵(空串/NaN/empty 等),,,stage1,,,
1586,sched_dep_time,,MV,missing_value,缺失值：缺失哨兵(空串/NaN/empty 等),,,stage1,,,
1589,sched_dep_time,8:41aDec 1,FI,regex,列值主要为 12 小时制时间格式，可选 AM/PM 及带括号的时区偏移，少数异常值将被标记,,,stage1,,,
1592,sched_dep_time,10:39aDec 1,FI,regex,列值主要为 12 小时制时间格式，可选 AM/PM 及带括号的时区偏移，少数异常值将被标记,,,stage1,,,
1594,sched_dep_time,12:30aDec 1,FI,regex,列值主要为 12 小时制时间格式，可选 AM/PM 及带括号的时区偏移，少数异常值将被标记,,,stage1,,,
1596,sched_dep_time,9:45aDec 1,FI,regex,列值主要为 12 小时制时间格式，可选 AM/PM 及带括号的时区偏移，少数异常值将被标记,,,stage1,,,
1597,sched_dep_time,7:00aDec 1,FI,regex,列值主要为 12 小时制时间格式，可选 AM/PM 及带括号的时区偏移，少数异常值将被标记,,,stage1,,,
1599,sched_dep_time,11:40aDec 1,FI,regex,列值主要为 12 小时制时间格式，可选 AM/PM 及带括号的时区偏移，少数异常值将被标记,,,stage1,,,
1600,sched_dep_time,6:00aDec 1,FI,regex,列值主要为 12 小时制时间格式，可选 AM/PM 及带括号的时区偏移，少数异常值将被标记,,,stage1,,,
1601,sched_dep_time,11:05aDec 1,FI,regex,列值主要为 12 小时制时间格式，可选 AM/PM 及带括号的时区偏移，少数异常值将被标记,,,stage1,,,
1603,sched_dep_time,7:30aDec 1,FI,regex,列值主要为 12 小时制时间格式，可选 AM/PM 及带括号的时区偏移，少数异常值将被标记,,,stage1,,,
1606,sched_dep_time,11:45aDec 1,FI,regex,列值主要为 12 小时制时间格式，可选 AM/PM 及带括号的时区偏移，少数异常值将被标记,,,stage1,,,
1610,sched_dep_time,6:00aDec 1,FI,regex,列值主要为 12 小时制时间格式，可选 AM/PM 及带括号的时区偏移，少数异常值将被标记,,,stage1,,,
1611,sched_dep_time,7:10aDec 1,FI,regex,列值主要为 12 小时制时间格式，可选 AM/PM 及带括号的时区偏移，少数异常值将被标记,,,stage1,,,
1613,sched_dep_time,7:25aDec 1,FI,regex,列值主要为 12 小时制时间格式，可选 AM/PM 及带括号的时区偏移，少数异常值将被标记,,,stage1,,,
1615,sched_dep_time,7:05aDec 1,FI,regex,列值主要为 12 小时制时间格式，可选 AM/PM 及带括号的时区偏移，少数异常值将被标记,,,stage1,,,
1620,sched_dep_time,6:59aDec 1,FI,regex,列值主要为 12 小时制时间格式，可选 AM/PM 及带括号的时区偏移，少数异常值将被标记,,,stage1,,,
1621,sched_dep_time,8:35aDec 1,FI,regex,列值主要为 12 小时制时间格式，可选 AM/PM 及带括号的时区偏移，少数异常值将被标记,,,stage1,,,
1622,sched_dep_time,Not Available,FI,regex,列值主要为 12 小时制时间格式，可选 AM/PM 及带括号的时区偏移，少数异常值将被标记,,,stage1,,,
1628,sched_dep_time,Not Available,FI,regex,列值主要为 12 小时制时间格式，可选 AM/PM 及带括号的时区偏移，少数异常值将被标记,,,stage1,,,
1630,sched_dep_time,9:05aDec 1,FI,regex,列值主要为 12 小时制时间格式，可选 AM/PM 及带括号的时区偏移，少数异常值将被标记,,,stage1,,,
1631,sched_dep_time,7:10aDec 1,FI,regex,列值主要为 12 小时制时间格式，可选 AM/PM 及带括号的时区偏移，少数异常值将被标记,,,stage1,,,
1632,sched_dep_time,8:35aDec 1,FI,regex,列值主要为 12 小时制时间格式，可选 AM/PM 及带括号的时区偏移，少数异常值将被标记,,,stage1,,,
1633,sched_dep_time,11:25aDec 1,FI,regex,列值主要为 12 小时制时间格式，可选 AM/PM 及带括号的时区偏移，少数异常值将被标记,,,stage1,,,
1636,sched_dep_time,6:45aDec 1,FI,regex,列值主要为 12 小时制时间格式，可选 AM/PM 及带括号的时区偏移，少数异常值将被标记,,,stage1,,,
1642,sched_dep_time,11/30 8:00 p.m.,FI,regex,列值主要为 12 小时制时间格式，可选 AM/PM 及带括号的时区偏移，少数异常值将被标记,,,stage1,,,
1643,sched_dep_time,11/30 4:16 p.m.,FI,regex,列值主要为 12 小时制时间格式，可选 AM/PM 及带括号的时区偏移，少数异常值将被标记,,,stage1,,,
1645,sched_dep_time,11/30 6:45 p.m.,FI,regex,列值主要为 12 小时制时间格式，可选 AM/PM 及带括号的时区偏移，少数异常值将被标记,,,stage1,,,
1649,sched_dep_time,11/30 4:00 p.m.,FI,regex,列值主要为 12 小时制时间格式，可选 AM/PM 及带括号的时区偏移，少数异常值将被标记,,,stage1,,,
1650,sched_dep_time,11/30 11:55 p.m.,FI,regex,列值主要为 12 小时制时间格式，可选 AM/PM 及带括号的时区偏移，少数异常值将被标记,,,stage1,,,
1651,sched_dep_time,11/30 11:25 a.m.,FI,regex,列值主要为 12 小时制时间格式，可选 AM/PM 及带括号的时区偏移，少数异常值将被标记,,,stage1,,,
1653,sched_dep_time,11/30 7:45 p.m.,FI,regex,列值主要为 12 小时制时间格式，可选 AM/PM 及带括号的时区偏移，少数异常值将被标记,,,stage1,,,
1655,sched_dep_time,11/30 11:08 p.m.,FI,regex,列值主要为 12 小时制时间格式，可选 AM/PM 及带括号的时区偏移，少数异常值将被标记,,,stage1,,,
1657,sched_dep_time,11/30 12:57 p.m.,FI,regex,列值主要为 12 小时制时间格式，可选 AM/PM 及带括号的时区偏移，少数异常值将被标记,,,stage1,,,
1660,sched_dep_time,11/30 1:55 p.m.,FI,regex,列值主要为 12 小时制时间格式，可选 AM/PM 及带括号的时区偏移，少数异常值将被标记,,,stage1,,,
1759,sched_dep_time,,MV,missing_value,缺失值：缺失哨兵(空串/NaN/empty 等),,,stage1,,,
1762,sched_dep_time,,MV,missing_value,缺失值：缺失哨兵(空串/NaN/empty 等),,,stage1,,,
1766,sched_dep_time,,MV,missing_value,缺失值：缺失哨兵(空串/NaN/empty 等),,,stage1,,,
1767,sched_dep_time,,MV,missing_value,缺失值：缺失哨兵(空串/NaN/empty 等),,,stage1,,,
1769,sched_dep_time,,MV,missing_value,缺失值：缺失哨兵(空串/NaN/empty 等),,,stage1,,,
1770,sched_dep_time,,MV,missing_value,缺失值：缺失哨兵(空串/NaN/empty 等),,,stage1,,,
1772,sched_dep_time,,MV,missing_value,缺失值：缺失哨兵(空串/NaN/empty 等),,,stage1,,,
1773,sched_dep_time,,MV,missing_value,缺失值：缺失哨兵(空串/NaN/empty 等),,,stage1,,,
1775,sched_dep_time,,MV,missing_value,缺失值：缺失哨兵(空串/NaN/empty 等),,,stage1,,,
1778,sched_dep_time,,MV,missing_value,缺失值：缺失哨兵(空串/NaN/empty 等),,,stage1,,,
1779,sched_dep_time,,MV,missing_value,缺失值：缺失哨兵(空串/NaN/empty 等),,,stage1,,,
1780,sched_dep_time,,MV,missing_value,缺失值：缺失哨兵(空串/NaN/empty 等),,,stage1,,,
1781,sched_dep_time,,MV,missing_value,缺失值：缺失哨兵(空串/NaN/empty 等),,,stage1,,,
1783,sched_dep_time,,MV,missing_value,缺失值：缺失哨兵(空串/NaN/empty 等),,,stage1,,,
1786,sched_dep_time,,MV,missing_value,缺失值：缺失哨兵(空串/NaN/empty 等),,,stage1,,,
1787,sched_dep_time,,MV,missing_value,缺失值：缺失哨兵(空串/NaN/empty 等),,,stage1,,,
1790,sched_dep_time,,MV,missing_value,缺失值：缺失哨兵(空串/NaN/empty 等),,,stage1,,,
1791,sched_dep_time,,MV,missing_value,缺失值：缺失哨兵(空串/NaN/empty 等),,,stage1,,,
1792,sched_dep_time,,MV,missing_value,缺失值：缺失哨兵(空串/NaN/empty 等),,,stage1,,,
1795,sched_dep_time,,MV,missing_value,缺失值：缺失哨兵(空串/NaN/empty 等),,,stage1,,,
1796,sched_dep_time,,MV,missing_value,缺失值：缺失哨兵(空串/NaN/empty 等),,,stage1,,,
1798,sched_dep_time,,MV,missing_value,缺失值：缺失哨兵(空串/NaN/empty 等),,,stage1,,,
1799,sched_dep_time,,MV,missing_value,缺失值：缺失哨兵(空串/NaN/empty 等),,,stage1,,,
1804,sched_dep_time,,MV,missing_value,缺失值：缺失哨兵(空串/NaN/empty 等),,,stage1,,,
1808,sched_dep_time,,MV,missing_value,缺失值：缺失哨兵(空串/NaN/empty 等),,,stage1,,,
1810,sched_dep_time,,MV,missing_value,缺失值：缺失哨兵(空串/NaN/empty 等),,,stage1,,,
1812,sched_dep_time,,MV,missing_value,缺失值：缺失哨兵(空串/NaN/empty 等),,,stage1,,,
1813,sched_dep_time,,MV,missing_value,缺失值：缺失哨兵(空串/NaN/empty 等),,,stage1,,,
1814,sched_dep_time,,MV,missing_value,缺失值：缺失哨兵(空串/NaN/empty 等),,,stage1,,,
1817,sched_dep_time,,MV,missing_value,缺失值：缺失哨兵(空串/NaN/empty 等),,,stage1,,,
1824,sched_dep_time,,MV,missing_value,缺失值：缺失哨兵(空串/NaN/empty 等),,,stage1,,,
1826,sched_dep_time,,MV,missing_value,缺失值：缺失哨兵(空串/NaN/empty 等),,,stage1,,,
1827,sched_dep_time,,MV,missing_value,缺失值：缺失哨兵(空串/NaN/empty 等),,,stage1,,,
1830,sched_dep_time,,MV,missing_value,缺失值：缺失哨兵(空串/NaN/empty 等),,,stage1,,,
1831,sched_dep_time,,MV,missing_value,缺失值：缺失哨兵(空串/NaN/empty 等),,,stage1,,,
1832,sched_dep_time,,MV,missing_value,缺失值：缺失哨兵(空串/NaN/empty 等),,,stage1,,,
1833,sched_dep_time,,MV,missing_value,缺失值：缺失哨兵(空串/NaN/empty 等),,,stage1,,,
1834,sched_dep_time,,MV,missing_value,缺失值：缺失哨兵(空串/NaN/empty 等),,,stage1,,,
1835,sched_dep_time,,MV,missing_value,缺失值：缺失哨兵(空串/NaN/empty 等),,,stage1,,,
1841,sched_dep_time,,MV,missing_value,缺失值：缺失哨兵(空串/NaN/empty 等),,,stage1,,,
1843,sched_dep_time,,MV,missing_value,缺失值：缺失哨兵(空串/NaN/empty 等),,,stage1,,,
1846,sched_dep_time,,MV,missing_value,缺失值：缺失哨兵(空串/NaN/empty 等),,,stage1,,,
1850,sched_dep_time,,MV,missing_value,缺失值：缺失哨兵(空串/NaN/empty 等),,,stage1,,,
1951,sched_dep_time,,MV,missing_value,缺失值：缺失哨兵(空串/NaN/empty 等),,,stage1,,,
1954,sched_dep_time,,MV,missing_value,缺失值：缺失哨兵(空串/NaN/empty 等),,,stage1,,,
1958,sched_dep_time,,MV,missing_value,缺失值：缺失哨兵(空串/NaN/empty 等),,,stage1,,,
1959,sched_dep_time,,MV,missing_value,缺失值：缺失哨兵(空串/NaN/empty 等),,,stage1,,,
1961,sched_dep_time,,MV,missing_value,缺失值：缺失哨兵(空串/NaN/empty 等),,,stage1,,,
1962,sched_dep_time,,MV,missing_value,缺失值：缺失哨兵(空串/NaN/empty 等),,,stage1,,,
1964,sched_dep_time,,MV,missing_value,缺失值：缺失哨兵(空串/NaN/empty 等),,,stage1,,,
1965,sched_dep_time,,MV,missing_value,缺失值：缺失哨兵(空串/NaN/empty 等),,,stage1,,,
1967,sched_dep_time,,MV,missing_value,缺失值：缺失哨兵(空串/NaN/empty 等),,,stage1,,,
1970,sched_dep_time,,MV,missing_value,缺失值：缺失哨兵(空串/NaN/empty 等),,,stage1,,,
1971,sched_dep_time,,MV,missing_value,缺失值：缺失哨兵(空串/NaN/empty 等),,,stage1,,,
1972,sched_dep_time,,MV,missing_value,缺失值：缺失哨兵(空串/NaN/empty 等),,,stage1,,,
1973,sched_dep_time,,MV,missing_value,缺失值：缺失哨兵(空串/NaN/empty 等),,,stage1,,,
1975,sched_dep_time,,MV,missing_value,缺失值：缺失哨兵(空串/NaN/empty 等),,,stage1,,,
1978,sched_dep_time,,MV,missing_value,缺失值：缺失哨兵(空串/NaN/empty 等),,,stage1,,,
1979,sched_dep_time,,MV,missing_value,缺失值：缺失哨兵(空串/NaN/empty 等),,,stage1,,,
1982,sched_dep_time,,MV,missing_value,缺失值：缺失哨兵(空串/NaN/empty 等),,,stage1,,,
1983,sched_dep_time,,MV,missing_value,缺失值：缺失哨兵(空串/NaN/empty 等),,,stage1,,,
1984,sched_dep_time,,MV,missing_value,缺失值：缺失哨兵(空串/NaN/empty 等),,,stage1,,,
1987,sched_dep_time,,MV,missing_value,缺失值：缺失哨兵(空串/NaN/empty 等),,,stage1,,,
1988,sched_dep_time,,MV,missing_value,缺失值：缺失哨兵(空串/NaN/empty 等),,,stage1,,,
1990,sched_dep_time,,MV,missing_value,缺失值：缺失哨兵(空串/NaN/empty 等),,,stage1,,,
1991,sched_dep_time,,MV,missing_value,缺失值：缺失哨兵(空串/NaN/empty 等),,,stage1,,,
1996,sched_dep_time,,MV,missing_value,缺失值：缺失哨兵(空串/NaN/empty 等),,,stage1,,,
2000,sched_dep_time,,MV,missing_value,缺失值：缺失哨兵(空串/NaN/empty 等),,,stage1,,,
2002,sched_dep_time,,MV,missing_value,缺失值：缺失哨兵(空串/NaN/empty 等),,,stage1,,,
2004,sched_dep_time,,MV,missing_value,缺失值：缺失哨兵(空串/NaN/empty 等),,,stage1,,,
2005,sched_dep_time,,MV,missing_value,缺失值：缺失哨兵(空串/NaN/empty 等),,,stage1,,,
2009,sched_dep_time,,MV,missing_value,缺失值：缺失哨兵(空串/NaN/empty 等),,,stage1,,,
2016,sched_dep_time,,MV,missing_value,缺失值：缺失哨兵(空串/NaN/empty 等),,,stage1,,,
2018,sched_dep_time,,MV,missing_value,缺失值：缺失哨兵(空串/NaN/empty 等),,,stage1,,,
2019,sched_dep_time,,MV,missing_value,缺失值：缺失哨兵(空串/NaN/empty 等),,,stage1,,,
2022,sched_dep_time,,MV,missing_value,缺失值：缺失哨兵(空串/NaN/empty 等),,,stage1,,,
2023,sched_dep_time,,MV,missing_value,缺失值：缺失哨兵(空串/NaN/empty 等),,,stage1,,,
2024,sched_dep_time,,MV,missing_value,缺失值：缺失哨兵(空串/NaN/empty 等),,,stage1,,,
2025,sched_dep_time,,MV,missing_value,缺失值：缺失哨兵(空串/NaN/empty 等),,,stage1,,,
2026,sched_dep_time,,MV,missing_value,缺失值：缺失哨兵(空串/NaN/empty 等),,,stage1,,,
2027,sched_dep_time,,MV,missing_value,缺失值：缺失哨兵(空串/NaN/empty 等),,,stage1,,,
2033,sched_dep_time,,MV,missing_value,缺失值：缺失哨兵(空串/NaN/empty 等),,,stage1,,,
2035,sched_dep_time,,MV,missing_value,缺失值：缺失哨兵(空串/NaN/empty 等),,,stage1,,,
2038,sched_dep_time,,MV,missing_value,缺失值：缺失哨兵(空串/NaN/empty 等),,,stage1,,,
2042,sched_dep_time,,MV,missing_value,缺失值：缺失哨兵(空串/NaN/empty 等),,,stage1,,,
2051,sched_dep_time,,MV,missing_value,缺失值：缺失哨兵(空串/NaN/empty 等),,,stage1,,,
2054,sched_dep_time,,MV,missing_value,缺失值：缺失哨兵(空串/NaN/empty 等),,,stage1,,,
2058,sched_dep_time,,MV,missing_value,缺失值：缺失哨兵(空串/NaN/empty 等),,,stage1,,,
2059,sched_dep_time,,MV,missing_value,缺失值：缺失哨兵(空串/NaN/empty 等),,,stage1,,,
2061,sched_dep_time,,MV,missing_value,缺失值：缺失哨兵(空串/NaN/empty 等),,,stage1,,,
2062,sched_dep_time,,MV,missing_value,缺失值：缺失哨兵(空串/NaN/empty 等),,,stage1,,,
2064,sched_dep_time,,MV,missing_value,缺失值：缺失哨兵(空串/NaN/empty 等),,,stage1,,,
2065,sched_dep_time,,MV,missing_value,缺失值：缺失哨兵(空串/NaN/empty 等),,,stage1,,,
2067,sched_dep_time,,MV,missing_value,缺失值：缺失哨兵(空串/NaN/empty 等),,,stage1,,,
2070,sched_dep_time,,MV,missing_value,缺失值：缺失哨兵(空串/NaN/empty 等),,,stage1,,,
2071,sched_dep_time,,MV,missing_value,缺失值：缺失哨兵(空串/NaN/empty 等),,,stage1,,,
2072,sched_dep_time,,MV,missing_value,缺失值：缺失哨兵(空串/NaN/empty 等),,,stage1,,,
2073,sched_dep_time,,MV,missing_value,缺失值：缺失哨兵(空串/NaN/empty 等),,,stage1,,,
2075,sched_dep_time,,MV,missing_value,缺失值：缺失哨兵(空串/NaN/empty 等),,,stage1,,,
2078,sched_dep_time,,MV,missing_value,缺失值：缺失哨兵(空串/NaN/empty 等),,,stage1,,,
2079,sched_dep_time,,MV,missing_value,缺失值：缺失哨兵(空串/NaN/empty 等),,,stage1,,,
2082,sched_dep_time,,MV,missing_value,缺失值：缺失哨兵(空串/NaN/empty 等),,,stage1,,,
2083,sched_dep_time,,MV,missing_value,缺失值：缺失哨兵(空串/NaN/empty 等),,,stage1,,,
2084,sched_dep_time,,MV,missing_value,缺失值：缺失哨兵(空串/NaN/empty 等),,,stage1,,,
2087,sched_dep_time,,MV,missing_value,缺失值：缺失哨兵(空串/NaN/empty 等),,,stage1,,,
2088,sched_dep_time,,MV,missing_value,缺失值：缺失哨兵(空串/NaN/empty 等),,,stage1,,,
2090,sched_dep_time,,MV,missing_value,缺失值：缺失哨兵(空串/NaN/empty 等),,,stage1,,,
2091,sched_dep_time,,MV,missing_value,缺失值：缺失哨兵(空串/NaN/empty 等),,,stage1,,,
2096,sched_dep_time,,MV,missing_value,缺失值：缺失哨兵(空串/NaN/empty 等),,,stage1,,,
2100,sched_dep_time,,MV,missing_value,缺失值：缺失哨兵(空串/NaN/empty 等),,,stage1,,,
2102,sched_dep_time,,MV,missing_value,缺失值：缺失哨兵(空串/NaN/empty 等),,,stage1,,,
2104,sched_dep_time,,MV,missing_value,缺失值：缺失哨兵(空串/NaN/empty 等),,,stage1,,,
2105,sched_dep_time,,MV,missing_value,缺失值：缺失哨兵(空串/NaN/empty 等),,,stage1,,,
2106,sched_dep_time,,MV,missing_value,缺失值：缺失哨兵(空串/NaN/empty 等),,,stage1,,,
2109,sched_dep_time,,MV,missing_value,缺失值：缺失哨兵(空串/NaN/empty 等),,,stage1,,,
2116,sched_dep_time,,MV,missing_value,缺失值：缺失哨兵(空串/NaN/empty 等),,,stage1,,,
2118,sched_dep_time,,MV,missing_value,缺失值：缺失哨兵(空串/NaN/empty 等),,,stage1,,,
2119,sched_dep_time,,MV,missing_value,缺失值：缺失哨兵(空串/NaN/empty 等),,,stage1,,,
2122,sched_dep_time,,MV,missing_value,缺失值：缺失哨兵(空串/NaN/empty 等),,,stage1,,,
2123,sched_dep_time,,MV,missing_value,缺失值：缺失哨兵(空串/NaN/empty 等),,,stage1,,,
2124,sched_dep_time,,MV,missing_value,缺失值：缺失哨兵(空串/NaN/empty 等),,,stage1,,,
2125,sched_dep_time,,MV,missing_value,缺失值：缺失哨兵(空串/NaN/empty 等),,,stage1,,,
2126,sched_dep_time,,MV,missing_value,缺失值：缺失哨兵(空串/NaN/empty 等),,,stage1,,,
2127,sched_dep_time,,MV,missing_value,缺失值：缺失哨兵(空串/NaN/empty 等),,,stage1,,,
2133,sched_dep_time,,MV,missing_value,缺失值：缺失哨兵(空串/NaN/empty 等),,,stage1,,,
2135,sched_dep_time,,MV,missing_value,缺失值：缺失哨兵(空串/NaN/empty 等),,,stage1,,,
2138,sched_dep_time,,MV,missing_value,缺失值：缺失哨兵(空串/NaN/empty 等),,,stage1,,,
2142,sched_dep_time,,MV,missing_value,缺失值：缺失哨兵(空串/NaN/empty 等),,,stage1,,,
2151,sched_dep_time,,MV,missing_value,缺失值：缺失哨兵(空串/NaN/empty 等),,,stage1,,,
2152,sched_dep_time,,MV,missing_value,缺失值：缺失哨兵(空串/NaN/empty 等),,,stage1,,,
2154,sched_dep_time,,MV,missing_value,缺失值：缺失哨兵(空串/NaN/empty 等),,,stage1,,,
2156,sched_dep_time,,MV,missing_value,缺失值：缺失哨兵(空串/NaN/empty 等),,,stage1,,,
2159,sched_dep_time,,MV,missing_value,缺失值：缺失哨兵(空串/NaN/empty 等),,,stage1,,,
2163,sched_dep_time,,MV,missing_value,缺失值：缺失哨兵(空串/NaN/empty 等),,,stage1,,,
2164,sched_dep_time,,MV,missing_value,缺失值：缺失哨兵(空串/NaN/empty 等),,,stage1,,,
2166,sched_dep_time,,MV,missing_value,缺失值：缺失哨兵(空串/NaN/empty 等),,,stage1,,,
2167,sched_dep_time,,MV,missing_value,缺失值：缺失哨兵(空串/NaN/empty 等),,,stage1,,,
2169,sched_dep_time,,MV,missing_value,缺失值：缺失哨兵(空串/NaN/empty 等),,,stage1,,,
2170,sched_dep_time,,MV,missing_value,缺失值：缺失哨兵(空串/NaN/empty 等),,,stage1,,,
2172,sched_dep_time,,MV,missing_value,缺失值：缺失哨兵(空串/NaN/empty 等),,,stage1,,,
2175,sched_dep_time,,MV,missing_value,缺失值：缺失哨兵(空串/NaN/empty 等),,,stage1,,,
2176,sched_dep_time,,MV,missing_value,缺失值：缺失哨兵(空串/NaN/empty 等),,,stage1,,,
2177,sched_dep_time,,MV,missing_value,缺失值：缺失哨兵(空串/NaN/empty 等),,,stage1,,,
2178,sched_dep_time,,MV,missing_value,缺失值：缺失哨兵(空串/NaN/empty 等),,,stage1,,,
2180,sched_dep_time,,MV,missing_value,缺失值：缺失哨兵(空串/NaN/empty 等),,,stage1,,,
2183,sched_dep_time,,MV,missing_value,缺失值：缺失哨兵(空串/NaN/empty 等),,,stage1,,,
2184,sched_dep_time,,MV,missing_value,缺失值：缺失哨兵(空串/NaN/empty 等),,,stage1,,,
2187,sched_dep_time,,MV,missing_value,缺失值：缺失哨兵(空串/NaN/empty 等),,,stage1,,,
2188,sched_dep_time,,MV,missing_value,缺失值：缺失哨兵(空串/NaN/empty 等),,,stage1,,,
2189,sched_dep_time,,MV,missing_value,缺失值：缺失哨兵(空串/NaN/empty 等),,,stage1,,,
2192,sched_dep_time,,MV,missing_value,缺失值：缺失哨兵(空串/NaN/empty 等),,,stage1,,,
2193,sched_dep_time,,MV,missing_value,缺失值：缺失哨兵(空串/NaN/empty 等),,,stage1,,,
2195,sched_dep_time,,MV,missing_value,缺失值：缺失哨兵(空串/NaN/empty 等),,,stage1,,,
2196,sched_dep_time,,MV,missing_value,缺失值：缺失哨兵(空串/NaN/empty 等),,,stage1,,,
2201,sched_dep_time,,MV,missing_value,缺失值：缺失哨兵(空串/NaN/empty 等),,,stage1,,,
2205,sched_dep_time,,MV,missing_value,缺失值：缺失哨兵(空串/NaN/empty 等),,,stage1,,,
2207,sched_dep_time,,MV,missing_value,缺失值：缺失哨兵(空串/NaN/empty 等),,,stage1,,,
2209,sched_dep_time,,MV,missing_value,缺失值：缺失哨兵(空串/NaN/empty 等),,,stage1,,,
2210,sched_dep_time,,MV,missing_value,缺失值：缺失哨兵(空串/NaN/empty 等),,,stage1,,,
2214,sched_dep_time,,MV,missing_value,缺失值：缺失哨兵(空串/NaN/empty 等),,,stage1,,,
2221,sched_dep_time,,MV,missing_value,缺失值：缺失哨兵(空串/NaN/empty 等),,,stage1,,,
2223,sched_dep_time,,MV,missing_value,缺失值：缺失哨兵(空串/NaN/empty 等),,,stage1,,,
2224,sched_dep_time,,MV,missing_value,缺失值：缺失哨兵(空串/NaN/empty 等),,,stage1,,,
2227,sched_dep_time,,MV,missing_value,缺失值：缺失哨兵(空串/NaN/empty 等),,,stage1,,,
2228,sched_dep_time,,MV,missing_value,缺失值：缺失哨兵(空串/NaN/empty 等),,,stage1,,,
2229,sched_dep_time,,MV,missing_value,缺失值：缺失哨兵(空串/NaN/empty 等),,,stage1,,,
2230,sched_dep_time,,MV,missing_value,缺失值：缺失哨兵(空串/NaN/empty 等),,,stage1,,,
2231,sched_dep_time,,MV,missing_value,缺失值：缺失哨兵(空串/NaN/empty 等),,,stage1,,,
2232,sched_dep_time,,MV,missing_value,缺失值：缺失哨兵(空串/NaN/empty 等),,,stage1,,,
2238,sched_dep_time,,MV,missing_value,缺失值：缺失哨兵(空串/NaN/empty 等),,,stage1,,,
2240,sched_dep_time,,MV,missing_value,缺失值：缺失哨兵(空串/NaN/empty 等),,,stage1,,,
2243,sched_dep_time,,MV,missing_value,缺失值：缺失哨兵(空串/NaN/empty 等),,,stage1,,,
2247,sched_dep_time,,MV,missing_value,缺失值：缺失哨兵(空串/NaN/empty 等),,,stage1,,,
2,act_dep_time,,MV,missing_value,缺失值：缺失哨兵(空串/NaN/empty 等),,,stage1,,,
5,act_dep_time,,MV,missing_value,缺失值：缺失哨兵(空串/NaN/empty 等),,,stage1,,,
31,act_dep_time,,MV,missing_value,缺失值：缺失哨兵(空串/NaN/empty 等),,,stage1,,,
32,act_dep_time,,MV,missing_value,缺失值：缺失哨兵(空串/NaN/empty 等),,,stage1,,,
33,act_dep_time,,MV,missing_value,缺失值：缺失哨兵(空串/NaN/empty 等),,,stage1,,,
36,act_dep_time,,MV,missing_value,缺失值：缺失哨兵(空串/NaN/empty 等),,,stage1,,,
51,act_dep_time,,MV,missing_value,缺失值：缺失哨兵(空串/NaN/empty 等),,,stage1,,,
57,act_dep_time,,MV,missing_value,缺失值：缺失哨兵(空串/NaN/empty 等),,,stage1,,,
62,act_dep_time,,MV,missing_value,缺失值：缺失哨兵(空串/NaN/empty 等),,,stage1,,,
64,act_dep_time,,MV,missing_value,缺失值：缺失哨兵(空串/NaN/empty 等),,,stage1,,,
65,act_dep_time,,MV,missing_value,缺失值：缺失哨兵(空串/NaN/empty 等),,,stage1,,,
71,act_dep_time,,MV,missing_value,缺失值：缺失哨兵(空串/NaN/empty 等),,,stage1,,,
72,act_dep_time,,MV,missing_value,缺失值：缺失哨兵(空串/NaN/empty 等),,,stage1,,,
75,act_dep_time,,MV,missing_value,缺失值：缺失哨兵(空串/NaN/empty 等),,,stage1,,,
78,act_dep_time,,MV,missing_value,缺失值：缺失哨兵(空串/NaN/empty 等),,,stage1,,,
79,act_dep_time,,MV,missing_value,缺失值：缺失哨兵(空串/NaN/empty 等),,,stage1,,,
87,act_dep_time,,MV,missing_value,缺失值：缺失哨兵(空串/NaN/empty 等),,,stage1,,,
88,act_dep_time,,MV,missing_value,缺失值：缺失哨兵(空串/NaN/empty 等),,,stage1,,,
91,act_dep_time,,MV,missing_value,缺失值：缺失哨兵(空串/NaN/empty 等),,,stage1,,,
96,act_dep_time,,MV,missing_value,缺失值：缺失哨兵(空串/NaN/empty 等),,,stage1,,,
98,act_dep_time,,MV,missing_value,缺失值：缺失哨兵(空串/NaN/empty 等),,,stage1,,,
106,act_dep_time,,MV,missing_value,缺失值：缺失哨兵(空串/NaN/empty 等),,,stage1,,,
111,act_dep_time,,MV,missing_value,缺失值：缺失哨兵(空串/NaN/empty 等),,,stage1,,,
120,act_dep_time,,MV,missing_value,缺失值：缺失哨兵(空串/NaN/empty 等),,,stage1,,,
122,act_dep_time,,MV,missing_value,缺失值：缺失哨兵(空串/NaN/empty 等),,,stage1,,,
128,act_dep_time,,MV,missing_value,缺失值：缺失哨兵(空串/NaN/empty 等),,,stage1,,,
129,act_dep_time,,MV,missing_value,缺失值：缺失哨兵(空串/NaN/empty 等),,,stage1,,,
135,act_dep_time,,MV,missing_value,缺失值：缺失哨兵(空串/NaN/empty 等),,,stage1,,,
142,act_dep_time,,MV,missing_value,缺失值：缺失哨兵(空串/NaN/empty 等),,,stage1,,,
146,act_dep_time,,MV,missing_value,缺失值：缺失哨兵(空串/NaN/empty 等),,,stage1,,,
160,act_dep_time,Not Available,FI,regex,非空值绝大多数符合12小时制时间格式，含可选的a.m./p.m.及括号注释,,,stage1,,,
190,act_dep_time,,MV,missing_value,缺失值：缺失哨兵(空串/NaN/empty 等),,,stage1,,,
193,act_dep_time,Not Available,FI,regex,非空值绝大多数符合12小时制时间格式，含可选的a.m./p.m.及括号注释,,,stage1,,,
195,act_dep_time,Not Available,FI,regex,非空值绝大多数符合12小时制时间格式，含可选的a.m./p.m.及括号注释,,,stage1,,,
210,act_dep_time,,MV,missing_value,缺失值：缺失哨兵(空串/NaN/empty 等),,,stage1,,,
211,act_dep_time,Not Available,FI,regex,非空值绝大多数符合12小时制时间格式，含可选的a.m./p.m.及括号注释,,,stage1,,,
212,act_dep_time,Not Available,FI,regex,非空值绝大多数符合12小时制时间格式，含可选的a.m./p.m.及括号注释,,,stage1,,,
213,act_dep_time,Not Available,FI,regex,非空值绝大多数符合12小时制时间格式，含可选的a.m./p.m.及括号注释,,,stage1,,,
217,act_dep_time,Not Available,FI,regex,非空值绝大多数符合12小时制时间格式，含可选的a.m./p.m.及括号注释,,,stage1,,,
220,act_dep_time,,MV,missing_value,缺失值：缺失哨兵(空串/NaN/empty 等),,,stage1,,,
221,act_dep_time,,MV,missing_value,缺失值：缺失哨兵(空串/NaN/empty 等),,,stage1,,,
250,act_dep_time,,MV,missing_value,缺失值：缺失哨兵(空串/NaN/empty 等),,,stage1,,,
253,act_dep_time,,MV,missing_value,缺失值：缺失哨兵(空串/NaN/empty 等),,,stage1,,,
254,act_dep_time,,MV,missing_value,缺失值：缺失哨兵(空串/NaN/empty 等),,,stage1,,,
256,act_dep_time,,MV,missing_value,缺失值：缺失哨兵(空串/NaN/empty 等),,,stage1,,,
257,act_dep_time,,MV,missing_value,缺失值：缺失哨兵(空串/NaN/empty 等),,,stage1,,,
258,act_dep_time,,MV,missing_value,缺失值：缺失哨兵(空串/NaN/empty 等),,,stage1,,,
259,act_dep_time,,MV,missing_value,缺失值：缺失哨兵(空串/NaN/empty 等),,,stage1,,,
261,act_dep_time,,MV,missing_value,缺失值：缺失哨兵(空串/NaN/empty 等),,,stage1,,,
262,act_dep_time,,MV,missing_value,缺失值：缺失哨兵(空串/NaN/empty 等),,,stage1,,,
263,act_dep_time,,MV,missing_value,缺失值：缺失哨兵(空串/NaN/empty 等),,,stage1,,,
264,act_dep_time,,MV,missing_value,缺失值：缺失哨兵(空串/NaN/empty 等),,,stage1,,,
265,act_dep_time,,MV,missing_value,缺失值：缺失哨兵(空串/NaN/empty 等),,,stage1,,,
266,act_dep_time,,MV,missing_value,缺失值：缺失哨兵(空串/NaN/empty 等),,,stage1,,,
267,act_dep_time,,MV,missing_value,缺失值：缺失哨兵(空串/NaN/empty 等),,,stage1,,,
268,act_dep_time,,MV,missing_value,缺失值：缺失哨兵(空串/NaN/empty 等),,,stage1,,,
269,act_dep_time,,MV,missing_value,缺失值：缺失哨兵(空串/NaN/empty 等),,,stage1,,,
271,act_dep_time,,MV,missing_value,缺失值：缺失哨兵(空串/NaN/empty 等),,,stage1,,,
272,act_dep_time,,MV,missing_value,缺失值：缺失哨兵(空串/NaN/empty 等),,,stage1,,,
273,act_dep_time,,MV,missing_value,缺失值：缺失哨兵(空串/NaN/empty 等),,,stage1,,,
274,act_dep_time,,MV,missing_value,缺失值：缺失哨兵(空串/NaN/empty 等),,,stage1,,,
276,act_dep_time,,MV,missing_value,缺失值：缺失哨兵(空串/NaN/empty 等),,,stage1,,,
278,act_dep_time,,MV,missing_value,缺失值：缺失哨兵(空串/NaN/empty 等),,,stage1,,,
280,act_dep_time,,MV,missing_value,缺失值：缺失哨兵(空串/NaN/empty 等),,,stage1,,,
281,act_dep_time,,MV,missing_value,缺失值：缺失哨兵(空串/NaN/empty 等),,,stage1,,,
286,act_dep_time,,MV,missing_value,缺失值：缺失哨兵(空串/NaN/empty 等),,,stage1,,,
287,act_dep_time,,MV,missing_value,缺失值：缺失哨兵(空串/NaN/empty 等),,,stage1,,,
289,act_dep_time,,MV,missing_value,缺失值：缺失哨兵(空串/NaN/empty 等),,,stage1,,,
290,act_dep_time,,MV,missing_value,缺失值：缺失哨兵(空串/NaN/empty 等),,,stage1,,,
291,act_dep_time,,MV,missing_value,缺失值：缺失哨兵(空串/NaN/empty 等),,,stage1,,,
292,act_dep_time,,MV,missing_value,缺失值：缺失哨兵(空串/NaN/empty 等),,,stage1,,,
294,act_dep_time,,MV,missing_value,缺失值：缺失哨兵(空串/NaN/empty 等),,,stage1,,,
295,act_dep_time,,MV,missing_value,缺失值：缺失哨兵(空串/NaN/empty 等),,,stage1,,,
296,act_dep_time,,MV,missing_value,缺失值：缺失哨兵(空串/NaN/empty 等),,,stage1,,,
297,act_dep_time,,MV,missing_value,缺失值：缺失哨兵(空串/NaN/empty 等),,,stage1,,,
298,act_dep_time,,MV,missing_value,缺失值：缺失哨兵(空串/NaN/empty 等),,,stage1,,,
300,act_dep_time,,MV,missing_value,缺失值：缺失哨兵(空串/NaN/empty 等),,,stage1,,,
303,act_dep_time,,MV,missing_value,缺失值：缺失哨兵(空串/NaN/empty 等),,,stage1,,,
307,act_dep_time,,MV,missing_value,缺失值：缺失哨兵(空串/NaN/empty 等),,,stage1,,,
308,act_dep_time,,MV,missing_value,缺失值：缺失哨兵(空串/NaN/empty 等),,,stage1,,,
309,act_dep_time,,MV,missing_value,缺失值：缺失哨兵(空串/NaN/empty 等),,,stage1,,,
310,act_dep_time,,MV,missing_value,缺失值：缺失哨兵(空串/NaN/empty 等),,,stage1,,,
311,act_dep_time,,MV,missing_value,缺失值：缺失哨兵(空串/NaN/empty 等),,,stage1,,,
312,act_dep_time,,MV,missing_value,缺失值：缺失哨兵(空串/NaN/empty 等),,,stage1,,,
313,act_dep_time,,MV,missing_value,缺失值：缺失哨兵(空串/NaN/empty 等),,,stage1,,,
314,act_dep_time,,MV,missing_value,缺失值：缺失哨兵(空串/NaN/empty 等),,,stage1,,,
315,act_dep_time,,MV,missing_value,缺失值：缺失哨兵(空串/NaN/empty 等),,,stage1,,,
316,act_dep_time,,MV,missing_value,缺失值：缺失哨兵(空串/NaN/empty 等),,,stage1,,,
317,act_dep_time,,MV,missing_value,缺失值：缺失哨兵(空串/NaN/empty 等),,,stage1,,,
318,act_dep_time,,MV,missing_value,缺失值：缺失哨兵(空串/NaN/empty 等),,,stage1,,,
320,act_dep_time,,MV,missing_value,缺失值：缺失哨兵(空串/NaN/empty 等),,,stage1,,,
321,act_dep_time,,MV,missing_value,缺失值：缺失哨兵(空串/NaN/empty 等),,,stage1,,,
322,act_dep_time,,MV,missing_value,缺失值：缺失哨兵(空串/NaN/empty 等),,,stage1,,,
323,act_dep_time,,MV,missing_value,缺失值：缺失哨兵(空串/NaN/empty 等),,,stage1,,,
326,act_dep_time,,MV,missing_value,缺失值：缺失哨兵(空串/NaN/empty 等),,,stage1,,,
327,act_dep_time,,MV,missing_value,缺失值：缺失哨兵(空串/NaN/empty 等),,,stage1,,,
328,act_dep_time,,MV,missing_value,缺失值：缺失哨兵(空串/NaN/empty 等),,,stage1,,,
329,act_dep_time,,MV,missing_value,缺失值：缺失哨兵(空串/NaN/empty 等),,,stage1,,,
330,act_dep_time,,MV,missing_value,缺失值：缺失哨兵(空串/NaN/empty 等),,,stage1,,,
331,act_dep_time,,MV,missing_value,缺失值：缺失哨兵(空串/NaN/empty 等),,,stage1,,,
333,act_dep_time,,MV,missing_value,缺失值：缺失哨兵(空串/NaN/empty 等),,,stage1,,,
334,act_dep_time,,MV,missing_value,缺失值：缺失哨兵(空串/NaN/empty 等),,,stage1,,,
336,act_dep_time,,MV,missing_value,缺失值：缺失哨兵(空串/NaN/empty 等),,,stage1,,,
338,act_dep_time,,MV,missing_value,缺失值：缺失哨兵(空串/NaN/empty 等),,,stage1,,,
344,act_dep_time,,MV,missing_value,缺失值：缺失哨兵(空串/NaN/empty 等),,,stage1,,,
349,act_dep_time,,MV,missing_value,缺失值：缺失哨兵(空串/NaN/empty 等),,,stage1,,,
351,act_dep_time,,MV,missing_value,缺失值：缺失哨兵(空串/NaN/empty 等),,,stage1,,,
352,act_dep_time,,MV,missing_value,缺失值：缺失哨兵(空串/NaN/empty 等),,,stage1,,,
358,act_dep_time,,MV,missing_value,缺失值：缺失哨兵(空串/NaN/empty 等),,,stage1,,,
359,act_dep_time,,MV,missing_value,缺失值：缺失哨兵(空串/NaN/empty 等),,,stage1,,,
362,act_dep_time,,MV,missing_value,缺失值：缺失哨兵(空串/NaN/empty 等),,,stage1,,,
365,act_dep_time,,MV,missing_value,缺失值：缺失哨兵(空串/NaN/empty 等),,,stage1,,,
366,act_dep_time,,MV,missing_value,缺失值：缺失哨兵(空串/NaN/empty 等),,,stage1,,,
374,act_dep_time,,MV,missing_value,缺失值：缺失哨兵(空串/NaN/empty 等),,,stage1,,,
375,act_dep_time,,MV,missing_value,缺失值：缺失哨兵(空串/NaN/empty 等),,,stage1,,,
378,act_dep_time,,MV,missing_value,缺失值：缺失哨兵(空串/NaN/empty 等),,,stage1,,,
383,act_dep_time,,MV,missing_value,缺失值：缺失哨兵(空串/NaN/empty 等),,,stage1,,,
385,act_dep_time,,MV,missing_value,缺失值：缺失哨兵(空串/NaN/empty 等),,,stage1,,,
393,act_dep_time,,MV,missing_value,缺失值：缺失哨兵(空串/NaN/empty 等),,,stage1,,,
398,act_dep_time,,MV,missing_value,缺失值：缺失哨兵(空串/NaN/empty 等),,,stage1,,,
407,act_dep_time,,MV,missing_value,缺失值：缺失哨兵(空串/NaN/empty 等),,,stage1,,,
409,act_dep_time,,MV,missing_value,缺失值：缺失哨兵(空串/NaN/empty 等),,,stage1,,,
415,act_dep_time,,MV,missing_value,缺失值：缺失哨兵(空串/NaN/empty 等),,,stage1,,,
416,act_dep_time,,MV,missing_value,缺失值：缺失哨兵(空串/NaN/empty 等),,,stage1,,,
422,act_dep_time,,MV,missing_value,缺失值：缺失哨兵(空串/NaN/empty 等),,,stage1,,,
429,act_dep_time,,MV,missing_value,缺失值：缺失哨兵(空串/NaN/empty 等),,,stage1,,,
433,act_dep_time,,MV,missing_value,缺失值：缺失哨兵(空串/NaN/empty 等),,,stage1,,,
447,act_dep_time,,MV,missing_value,缺失值：缺失哨兵(空串/NaN/empty 等),,,stage1,,,
480,act_dep_time,,MV,missing_value,缺失值：缺失哨兵(空串/NaN/empty 等),,,stage1,,,
482,act_dep_time,,MV,missing_value,缺失值：缺失哨兵(空串/NaN/empty 等),,,stage1,,,
497,act_dep_time,,MV,missing_value,缺失值：缺失哨兵(空串/NaN/empty 等),,,stage1,,,
498,act_dep_time,,MV,missing_value,缺失值：缺失哨兵(空串/NaN/empty 等),,,stage1,,,
499,act_dep_time,,MV,missing_value,缺失值：缺失哨兵(空串/NaN/empty 等),,,stage1,,,
500,act_dep_time,,MV,missing_value,缺失值：缺失哨兵(空串/NaN/empty 等),,,stage1,,,
504,act_dep_time,,MV,missing_value,缺失值：缺失哨兵(空串/NaN/empty 等),,,stage1,,,
507,act_dep_time,,MV,missing_value,缺失值：缺失哨兵(空串/NaN/empty 等),,,stage1,,,
508,act_dep_time,,MV,missing_value,缺失值：缺失哨兵(空串/NaN/empty 等),,,stage1,,,
607,act_dep_time,,MV,missing_value,缺失值：缺失哨兵(空串/NaN/empty 等),,,stage1,,,
639,act_dep_time,,MV,missing_value,缺失值：缺失哨兵(空串/NaN/empty 等),,,stage1,,,
672,act_dep_time,,MV,missing_value,缺失值：缺失哨兵(空串/NaN/empty 等),,,stage1,,,
674,act_dep_time,,MV,missing_value,缺失值：缺失哨兵(空串/NaN/empty 等),,,stage1,,,
689,act_dep_time,,MV,missing_value,缺失值：缺失哨兵(空串/NaN/empty 等),,,stage1,,,
690,act_dep_time,,MV,missing_value,缺失值：缺失哨兵(空串/NaN/empty 等),,,stage1,,,
691,act_dep_time,,MV,missing_value,缺失值：缺失哨兵(空串/NaN/empty 等),,,stage1,,,
692,act_dep_time,,MV,missing_value,缺失值：缺失哨兵(空串/NaN/empty 等),,,stage1,,,
696,act_dep_time,,MV,missing_value,缺失值：缺失哨兵(空串/NaN/empty 等),,,stage1,,,
699,act_dep_time,,MV,missing_value,缺失值：缺失哨兵(空串/NaN/empty 等),,,stage1,,,
700,act_dep_time,,MV,missing_value,缺失值：缺失哨兵(空串/NaN/empty 等),,,stage1,,,
734,act_dep_time,,MV,missing_value,缺失值：缺失哨兵(空串/NaN/empty 等),,,stage1,,,
737,act_dep_time,,MV,missing_value,缺失值：缺失哨兵(空串/NaN/empty 等),,,stage1,,,
756,act_dep_time,,MV,missing_value,缺失值：缺失哨兵(空串/NaN/empty 等),,,stage1,,,
771,act_dep_time,,MV,missing_value,缺失值：缺失哨兵(空串/NaN/empty 等),,,stage1,,,
772,act_dep_time,,MV,missing_value,缺失值：缺失哨兵(空串/NaN/empty 等),,,stage1,,,
773,act_dep_time,,MV,missing_value,缺失值：缺失哨兵(空串/NaN/empty 等),,,stage1,,,
777,act_dep_time,,MV,missing_value,缺失值：缺失哨兵(空串/NaN/empty 等),,,stage1,,,
778,act_dep_time,11/30/2011 11:34 p.m.,FI,regex,非空值绝大多数符合12小时制时间格式，含可选的a.m./p.m.及括号注释,,,stage1,,,
779,act_dep_time,,MV,missing_value,缺失值：缺失哨兵(空串/NaN/empty 等),,,stage1,,,
783,act_dep_time,,MV,missing_value,缺失值：缺失哨兵(空串/NaN/empty 等),,,stage1,,,
792,act_dep_time,,MV,missing_value,缺失值：缺失哨兵(空串/NaN/empty 等),,,stage1,,,
793,act_dep_time,,MV,missing_value,缺失值：缺失哨兵(空串/NaN/empty 等),,,stage1,,,
794,act_dep_time,,MV,missing_value,缺失值：缺失哨兵(空串/NaN/empty 等),,,stage1,,,
795,act_dep_time,,MV,missing_value,缺失值：缺失哨兵(空串/NaN/empty 等),,,stage1,,,
796,act_dep_time,,MV,missing_value,缺失值：缺失哨兵(空串/NaN/empty 等),,,stage1,,,
798,act_dep_time,,MV,missing_value,缺失值：缺失哨兵(空串/NaN/empty 等),,,stage1,,,
799,act_dep_time,,MV,missing_value,缺失值：缺失哨兵(空串/NaN/empty 等),,,stage1,,,
800,act_dep_time,,MV,missing_value,缺失值：缺失哨兵(空串/NaN/empty 等),,,stage1,,,
801,act_dep_time,,MV,missing_value,缺失值：缺失哨兵(空串/NaN/empty 等),,,stage1,,,
802,act_dep_time,,MV,missing_value,缺失值：缺失哨兵(空串/NaN/empty 等),,,stage1,,,
803,act_dep_time,,MV,missing_value,缺失值：缺失哨兵(空串/NaN/empty 等),,,stage1,,,
804,act_dep_time,,MV,missing_value,缺失值：缺失哨兵(空串/NaN/empty 等),,,stage1,,,
805,act_dep_time,,MV,missing_value,缺失值：缺失哨兵(空串/NaN/empty 等),,,stage1,,,
806,act_dep_time,,MV,missing_value,缺失值：缺失哨兵(空串/NaN/empty 等),,,stage1,,,
807,act_dep_time,,MV,missing_value,缺失值：缺失哨兵(空串/NaN/empty 等),,,stage1,,,
808,act_dep_time,,MV,missing_value,缺失值：缺失哨兵(空串/NaN/empty 等),,,stage1,,,
809,act_dep_time,,MV,missing_value,缺失值：缺失哨兵(空串/NaN/empty 等),,,stage1,,,
810,act_dep_time,,MV,missing_value,缺失值：缺失哨兵(空串/NaN/empty 等),,,stage1,,,
816,act_dep_time,,MV,missing_value,缺失值：缺失哨兵(空串/NaN/empty 等),,,stage1,,,
821,act_dep_time,,MV,missing_value,缺失值：缺失哨兵(空串/NaN/empty 等),,,stage1,,,
854,act_dep_time,,MV,missing_value,缺失值：缺失哨兵(空串/NaN/empty 等),,,stage1,,,
856,act_dep_time,,MV,missing_value,缺失值：缺失哨兵(空串/NaN/empty 等),,,stage1,,,
871,act_dep_time,,MV,missing_value,缺失值：缺失哨兵(空串/NaN/empty 等),,,stage1,,,
872,act_dep_time,,MV,missing_value,缺失值：缺失哨兵(空串/NaN/empty 等),,,stage1,,,
873,act_dep_time,,MV,missing_value,缺失值：缺失哨兵(空串/NaN/empty 等),,,stage1,,,
874,act_dep_time,,MV,missing_value,缺失值：缺失哨兵(空串/NaN/empty 等),,,stage1,,,
878,act_dep_time,,MV,missing_value,缺失值：缺失哨兵(空串/NaN/empty 等),,,stage1,,,
881,act_dep_time,,MV,missing_value,缺失值：缺失哨兵(空串/NaN/empty 等),,,stage1,,,
882,act_dep_time,,MV,missing_value,缺失值：缺失哨兵(空串/NaN/empty 等),,,stage1,,,
913,act_dep_time,,MV,missing_value,缺失值：缺失哨兵(空串/NaN/empty 等),,,stage1,,,
915,act_dep_time,,MV,missing_value,缺失值：缺失哨兵(空串/NaN/empty 等),,,stage1,,,
916,act_dep_time,,MV,missing_value,缺失值：缺失哨兵(空串/NaN/empty 等),,,stage1,,,
918,act_dep_time,,MV,missing_value,缺失值：缺失哨兵(空串/NaN/empty 等),,,stage1,,,
919,act_dep_time,,MV,missing_value,缺失值：缺失哨兵(空串/NaN/empty 等),,,stage1,,,
920,act_dep_time,,MV,missing_value,缺失值：缺失哨兵(空串/NaN/empty 等),,,stage1,,,
933,act_dep_time,,MV,missing_value,缺失值：缺失哨兵(空串/NaN/empty 等),,,stage1,,,
936,act_dep_time,,MV,missing_value,缺失值：缺失哨兵(空串/NaN/empty 等),,,stage1,,,
937,act_dep_time,,MV,missing_value,缺失值：缺失哨兵(空串/NaN/empty 等),,,stage1,,,
946,act_dep_time,,MV,missing_value,缺失值：缺失哨兵(空串/NaN/empty 等),,,stage1,,,
947,act_dep_time,,MV,missing_value,缺失值：缺失哨兵(空串/NaN/empty 等),,,stage1,,,
948,act_dep_time,,MV,missing_value,缺失值：缺失哨兵(空串/NaN/empty 等),,,stage1,,,
949,act_dep_time,,MV,missing_value,缺失值：缺失哨兵(空串/NaN/empty 等),,,stage1,,,
955,act_dep_time,,MV,missing_value,缺失值：缺失哨兵(空串/NaN/empty 等),,,stage1,,,
956,act_dep_time,,MV,missing_value,缺失值：缺失哨兵(空串/NaN/empty 等),,,stage1,,,
958,act_dep_time,,MV,missing_value,缺失值：缺失哨兵(空串/NaN/empty 等),,,stage1,,,
959,act_dep_time,,MV,missing_value,缺失值：缺失哨兵(空串/NaN/empty 等),,,stage1,,,
962,act_dep_time,,MV,missing_value,缺失值：缺失哨兵(空串/NaN/empty 等),,,stage1,,,
963,act_dep_time,,MV,missing_value,缺失值：缺失哨兵(空串/NaN/empty 等),,,stage1,,,
994,act_dep_time,Not Available,FI,regex,非空值绝大多数符合12小时制时间格式，含可选的a.m./p.m.及括号注释,,,stage1,,,
996,act_dep_time,Contact Airline,FI,regex,非空值绝大多数符合12小时制时间格式，含可选的a.m./p.m.及括号注释,,,stage1,,,
998,act_dep_time,Not Available,FI,regex,非空值绝大多数符合12小时制时间格式，含可选的a.m./p.m.及括号注释,,,stage1,,,
1001,act_dep_time,Contact Airline,FI,regex,非空值绝大多数符合12小时制时间格式，含可选的a.m./p.m.及括号注释,,,stage1,,,
1008,act_dep_time,Contact Airline,FI,regex,非空值绝大多数符合12小时制时间格式，含可选的a.m./p.m.及括号注释,,,stage1,,,
1018,act_dep_time,Contact Airline,FI,regex,非空值绝大多数符合12小时制时间格式，含可选的a.m./p.m.及括号注释,,,stage1,,,
1025,act_dep_time,Contact Airline,FI,regex,非空值绝大多数符合12小时制时间格式，含可选的a.m./p.m.及括号注释,,,stage1,,,
1030,act_dep_time,Contact Airline,FI,regex,非空值绝大多数符合12小时制时间格式，含可选的a.m./p.m.及括号注释,,,stage1,,,
1032,act_dep_time,Contact Airline,FI,regex,非空值绝大多数符合12小时制时间格式，含可选的a.m./p.m.及括号注释,,,stage1,,,
1035,act_dep_time,Not Available,FI,regex,非空值绝大多数符合12小时制时间格式，含可选的a.m./p.m.及括号注释,,,stage1,,,
1036,act_dep_time,Not Available,FI,regex,非空值绝大多数符合12小时制时间格式，含可选的a.m./p.m.及括号注释,,,stage1,,,
1037,act_dep_time,Not Available,FI,regex,非空值绝大多数符合12小时制时间格式，含可选的a.m./p.m.及括号注释,,,stage1,,,
1038,act_dep_time,Not Available,FI,regex,非空值绝大多数符合12小时制时间格式，含可选的a.m./p.m.及括号注释,,,stage1,,,
1043,act_dep_time,Not Available,FI,regex,非空值绝大多数符合12小时制时间格式，含可选的a.m./p.m.及括号注释,,,stage1,,,
1047,act_dep_time,Contact Airline,FI,regex,非空值绝大多数符合12小时制时间格式，含可选的a.m./p.m.及括号注释,,,stage1,,,
1049,act_dep_time,Contact Airline,FI,regex,非空值绝大多数符合12小时制时间格式，含可选的a.m./p.m.及括号注释,,,stage1,,,
1050,act_dep_time,Contact Airline,FI,regex,非空值绝大多数符合12小时制时间格式，含可选的a.m./p.m.及括号注释,,,stage1,,,
1054,act_dep_time,Contact Airline,FI,regex,非空值绝大多数符合12小时制时间格式，含可选的a.m./p.m.及括号注释,,,stage1,,,
1056,act_dep_time,Contact Airline,FI,regex,非空值绝大多数符合12小时制时间格式，含可选的a.m./p.m.及括号注释,,,stage1,,,
1063,act_dep_time,Contact Airline,FI,regex,非空值绝大多数符合12小时制时间格式，含可选的a.m./p.m.及括号注释,,,stage1,,,
1080,act_dep_time,,MV,missing_value,缺失值：缺失哨兵(空串/NaN/empty 等),,,stage1,,,
1113,act_dep_time,,MV,missing_value,缺失值：缺失哨兵(空串/NaN/empty 等),,,stage1,,,
1115,act_dep_time,,MV,missing_value,缺失值：缺失哨兵(空串/NaN/empty 等),,,stage1,,,
1130,act_dep_time,,MV,missing_value,缺失值：缺失哨兵(空串/NaN/empty 等),,,stage1,,,
1131,act_dep_time,,MV,missing_value,缺失值：缺失哨兵(空串/NaN/empty 等),,,stage1,,,
1132,act_dep_time,,MV,missing_value,缺失值：缺失哨兵(空串/NaN/empty 等),,,stage1,,,
1133,act_dep_time,,MV,missing_value,缺失值：缺失哨兵(空串/NaN/empty 等),,,stage1,,,
1137,act_dep_time,,MV,missing_value,缺失值：缺失哨兵(空串/NaN/empty 等),,,stage1,,,
1140,act_dep_time,,MV,missing_value,缺失值：缺失哨兵(空串/NaN/empty 等),,,stage1,,,
1141,act_dep_time,,MV,missing_value,缺失值：缺失哨兵(空串/NaN/empty 等),,,stage1,,,
1170,act_dep_time,,MV,missing_value,缺失值：缺失哨兵(空串/NaN/empty 等),,,stage1,,,
1173,act_dep_time,,MV,missing_value,缺失值：缺失哨兵(空串/NaN/empty 等),,,stage1,,,
1174,act_dep_time,,MV,missing_value,缺失值：缺失哨兵(空串/NaN/empty 等),,,stage1,,,
1178,act_dep_time,,MV,missing_value,缺失值：缺失哨兵(空串/NaN/empty 等),,,stage1,,,
1181,act_dep_time,,MV,missing_value,缺失值：缺失哨兵(空串/NaN/empty 等),,,stage1,,,
1182,act_dep_time,,MV,missing_value,缺失值：缺失哨兵(空串/NaN/empty 等),,,stage1,,,
1189,act_dep_time,,MV,missing_value,缺失值：缺失哨兵(空串/NaN/empty 等),,,stage1,,,
1191,act_dep_time,,MV,missing_value,缺失值：缺失哨兵(空串/NaN/empty 等),,,stage1,,,
1192,act_dep_time,Not Available,FI,regex,非空值绝大多数符合12小时制时间格式，含可选的a.m./p.m.及括号注释,,,stage1,,,
1196,act_dep_time,,MV,missing_value,缺失值：缺失哨兵(空串/NaN/empty 等),,,stage1,,,
1198,act_dep_time,,MV,missing_value,缺失值：缺失哨兵(空串/NaN/empty 等),,,stage1,,,
1204,act_dep_time,,MV,missing_value,缺失值：缺失哨兵(空串/NaN/empty 等),,,stage1,,,
1205,act_dep_time,,MV,missing_value,缺失值：缺失哨兵(空串/NaN/empty 等),,,stage1,,,
1211,act_dep_time,Not Available,FI,regex,非空值绝大多数符合12小时制时间格式，含可选的a.m./p.m.及括号注释,,,stage1,,,
1212,act_dep_time,,MV,missing_value,缺失值：缺失哨兵(空串/NaN/empty 等),,,stage1,,,
1213,act_dep_time,,MV,missing_value,缺失值：缺失哨兵(空串/NaN/empty 等),,,stage1,,,
1214,act_dep_time,,MV,missing_value,缺失值：缺失哨兵(空串/NaN/empty 等),,,stage1,,,
1219,act_dep_time,,MV,missing_value,缺失值：缺失哨兵(空串/NaN/empty 等),,,stage1,,,
1220,act_dep_time,,MV,missing_value,缺失值：缺失哨兵(空串/NaN/empty 等),,,stage1,,,
1221,act_dep_time,,MV,missing_value,缺失值：缺失哨兵(空串/NaN/empty 等),,,stage1,,,
1224,act_dep_time,,MV,missing_value,缺失值：缺失哨兵(空串/NaN/empty 等),,,stage1,,,
1230,act_dep_time,,MV,missing_value,缺失值：缺失哨兵(空串/NaN/empty 等),,,stage1,,,
1235,act_dep_time,,MV,missing_value,缺失值：缺失哨兵(空串/NaN/empty 等),,,stage1,,,
1237,act_dep_time,,MV,missing_value,缺失值：缺失哨兵(空串/NaN/empty 等),,,stage1,,,
1238,act_dep_time,,MV,missing_value,缺失值：缺失哨兵(空串/NaN/empty 等),,,stage1,,,
1244,act_dep_time,,MV,missing_value,缺失值：缺失哨兵(空串/NaN/empty 等),,,stage1,,,
1245,act_dep_time,,MV,missing_value,缺失值：缺失哨兵(空串/NaN/empty 等),,,stage1,,,
1248,act_dep_time,,MV,missing_value,缺失值：缺失哨兵(空串/NaN/empty 等),,,stage1,,,
1251,act_dep_time,,MV,missing_value,缺失值：缺失哨兵(空串/NaN/empty 等),,,stage1,,,
1252,act_dep_time,,MV,missing_value,缺失值：缺失哨兵(空串/NaN/empty 等),,,stage1,,,
1260,act_dep_time,,MV,missing_value,缺失值：缺失哨兵(空串/NaN/empty 等),,,stage1,,,
1261,act_dep_time,,MV,missing_value,缺失值：缺失哨兵(空串/NaN/empty 等),,,stage1,,,
1264,act_dep_time,,MV,missing_value,缺失值：缺失哨兵(空串/NaN/empty 等),,,stage1,,,
1269,act_dep_time,,MV,missing_value,缺失值：缺失哨兵(空串/NaN/empty 等),,,stage1,,,
1271,act_dep_time,,MV,missing_value,缺失值：缺失哨兵(空串/NaN/empty 等),,,stage1,,,
1279,act_dep_time,,MV,missing_value,缺失值：缺失哨兵(空串/NaN/empty 等),,,stage1,,,
1284,act_dep_time,,MV,missing_value,缺失值：缺失哨兵(空串/NaN/empty 等),,,stage1,,,
1293,act_dep_time,,MV,missing_value,缺失值：缺失哨兵(空串/NaN/empty 等),,,stage1,,,
1295,act_dep_time,,MV,missing_value,缺失值：缺失哨兵(空串/NaN/empty 等),,,stage1,,,
1301,act_dep_time,,MV,missing_value,缺失值：缺失哨兵(空串/NaN/empty 等),,,stage1,,,
1302,act_dep_time,,MV,missing_value,缺失值：缺失哨兵(空串/NaN/empty 等),,,stage1,,,
1308,act_dep_time,,MV,missing_value,缺失值：缺失哨兵(空串/NaN/empty 等),,,stage1,,,
1315,act_dep_time,,MV,missing_value,缺失值：缺失哨兵(空串/NaN/empty 等),,,stage1,,,
1319,act_dep_time,,MV,missing_value,缺失值：缺失哨兵(空串/NaN/empty 等),,,stage1,,,
1323,act_dep_time,7:02aDec 1,FI,regex,非空值绝大多数符合12小时制时间格式，含可选的a.m./p.m.及括号注释,,,stage1,,,
1325,act_dep_time,6:40aDec 1,FI,regex,非空值绝大多数符合12小时制时间格式，含可选的a.m./p.m.及括号注释,,,stage1,,,
1326,act_dep_time,8:48aDec 1,FI,regex,非空值绝大多数符合12小时制时间格式，含可选的a.m./p.m.及括号注释,,,stage1,,,
1327,act_dep_time,,MV,missing_value,缺失值：缺失哨兵(空串/NaN/empty 等),,,stage1,,,
1329,act_dep_time,11:54aDec 1,FI,regex,非空值绝大多数符合12小时制时间格式，含可选的a.m./p.m.及括号注释,,,stage1,,,
1331,act_dep_time,11:37aDec 1,FI,regex,非空值绝大多数符合12小时制时间格式，含可选的a.m./p.m.及括号注释,,,stage1,,,
1332,act_dep_time,,MV,missing_value,缺失值：缺失哨兵(空串/NaN/empty 等),,,stage1,,,
1333,act_dep_time,,MV,missing_value,缺失值：缺失哨兵(空串/NaN/empty 等),,,stage1,,,
1334,act_dep_time,6:09aDec 1,FI,regex,非空值绝大多数符合12小时制时间格式，含可选的a.m./p.m.及括号注释,,,stage1,,,
1335,act_dep_time,12:41aDec 1,FI,regex,非空值绝大多数符合12小时制时间格式，含可选的a.m./p.m.及括号注释,,,stage1,,,
1337,act_dep_time,,MV,missing_value,缺失值：缺失哨兵(空串/NaN/empty 等),,,stage1,,,
1338,act_dep_time,10:19aDec 1,FI,regex,非空值绝大多数符合12小时制时间格式，含可选的a.m./p.m.及括号注释,,,stage1,,,
1339,act_dep_time,9:59aDec 1,FI,regex,非空值绝大多数符合12小时制时间格式，含可选的a.m./p.m.及括号注释,,,stage1,,,
1340,act_dep_time,8:12aDec 1,FI,regex,非空值绝大多数符合12小时制时间格式，含可选的a.m./p.m.及括号注释,,,stage1,,,
1341,act_dep_time,7:04aDec 1,FI,regex,非空值绝大多数符合12小时制时间格式，含可选的a.m./p.m.及括号注释,,,stage1,,,
1343,act_dep_time,10:42aDec 1,FI,regex,非空值绝大多数符合12小时制时间格式，含可选的a.m./p.m.及括号注释,,,stage1,,,
1345,act_dep_time,8:00aDec 1,FI,regex,非空值绝大多数符合12小时制时间格式，含可选的a.m./p.m.及括号注释,,,stage1,,,
1347,act_dep_time,11:54aDec 1,FI,regex,非空值绝大多数符合12小时制时间格式，含可选的a.m./p.m.及括号注释,,,stage1,,,
1348,act_dep_time,11:56aDec 1,FI,regex,非空值绝大多数符合12小时制时间格式，含可选的a.m./p.m.及括号注释,,,stage1,,,
1349,act_dep_time,5:58aDec 1,FI,regex,非空值绝大多数符合12小时制时间格式，含可选的a.m./p.m.及括号注释,,,stage1,,,
1350,act_dep_time,11:30aDec 1,FI,regex,非空值绝大多数符合12小时制时间格式，含可选的a.m./p.m.及括号注释,,,stage1,,,
1351,act_dep_time,6:02aDec 1,FI,regex,非空值绝大多数符合12小时制时间格式，含可选的a.m./p.m.及括号注释,,,stage1,,,
1352,act_dep_time,8:40aDec 1,FI,regex,非空值绝大多数符合12小时制时间格式，含可选的a.m./p.m.及括号注释,,,stage1,,,
1353,act_dep_time,10:10aDec 1,FI,regex,非空值绝大多数符合12小时制时间格式，含可选的a.m./p.m.及括号注释,,,stage1,,,
1355,act_dep_time,7:49aDec 1,FI,regex,非空值绝大多数符合12小时制时间格式，含可选的a.m./p.m.及括号注释,,,stage1,,,
1357,act_dep_time,11:47aDec 1,FI,regex,非空值绝大多数符合12小时制时间格式，含可选的a.m./p.m.及括号注释,,,stage1,,,
1359,act_dep_time,11:51aDec 1,FI,regex,非空值绝大多数符合12小时制时间格式，含可选的a.m./p.m.及括号注释,,,stage1,,,
1362,act_dep_time,10:46aDec 1,FI,regex,非空值绝大多数符合12小时制时间格式，含可选的a.m./p.m.及括号注释,,,stage1,,,
1365,act_dep_time,7:08aDec 1,FI,regex,非空值绝大多数符合12小时制时间格式，含可选的a.m./p.m.及括号注释,,,stage1,,,
1366,act_dep_time,,MV,missing_value,缺失值：缺失哨兵(空串/NaN/empty 等),,,stage1,,,
1368,act_dep_time,,MV,missing_value,缺失值：缺失哨兵(空串/NaN/empty 等),,,stage1,,,
1370,act_dep_time,9:14aDec 1,FI,regex,非空值绝大多数符合12小时制时间格式，含可选的a.m./p.m.及括号注释,,,stage1,,,
1371,act_dep_time,5:59aDec 1,FI,regex,非空值绝大多数符合12小时制时间格式，含可选的a.m./p.m.及括号注释,,,stage1,,,
1372,act_dep_time,7:10aDec 1,FI,regex,非空值绝大多数符合12小时制时间格式，含可选的a.m./p.m.及括号注释,,,stage1,,,
1377,act_dep_time,10:20aDec 1,FI,regex,非空值绝大多数符合12小时制时间格式，含可选的a.m./p.m.及括号注释,,,stage1,,,
1378,act_dep_time,7:07aDec 1,FI,regex,非空值绝大多数符合12小时制时间格式，含可选的a.m./p.m.及括号注释,,,stage1,,,
1379,act_dep_time,10:47aDec 1,FI,regex,非空值绝大多数符合12小时制时间格式，含可选的a.m./p.m.及括号注释,,,stage1,,,
1383,act_dep_time,,MV,missing_value,缺失值：缺失哨兵(空串/NaN/empty 等),,,stage1,,,
1384,act_dep_time,,MV,missing_value,缺失值：缺失哨兵(空串/NaN/empty 等),,,stage1,,,
1385,act_dep_time,,MV,missing_value,缺失值：缺失哨兵(空串/NaN/empty 等),,,stage1,,,
1386,act_dep_time,,MV,missing_value,缺失值：缺失哨兵(空串/NaN/empty 等),,,stage1,,,
1387,act_dep_time,6:56aDec 1,FI,regex,非空值绝大多数符合12小时制时间格式，含可选的a.m./p.m.及括号注释,,,stage1,,,
1388,act_dep_time,8:31aDec 1,FI,regex,非空值绝大多数符合12小时制时间格式，含可选的a.m./p.m.及括号注释,,,stage1,,,
1389,act_dep_time,,MV,missing_value,缺失值：缺失哨兵(空串/NaN/empty 等),,,stage1,,,
1391,act_dep_time,7:27aDec 1,FI,regex,非空值绝大多数符合12小时制时间格式，含可选的a.m./p.m.及括号注释,,,stage1,,,
1392,act_dep_time,,MV,missing_value,缺失值：缺失哨兵(空串/NaN/empty 等),,,stage1,,,
1393,act_dep_time,,MV,missing_value,缺失值：缺失哨兵(空串/NaN/empty 等),,,stage1,,,
1395,act_dep_time,11:15aDec 1,FI,regex,非空值绝大多数符合12小时制时间格式，含可选的a.m./p.m.及括号注释,,,stage1,,,
1399,act_dep_time,9:16aDec 1,FI,regex,非空值绝大多数符合12小时制时间格式，含可选的a.m./p.m.及括号注释,,,stage1,,,
1402,act_dep_time,7:10aDec 1,FI,regex,非空值绝大多数符合12小时制时间格式，含可选的a.m./p.m.及括号注释,,,stage1,,,
1404,act_dep_time,7:51aDec 1,FI,regex,非空值绝大多数符合12小时制时间格式，含可选的a.m./p.m.及括号注释,,,stage1,,,
1405,act_dep_time,8:52aDec 1,FI,regex,非空值绝大多数符合12小时制时间格式，含可选的a.m./p.m.及括号注释,,,stage1,,,
1407,act_dep_time,8:32aDec 1,FI,regex,非空值绝大多数符合12小时制时间格式，含可选的a.m./p.m.及括号注释,,,stage1,,,
1409,act_dep_time,7:28aDec 1,FI,regex,非空值绝大多数符合12小时制时间格式，含可选的a.m./p.m.及括号注释,,,stage1,,,
1410,act_dep_time,11:20aDec 1,FI,regex,非空值绝大多数符合12小时制时间格式，含可选的a.m./p.m.及括号注释,,,stage1,,,
1412,act_dep_time,11:33aDec 1,FI,regex,非空值绝大多数符合12小时制时间格式，含可选的a.m./p.m.及括号注释,,,stage1,,,
1413,act_dep_time,7:22aDec 1,FI,regex,非空值绝大多数符合12小时制时间格式，含可选的a.m./p.m.及括号注释,,,stage1,,,
1415,act_dep_time,11:43aDec 1,FI,regex,非空值绝大多数符合12小时制时间格式，含可选的a.m./p.m.及括号注释,,,stage1,,,
1416,act_dep_time,10:35aDec 1,FI,regex,非空值绝大多数符合12小时制时间格式，含可选的a.m./p.m.及括号注释,,,stage1,,,
1417,act_dep_time,6:41aDec 1,FI,regex,非空值绝大多数符合12小时制时间格式，含可选的a.m./p.m.及括号注释,,,stage1,,,
1419,act_dep_time,5:56aDec 1,FI,regex,非空值绝大多数符合12小时制时间格式，含可选的a.m./p.m.及括号注释,,,stage1,,,
1420,act_dep_time,7:14aDec 1,FI,regex,非空值绝大多数符合12小时制时间格式，含可选的a.m./p.m.及括号注释,,,stage1,,,
1421,act_dep_time,7:05aDec 1,FI,regex,非空值绝大多数符合12小时制时间格式，含可选的a.m./p.m.及括号注释,,,stage1,,,
1422,act_dep_time,,MV,missing_value,缺失值：缺失哨兵(空串/NaN/empty 等),,,stage1,,,
1423,act_dep_time,,MV,missing_value,缺失值：缺失哨兵(空串/NaN/empty 等),,,stage1,,,
1424,act_dep_time,,MV,missing_value,缺失值：缺失哨兵(空串/NaN/empty 等),,,stage1,,,
1425,act_dep_time,,MV,missing_value,缺失值：缺失哨兵(空串/NaN/empty 等),,,stage1,,,
1481,act_dep_time,,MV,missing_value,缺失值：缺失哨兵(空串/NaN/empty 等),,,stage1,,,
1482,act_dep_time,,MV,missing_value,缺失值：缺失哨兵(空串/NaN/empty 等),,,stage1,,,
1483,act_dep_time,,MV,missing_value,缺失值：缺失哨兵(空串/NaN/empty 等),,,stage1,,,
1484,act_dep_time,,MV,missing_value,缺失值：缺失哨兵(空串/NaN/empty 等),,,stage1,,,
1485,act_dep_time,,MV,missing_value,缺失值：缺失哨兵(空串/NaN/empty 等),,,stage1,,,
1486,act_dep_time,,MV,missing_value,缺失值：缺失哨兵(空串/NaN/empty 等),,,stage1,,,
1488,act_dep_time,,MV,missing_value,缺失值：缺失哨兵(空串/NaN/empty 等),,,stage1,,,
1494,act_dep_time,,MV,missing_value,缺失值：缺失哨兵(空串/NaN/empty 等),,,stage1,,,
1499,act_dep_time,,MV,missing_value,缺失值：缺失哨兵(空串/NaN/empty 等),,,stage1,,,
1501,act_dep_time,,MV,missing_value,缺失值：缺失哨兵(空串/NaN/empty 等),,,stage1,,,
1502,act_dep_time,,MV,missing_value,缺失值：缺失哨兵(空串/NaN/empty 等),,,stage1,,,
1508,act_dep_time,,MV,missing_value,缺失值：缺失哨兵(空串/NaN/empty 等),,,stage1,,,
1509,act_dep_time,,MV,missing_value,缺失值：缺失哨兵(空串/NaN/empty 等),,,stage1,,,
1512,act_dep_time,,MV,missing_value,缺失值：缺失哨兵(空串/NaN/empty 等),,,stage1,,,
1515,act_dep_time,,MV,missing_value,缺失值：缺失哨兵(空串/NaN/empty 等),,,stage1,,,
1516,act_dep_time,,MV,missing_value,缺失值：缺失哨兵(空串/NaN/empty 等),,,stage1,,,
1524,act_dep_time,,MV,missing_value,缺失值：缺失哨兵(空串/NaN/empty 等),,,stage1,,,
1525,act_dep_time,,MV,missing_value,缺失值：缺失哨兵(空串/NaN/empty 等),,,stage1,,,
1528,act_dep_time,,MV,missing_value,缺失值：缺失哨兵(空串/NaN/empty 等),,,stage1,,,
1533,act_dep_time,,MV,missing_value,缺失值：缺失哨兵(空串/NaN/empty 等),,,stage1,,,
1535,act_dep_time,,MV,missing_value,缺失值：缺失哨兵(空串/NaN/empty 等),,,stage1,,,
1543,act_dep_time,,MV,missing_value,缺失值：缺失哨兵(空串/NaN/empty 等),,,stage1,,,
1548,act_dep_time,,MV,missing_value,缺失值：缺失哨兵(空串/NaN/empty 等),,,stage1,,,
1557,act_dep_time,,MV,missing_value,缺失值：缺失哨兵(空串/NaN/empty 等),,,stage1,,,
1559,act_dep_time,,MV,missing_value,缺失值：缺失哨兵(空串/NaN/empty 等),,,stage1,,,
1565,act_dep_time,,MV,missing_value,缺失值：缺失哨兵(空串/NaN/empty 等),,,stage1,,,
1566,act_dep_time,,MV,missing_value,缺失值：缺失哨兵(空串/NaN/empty 等),,,stage1,,,
1572,act_dep_time,,MV,missing_value,缺失值：缺失哨兵(空串/NaN/empty 等),,,stage1,,,
1579,act_dep_time,,MV,missing_value,缺失值：缺失哨兵(空串/NaN/empty 等),,,stage1,,,
1583,act_dep_time,,MV,missing_value,缺失值：缺失哨兵(空串/NaN/empty 等),,,stage1,,,
1589,act_dep_time,,MV,missing_value,缺失值：缺失哨兵(空串/NaN/empty 等),,,stage1,,,
1590,act_dep_time,,MV,missing_value,缺失值：缺失哨兵(空串/NaN/empty 等),,,stage1,,,
1591,act_dep_time,Contact Airline,FI,regex,非空值绝大多数符合12小时制时间格式，含可选的a.m./p.m.及括号注释,,,stage1,,,
1592,act_dep_time,,MV,missing_value,缺失值：缺失哨兵(空串/NaN/empty 等),,,stage1,,,
1593,act_dep_time,,MV,missing_value,缺失值：缺失哨兵(空串/NaN/empty 等),,,stage1,,,
1594,act_dep_time,12:41aDec 1,FI,regex,非空值绝大多数符合12小时制时间格式，含可选的a.m./p.m.及括号注释,,,stage1,,,
1596,act_dep_time,10:19aDec 1,FI,regex,非空值绝大多数符合12小时制时间格式，含可选的a.m./p.m.及括号注释,,,stage1,,,
1597,act_dep_time,7:04aDec 1,FI,regex,非空值绝大多数符合12小时制时间格式，含可选的a.m./p.m.及括号注释,,,stage1,,,
1599,act_dep_time,11:56aDec 1,FI,regex,非空值绝大多数符合12小时制时间格式，含可选的a.m./p.m.及括号注释,,,stage1,,,
1600,act_dep_time,5:58aDec 1,FI,regex,非空值绝大多数符合12小时制时间格式，含可选的a.m./p.m.及括号注释,,,stage1,,,
1601,act_dep_time,11:30aDec 1,FI,regex,非空值绝大多数符合12小时制时间格式，含可选的a.m./p.m.及括号注释,,,stage1,,,
1603,act_dep_time,7:28aDec 1,FI,regex,非空值绝大多数符合12小时制时间格式，含可选的a.m./p.m.及括号注释,,,stage1,,,
1606,act_dep_time,11:47aDec 1,FI,regex,非空值绝大多数符合12小时制时间格式，含可选的a.m./p.m.及括号注释,,,stage1,,,
1607,act_dep_time,11:51aDec 1,FI,regex,非空值绝大多数符合12小时制时间格式，含可选的a.m./p.m.及括号注释,,,stage1,,,
1610,act_dep_time,5:59aDec 1,FI,regex,非空值绝大多数符合12小时制时间格式，含可选的a.m./p.m.及括号注释,,,stage1,,,
1611,act_dep_time,7:10aDec 1,FI,regex,非空值绝大多数符合12小时制时间格式，含可选的a.m./p.m.及括号注释,,,stage1,,,
1613,act_dep_time,7:22aDec 1,FI,regex,非空值绝大多数符合12小时制时间格式，含可选的a.m./p.m.及括号注释,,,stage1,,,
1615,act_dep_time,7:07aDec 1,FI,regex,非空值绝大多数符合12小时制时间格式，含可选的a.m./p.m.及括号注释,,,stage1,,,
1617,act_dep_time,,MV,missing_value,缺失值：缺失哨兵(空串/NaN/empty 等),,,stage1,,,
1618,act_dep_time,Not Available,FI,regex,非空值绝大多数符合12小时制时间格式，含可选的a.m./p.m.及括号注释,,,stage1,,,
1619,act_dep_time,,MV,missing_value,缺失值：缺失哨兵(空串/NaN/empty 等),,,stage1,,,
1620,act_dep_time,6:56aDec 1,FI,regex,非空值绝大多数符合12小时制时间格式，含可选的a.m./p.m.及括号注释,,,stage1,,,
1621,act_dep_time,8:31aDec 1,FI,regex,非空值绝大多数符合12小时制时间格式，含可选的a.m./p.m.及括号注释,,,stage1,,,
1623,act_dep_time,Not Available,FI,regex,非空值绝大多数符合12小时制时间格式，含可选的a.m./p.m.及括号注释,,,stage1,,,
1625,act_dep_time,,MV,missing_value,缺失值：缺失哨兵(空串/NaN/empty 等),,,stage1,,,
1630,act_dep_time,8:52aDec 1,FI,regex,非空值绝大多数符合12小时制时间格式，含可选的a.m./p.m.及括号注释,,,stage1,,,
1631,act_dep_time,7:14aDec 1,FI,regex,非空值绝大多数符合12小时制时间格式，含可选的a.m./p.m.及括号注释,,,stage1,,,
1632,act_dep_time,8:32aDec 1,FI,regex,非空值绝大多数符合12小时制时间格式，含可选的a.m./p.m.及括号注释,,,stage1,,,
1633,act_dep_time,11:20aDec 1,FI,regex,非空值绝大多数符合12小时制时间格式，含可选的a.m./p.m.及括号注释,,,stage1,,,
1636,act_dep_time,6:41aDec 1,FI,regex,非空值绝大多数符合12小时制时间格式，含可选的a.m./p.m.及括号注释,,,stage1,,,
1637,act_dep_time,,MV,missing_value,缺失值：缺失哨兵(空串/NaN/empty 等),,,stage1,,,
1638,act_dep_time,,MV,missing_value,缺失值：缺失哨兵(空串/NaN/empty 等),,,stage1,,,
1639,act_dep_time,,MV,missing_value,缺失值：缺失哨兵(空串/NaN/empty 等),,,stage1,,,
1640,act_dep_time,,MV,missing_value,缺失值：缺失哨兵(空串/NaN/empty 等),,,stage1,,,
1641,act_dep_time,,MV,missing_value,缺失值：缺失哨兵(空串/NaN/empty 等),,,stage1,,,
1642,act_dep_time,,MV,missing_value,缺失值：缺失哨兵(空串/NaN/empty 等),,,stage1,,,
1643,act_dep_time,,MV,missing_value,缺失值：缺失哨兵(空串/NaN/empty 等),,,stage1,,,
1644,act_dep_time,,MV,missing_value,缺失值：缺失哨兵(空串/NaN/empty 等),,,stage1,,,
1645,act_dep_time,,MV,missing_value,缺失值：缺失哨兵(空串/NaN/empty 等),,,stage1,,,
1646,act_dep_time,,MV,missing_value,缺失值：缺失哨兵(空串/NaN/empty 等),,,stage1,,,
1647,act_dep_time,,MV,missing_value,缺失值：缺失哨兵(空串/NaN/empty 等),,,stage1,,,
1648,act_dep_time,,MV,missing_value,缺失值：缺失哨兵(空串/NaN/empty 等),,,stage1,,,
1649,act_dep_time,,MV,missing_value,缺失值：缺失哨兵(空串/NaN/empty 等),,,stage1,,,
1650,act_dep_time,,MV,missing_value,缺失值：缺失哨兵(空串/NaN/empty 等),,,stage1,,,
1651,act_dep_time,,MV,missing_value,缺失值：缺失哨兵(空串/NaN/empty 等),,,stage1,,,
1652,act_dep_time,,MV,missing_value,缺失值：缺失哨兵(空串/NaN/empty 等),,,stage1,,,
1653,act_dep_time,,MV,missing_value,缺失值：缺失哨兵(空串/NaN/empty 等),,,stage1,,,
1654,act_dep_time,,MV,missing_value,缺失值：缺失哨兵(空串/NaN/empty 等),,,stage1,,,
1655,act_dep_time,,MV,missing_value,缺失值：缺失哨兵(空串/NaN/empty 等),,,stage1,,,
1656,act_dep_time,,MV,missing_value,缺失值：缺失哨兵(空串/NaN/empty 等),,,stage1,,,
1657,act_dep_time,,MV,missing_value,缺失值：缺失哨兵(空串/NaN/empty 等),,,stage1,,,
1658,act_dep_time,,MV,missing_value,缺失值：缺失哨兵(空串/NaN/empty 等),,,stage1,,,
1659,act_dep_time,,MV,missing_value,缺失值：缺失哨兵(空串/NaN/empty 等),,,stage1,,,
1660,act_dep_time,,MV,missing_value,缺失值：缺失哨兵(空串/NaN/empty 等),,,stage1,,,
1733,act_dep_time,12:35 p.m.            Delayed,FI,regex,非空值绝大多数符合12小时制时间格式，含可选的a.m./p.m.及括号注释,,,stage1,,,
1737,act_dep_time,1:32 p.m.            Delayed,FI,regex,非空值绝大多数符合12小时制时间格式，含可选的a.m./p.m.及括号注释,,,stage1,,,
1739,act_dep_time,4:28 p.m.            Delayed,FI,regex,非空值绝大多数符合12小时制时间格式，含可选的a.m./p.m.及括号注释,,,stage1,,,
1743,act_dep_time,1:48 p.m.            Delayed,FI,regex,非空值绝大多数符合12小时制时间格式，含可选的a.m./p.m.及括号注释,,,stage1,,,
1747,act_dep_time,11:08 p.m.            On Time,FI,regex,非空值绝大多数符合12小时制时间格式，含可选的a.m./p.m.及括号注释,,,stage1,,,
1752,act_dep_time,9:16 a.m.            Delayed,FI,regex,非空值绝大多数符合12小时制时间格式，含可选的a.m./p.m.及括号注释,,,stage1,,,
1763,act_dep_time,,MV,missing_value,缺失值：缺失哨兵(空串/NaN/empty 等),,,stage1,,,
1768,act_dep_time,,MV,missing_value,缺失值：缺失哨兵(空串/NaN/empty 等),,,stage1,,,
1801,act_dep_time,,MV,missing_value,缺失值：缺失哨兵(空串/NaN/empty 等),,,stage1,,,
1803,act_dep_time,,MV,missing_value,缺失值：缺失哨兵(空串/NaN/empty 等),,,stage1,,,
1818,act_dep_time,,MV,missing_value,缺失值：缺失哨兵(空串/NaN/empty 等),,,stage1,,,
1819,act_dep_time,,MV,missing_value,缺失值：缺失哨兵(空串/NaN/empty 等),,,stage1,,,
1820,act_dep_time,,MV,missing_value,缺失值：缺失哨兵(空串/NaN/empty 等),,,stage1,,,
1821,act_dep_time,,MV,missing_value,缺失值：缺失哨兵(空串/NaN/empty 等),,,stage1,,,
1825,act_dep_time,,MV,missing_value,缺失值：缺失哨兵(空串/NaN/empty 等),,,stage1,,,
1828,act_dep_time,,MV,missing_value,缺失值：缺失哨兵(空串/NaN/empty 等),,,stage1,,,
1829,act_dep_time,,MV,missing_value,缺失值：缺失哨兵(空串/NaN/empty 等),,,stage1,,,
1928,act_dep_time,,MV,missing_value,缺失值：缺失哨兵(空串/NaN/empty 等),,,stage1,,,
1960,act_dep_time,,MV,missing_value,缺失值：缺失哨兵(空串/NaN/empty 等),,,stage1,,,
1993,act_dep_time,,MV,missing_value,缺失值：缺失哨兵(空串/NaN/empty 等),,,stage1,,,
1995,act_dep_time,,MV,missing_value,缺失值：缺失哨兵(空串/NaN/empty 等),,,stage1,,,
2010,act_dep_time,,MV,missing_value,缺失值：缺失哨兵(空串/NaN/empty 等),,,stage1,,,
2011,act_dep_time,,MV,missing_value,缺失值：缺失哨兵(空串/NaN/empty 等),,,stage1,,,
2012,act_dep_time,,MV,missing_value,缺失值：缺失哨兵(空串/NaN/empty 等),,,stage1,,,
2013,act_dep_time,,MV,missing_value,缺失值：缺失哨兵(空串/NaN/empty 等),,,stage1,,,
2017,act_dep_time,,MV,missing_value,缺失值：缺失哨兵(空串/NaN/empty 等),,,stage1,,,
2020,act_dep_time,,MV,missing_value,缺失值：缺失哨兵(空串/NaN/empty 等),,,stage1,,,
2021,act_dep_time,,MV,missing_value,缺失值：缺失哨兵(空串/NaN/empty 等),,,stage1,,,
2055,act_dep_time,,MV,missing_value,缺失值：缺失哨兵(空串/NaN/empty 等),,,stage1,,,
2060,act_dep_time,,MV,missing_value,缺失值：缺失哨兵(空串/NaN/empty 等),,,stage1,,,
2093,act_dep_time,,MV,missing_value,缺失值：缺失哨兵(空串/NaN/empty 等),,,stage1,,,
2095,act_dep_time,,MV,missing_value,缺失值：缺失哨兵(空串/NaN/empty 等),,,stage1,,,
2110,act_dep_time,,MV,missing_value,缺失值：缺失哨兵(空串/NaN/empty 等),,,stage1,,,
2111,act_dep_time,,MV,missing_value,缺失值：缺失哨兵(空串/NaN/empty 等),,,stage1,,,
2112,act_dep_time,,MV,missing_value,缺失值：缺失哨兵(空串/NaN/empty 等),,,stage1,,,
2113,act_dep_time,,MV,missing_value,缺失值：缺失哨兵(空串/NaN/empty 等),,,stage1,,,
2117,act_dep_time,,MV,missing_value,缺失值：缺失哨兵(空串/NaN/empty 等),,,stage1,,,
2120,act_dep_time,,MV,missing_value,缺失值：缺失哨兵(空串/NaN/empty 等),,,stage1,,,
2121,act_dep_time,,MV,missing_value,缺失值：缺失哨兵(空串/NaN/empty 等),,,stage1,,,
2150,act_dep_time,,MV,missing_value,缺失值：缺失哨兵(空串/NaN/empty 等),,,stage1,,,
2151,act_dep_time,,MV,missing_value,缺失值：缺失哨兵(空串/NaN/empty 等),,,stage1,,,
2152,act_dep_time,,MV,missing_value,缺失值：缺失哨兵(空串/NaN/empty 等),,,stage1,,,
2153,act_dep_time,,MV,missing_value,缺失值：缺失哨兵(空串/NaN/empty 等),,,stage1,,,
2154,act_dep_time,,MV,missing_value,缺失值：缺失哨兵(空串/NaN/empty 等),,,stage1,,,
2165,act_dep_time,,MV,missing_value,缺失值：缺失哨兵(空串/NaN/empty 等),,,stage1,,,
2198,act_dep_time,,MV,missing_value,缺失值：缺失哨兵(空串/NaN/empty 等),,,stage1,,,
2200,act_dep_time,,MV,missing_value,缺失值：缺失哨兵(空串/NaN/empty 等),,,stage1,,,
2215,act_dep_time,,MV,missing_value,缺失值：缺失哨兵(空串/NaN/empty 等),,,stage1,,,
2216,act_dep_time,,MV,missing_value,缺失值：缺失哨兵(空串/NaN/empty 等),,,stage1,,,
2217,act_dep_time,,MV,missing_value,缺失值：缺失哨兵(空串/NaN/empty 等),,,stage1,,,
2218,act_dep_time,,MV,missing_value,缺失值：缺失哨兵(空串/NaN/empty 等),,,stage1,,,
2222,act_dep_time,,MV,missing_value,缺失值：缺失哨兵(空串/NaN/empty 等),,,stage1,,,
2225,act_dep_time,,MV,missing_value,缺失值：缺失哨兵(空串/NaN/empty 等),,,stage1,,,
2226,act_dep_time,,MV,missing_value,缺失值：缺失哨兵(空串/NaN/empty 等),,,stage1,,,
5,sched_arr_time,12/02/2011 6:55 a.m.,FI,regex,格式应为 小时:分钟 午别，可选后接星期 日-月-年；样例符合度高,,,stage1,,,
31,sched_arr_time,12/02/2011 5:50 a.m.,FI,regex,格式应为 小时:分钟 午别，可选后接星期 日-月-年；样例符合度高,,,stage1,,,
32,sched_arr_time,12/02/2011 12:15 a.m.,FI,regex,格式应为 小时:分钟 午别，可选后接星期 日-月-年；样例符合度高,,,stage1,,,
50,sched_arr_time,,MV,missing_value,缺失值：缺失哨兵(空串/NaN/empty 等),,,stage1,,,
52,sched_arr_time,,MV,missing_value,缺失值：缺失哨兵(空串/NaN/empty 等),,,stage1,,,
53,sched_arr_time,,MV,missing_value,缺失值：缺失哨兵(空串/NaN/empty 等),,,stage1,,,
54,sched_arr_time,,MV,missing_value,缺失值：缺失哨兵(空串/NaN/empty 等),,,stage1,,,
55,sched_arr_time,,MV,missing_value,缺失值：缺失哨兵(空串/NaN/empty 等),,,stage1,,,
56,sched_arr_time,,MV,missing_value,缺失值：缺失哨兵(空串/NaN/empty 等),,,stage1,,,
58,sched_arr_time,,MV,missing_value,缺失值：缺失哨兵(空串/NaN/empty 等),,,stage1,,,
59,sched_arr_time,,MV,missing_value,缺失值：缺失哨兵(空串/NaN/empty 等),,,stage1,,,
60,sched_arr_time,,MV,missing_value,缺失值：缺失哨兵(空串/NaN/empty 等),,,stage1,,,
61,sched_arr_time,,MV,missing_value,缺失值：缺失哨兵(空串/NaN/empty 等),,,stage1,,,
63,sched_arr_time,,MV,missing_value,缺失值：缺失哨兵(空串/NaN/empty 等),,,stage1,,,
66,sched_arr_time,,MV,missing_value,缺失值：缺失哨兵(空串/NaN/empty 等),,,stage1,,,
67,sched_arr_time,,MV,missing_value,缺失值：缺失哨兵(空串/NaN/empty 等),,,stage1,,,
68,sched_arr_time,,MV,missing_value,缺失值：缺失哨兵(空串/NaN/empty 等),,,stage1,,,
69,sched_arr_time,,MV,missing_value,缺失值：缺失哨兵(空串/NaN/empty 等),,,stage1,,,
70,sched_arr_time,,MV,missing_value,缺失值：缺失哨兵(空串/NaN/empty 等),,,stage1,,,
73,sched_arr_time,,MV,missing_value,缺失值：缺失哨兵(空串/NaN/empty 等),,,stage1,,,
74,sched_arr_time,,MV,missing_value,缺失值：缺失哨兵(空串/NaN/empty 等),,,stage1,,,
76,sched_arr_time,,MV,missing_value,缺失值：缺失哨兵(空串/NaN/empty 等),,,stage1,,,
77,sched_arr_time,,MV,missing_value,缺失值：缺失哨兵(空串/NaN/empty 等),,,stage1,,,
80,sched_arr_time,,MV,missing_value,缺失值：缺失哨兵(空串/NaN/empty 等),,,stage1,,,
81,sched_arr_time,,MV,missing_value,缺失值：缺失哨兵(空串/NaN/empty 等),,,stage1,,,
82,sched_arr_time,,MV,missing_value,缺失值：缺失哨兵(空串/NaN/empty 等),,,stage1,,,
83,sched_arr_time,,MV,missing_value,缺失值：缺失哨兵(空串/NaN/empty 等),,,stage1,,,
84,sched_arr_time,,MV,missing_value,缺失值：缺失哨兵(空串/NaN/empty 等),,,stage1,,,
85,sched_arr_time,,MV,missing_value,缺失值：缺失哨兵(空串/NaN/empty 等),,,stage1,,,
86,sched_arr_time,,MV,missing_value,缺失值：缺失哨兵(空串/NaN/empty 等),,,stage1,,,
89,sched_arr_time,,MV,missing_value,缺失值：缺失哨兵(空串/NaN/empty 等),,,stage1,,,
90,sched_arr_time,,MV,missing_value,缺失值：缺失哨兵(空串/NaN/empty 等),,,stage1,,,
92,sched_arr_time,,MV,missing_value,缺失值：缺失哨兵(空串/NaN/empty 等),,,stage1,,,
93,sched_arr_time,,MV,missing_value,缺失值：缺失哨兵(空串/NaN/empty 等),,,stage1,,,
94,sched_arr_time,,MV,missing_value,缺失值：缺失哨兵(空串/NaN/empty 等),,,stage1,,,
95,sched_arr_time,,MV,missing_value,缺失值：缺失哨兵(空串/NaN/empty 等),,,stage1,,,
96,sched_arr_time,12/2/11 12:21 a.m.,FI,regex,格式应为 小时:分钟 午别，可选后接星期 日-月-年；样例符合度高,,,stage1,,,
97,sched_arr_time,,MV,missing_value,缺失值：缺失哨兵(空串/NaN/empty 等),,,stage1,,,
99,sched_arr_time,,MV,missing_value,缺失值：缺失哨兵(空串/NaN/empty 等),,,stage1,,,
100,sched_arr_time,,MV,missing_value,缺失值：缺失哨兵(空串/NaN/empty 等),,,stage1,,,
101,sched_arr_time,,MV,missing_value,缺失值：缺失哨兵(空串/NaN/empty 等),,,stage1,,,
102,sched_arr_time,,MV,missing_value,缺失值：缺失哨兵(空串/NaN/empty 等),,,stage1,,,
103,sched_arr_time,,MV,missing_value,缺失值：缺失哨兵(空串/NaN/empty 等),,,stage1,,,
104,sched_arr_time,,MV,missing_value,缺失值：缺失哨兵(空串/NaN/empty 等),,,stage1,,,
105,sched_arr_time,,MV,missing_value,缺失值：缺失哨兵(空串/NaN/empty 等),,,stage1,,,
107,sched_arr_time,,MV,missing_value,缺失值：缺失哨兵(空串/NaN/empty 等),,,stage1,,,
108,sched_arr_time,,MV,missing_value,缺失值：缺失哨兵(空串/NaN/empty 等),,,stage1,,,
109,sched_arr_time,,MV,missing_value,缺失值：缺失哨兵(空串/NaN/empty 等),,,stage1,,,
110,sched_arr_time,,MV,missing_value,缺失值：缺失哨兵(空串/NaN/empty 等),,,stage1,,,
112,sched_arr_time,,MV,missing_value,缺失值：缺失哨兵(空串/NaN/empty 等),,,stage1,,,
113,sched_arr_time,,MV,missing_value,缺失值：缺失哨兵(空串/NaN/empty 等),,,stage1,,,
114,sched_arr_time,,MV,missing_value,缺失值：缺失哨兵(空串/NaN/empty 等),,,stage1,,,
115,sched_arr_time,,MV,missing_value,缺失值：缺失哨兵(空串/NaN/empty 等),,,stage1,,,
116,sched_arr_time,,MV,missing_value,缺失值：缺失哨兵(空串/NaN/empty 等),,,stage1,,,
117,sched_arr_time,,MV,missing_value,缺失值：缺失哨兵(空串/NaN/empty 等),,,stage1,,,
118,sched_arr_time,,MV,missing_value,缺失值：缺失哨兵(空串/NaN/empty 等),,,stage1,,,
119,sched_arr_time,,MV,missing_value,缺失值：缺失哨兵(空串/NaN/empty 等),,,stage1,,,
121,sched_arr_time,,MV,missing_value,缺失值：缺失哨兵(空串/NaN/empty 等),,,stage1,,,
122,sched_arr_time,12/2/11 5:11 a.m.,FI,regex,格式应为 小时:分钟 午别，可选后接星期 日-月-年；样例符合度高,,,stage1,,,
123,sched_arr_time,,MV,missing_value,缺失值：缺失哨兵(空串/NaN/empty 等),,,stage1,,,
124,sched_arr_time,,MV,missing_value,缺失值：缺失哨兵(空串/NaN/empty 等),,,stage1,,,
125,sched_arr_time,,MV,missing_value,缺失值：缺失哨兵(空串/NaN/empty 等),,,stage1,,,
126,sched_arr_time,,MV,missing_value,缺失值：缺失哨兵(空串/NaN/empty 等),,,stage1,,,
127,sched_arr_time,,MV,missing_value,缺失值：缺失哨兵(空串/NaN/empty 等),,,stage1,,,
130,sched_arr_time,,MV,missing_value,缺失值：缺失哨兵(空串/NaN/empty 等),,,stage1,,,
131,sched_arr_time,,MV,missing_value,缺失值：缺失哨兵(空串/NaN/empty 等),,,stage1,,,
132,sched_arr_time,,MV,missing_value,缺失值：缺失哨兵(空串/NaN/empty 等),,,stage1,,,
133,sched_arr_time,,MV,missing_value,缺失值：缺失哨兵(空串/NaN/empty 等),,,stage1,,,
134,sched_arr_time,,MV,missing_value,缺失值：缺失哨兵(空串/NaN/empty 等),,,stage1,,,
136,sched_arr_time,,MV,missing_value,缺失值：缺失哨兵(空串/NaN/empty 等),,,stage1,,,
137,sched_arr_time,,MV,missing_value,缺失值：缺失哨兵(空串/NaN/empty 等),,,stage1,,,
138,sched_arr_time,,MV,missing_value,缺失值：缺失哨兵(空串/NaN/empty 等),,,stage1,,,
139,sched_arr_time,,MV,missing_value,缺失值：缺失哨兵(空串/NaN/empty 等),,,stage1,,,
140,sched_arr_time,,MV,missing_value,缺失值：缺失哨兵(空串/NaN/empty 等),,,stage1,,,
141,sched_arr_time,,MV,missing_value,缺失值：缺失哨兵(空串/NaN/empty 等),,,stage1,,,
143,sched_arr_time,,MV,missing_value,缺失值：缺失哨兵(空串/NaN/empty 等),,,stage1,,,
144,sched_arr_time,,MV,missing_value,缺失值：缺失哨兵(空串/NaN/empty 等),,,stage1,,,
145,sched_arr_time,,MV,missing_value,缺失值：缺失哨兵(空串/NaN/empty 等),,,stage1,,,
147,sched_arr_time,,MV,missing_value,缺失值：缺失哨兵(空串/NaN/empty 等),,,stage1,,,
148,sched_arr_time,,MV,missing_value,缺失值：缺失哨兵(空串/NaN/empty 等),,,stage1,,,
149,sched_arr_time,,MV,missing_value,缺失值：缺失哨兵(空串/NaN/empty 等),,,stage1,,,
151,sched_arr_time,,MV,missing_value,缺失值：缺失哨兵(空串/NaN/empty 等),,,stage1,,,
154,sched_arr_time,,MV,missing_value,缺失值：缺失哨兵(空串/NaN/empty 等),,,stage1,,,
158,sched_arr_time,,MV,missing_value,缺失值：缺失哨兵(空串/NaN/empty 等),,,stage1,,,
159,sched_arr_time,,MV,missing_value,缺失值：缺失哨兵(空串/NaN/empty 等),,,stage1,,,
160,sched_arr_time,6:55 a.m. Dec 02,FI,regex,格式应为 小时:分钟 午别，可选后接星期 日-月-年；样例符合度高,,,stage1,,,
161,sched_arr_time,,MV,missing_value,缺失值：缺失哨兵(空串/NaN/empty 等),,,stage1,,,
162,sched_arr_time,,MV,missing_value,缺失值：缺失哨兵(空串/NaN/empty 等),,,stage1,,,
164,sched_arr_time,,MV,missing_value,缺失值：缺失哨兵(空串/NaN/empty 等),,,stage1,,,
165,sched_arr_time,,MV,missing_value,缺失值：缺失哨兵(空串/NaN/empty 等),,,stage1,,,
167,sched_arr_time,,MV,missing_value,缺失值：缺失哨兵(空串/NaN/empty 等),,,stage1,,,
170,sched_arr_time,,MV,missing_value,缺失值：缺失哨兵(空串/NaN/empty 等),,,stage1,,,
171,sched_arr_time,,MV,missing_value,缺失值：缺失哨兵(空串/NaN/empty 等),,,stage1,,,
172,sched_arr_time,,MV,missing_value,缺失值：缺失哨兵(空串/NaN/empty 等),,,stage1,,,
173,sched_arr_time,,MV,missing_value,缺失值：缺失哨兵(空串/NaN/empty 等),,,stage1,,,
175,sched_arr_time,,MV,missing_value,缺失值：缺失哨兵(空串/NaN/empty 等),,,stage1,,,
178,sched_arr_time,,MV,missing_value,缺失值：缺失哨兵(空串/NaN/empty 等),,,stage1,,,
179,sched_arr_time,,MV,missing_value,缺失值：缺失哨兵(空串/NaN/empty 等),,,stage1,,,
182,sched_arr_time,,MV,missing_value,缺失值：缺失哨兵(空串/NaN/empty 等),,,stage1,,,
183,sched_arr_time,,MV,missing_value,缺失值：缺失哨兵(空串/NaN/empty 等),,,stage1,,,
184,sched_arr_time,,MV,missing_value,缺失值：缺失哨兵(空串/NaN/empty 等),,,stage1,,,
187,sched_arr_time,,MV,missing_value,缺失值：缺失哨兵(空串/NaN/empty 等),,,stage1,,,
188,sched_arr_time,,MV,missing_value,缺失值：缺失哨兵(空串/NaN/empty 等),,,stage1,,,
191,sched_arr_time,,MV,missing_value,缺失值：缺失哨兵(空串/NaN/empty 等),,,stage1,,,
195,sched_arr_time,12:21 a.m. Dec 02,FI,regex,格式应为 小时:分钟 午别，可选后接星期 日-月-年；样例符合度高,,,stage1,,,
196,sched_arr_time,,MV,missing_value,缺失值：缺失哨兵(空串/NaN/empty 等),,,stage1,,,
200,sched_arr_time,,MV,missing_value,缺失值：缺失哨兵(空串/NaN/empty 等),,,stage1,,,
202,sched_arr_time,,MV,missing_value,缺失值：缺失哨兵(空串/NaN/empty 等),,,stage1,,,
204,sched_arr_time,,MV,missing_value,缺失值：缺失哨兵(空串/NaN/empty 等),,,stage1,,,
205,sched_arr_time,,MV,missing_value,缺失值：缺失哨兵(空串/NaN/empty 等),,,stage1,,,
209,sched_arr_time,,MV,missing_value,缺失值：缺失哨兵(空串/NaN/empty 等),,,stage1,,,
210,sched_arr_time,5:50 a.m.Dec 02,FI,regex,格式应为 小时:分钟 午别，可选后接星期 日-月-年；样例符合度高,,,stage1,,,
211,sched_arr_time,12:29 a.m. Dec 02,FI,regex,格式应为 小时:分钟 午别，可选后接星期 日-月-年；样例符合度高,,,stage1,,,
212,sched_arr_time,12:15 a.m. Dec 02,FI,regex,格式应为 小时:分钟 午别，可选后接星期 日-月-年；样例符合度高,,,stage1,,,
216,sched_arr_time,,MV,missing_value,缺失值：缺失哨兵(空串/NaN/empty 等),,,stage1,,,
218,sched_arr_time,,MV,missing_value,缺失值：缺失哨兵(空串/NaN/empty 等),,,stage1,,,
219,sched_arr_time,,MV,missing_value,缺失值：缺失哨兵(空串/NaN/empty 等),,,stage1,,,
220,sched_arr_time,5:11 a.m.Dec 02,FI,regex,格式应为 小时:分钟 午别，可选后接星期 日-月-年；样例符合度高,,,stage1,,,
222,sched_arr_time,,MV,missing_value,缺失值：缺失哨兵(空串/NaN/empty 等),,,stage1,,,
223,sched_arr_time,,MV,missing_value,缺失值：缺失哨兵(空串/NaN/empty 等),,,stage1,,,
224,sched_arr_time,,MV,missing_value,缺失值：缺失哨兵(空串/NaN/empty 等),,,stage1,,,
225,sched_arr_time,,MV,missing_value,缺失值：缺失哨兵(空串/NaN/empty 等),,,stage1,,,
226,sched_arr_time,,MV,missing_value,缺失值：缺失哨兵(空串/NaN/empty 等),,,stage1,,,
227,sched_arr_time,,MV,missing_value,缺失值：缺失哨兵(空串/NaN/empty 等),,,stage1,,,
233,sched_arr_time,,MV,missing_value,缺失值：缺失哨兵(空串/NaN/empty 等),,,stage1,,,
235,sched_arr_time,,MV,missing_value,缺失值：缺失哨兵(空串/NaN/empty 等),,,stage1,,,
238,sched_arr_time,,MV,missing_value,缺失值：缺失哨兵(空串/NaN/empty 等),,,stage1,,,
242,sched_arr_time,,MV,missing_value,缺失值：缺失哨兵(空串/NaN/empty 等),,,stage1,,,
337,sched_arr_time,,MV,missing_value,缺失值：缺失哨兵(空串/NaN/empty 等),,,stage1,,,
339,sched_arr_time,,MV,missing_value,缺失值：缺失哨兵(空串/NaN/empty 等),,,stage1,,,
340,sched_arr_time,,MV,missing_value,缺失值：缺失哨兵(空串/NaN/empty 等),,,stage1,,,
341,sched_arr_time,,MV,missing_value,缺失值：缺失哨兵(空串/NaN/empty 等),,,stage1,,,
342,sched_arr_time,,MV,missing_value,缺失值：缺失哨兵(空串/NaN/empty 等),,,stage1,,,
343,sched_arr_time,,MV,missing_value,缺失值：缺失哨兵(空串/NaN/empty 等),,,stage1,,,
345,sched_arr_time,,MV,missing_value,缺失值：缺失哨兵(空串/NaN/empty 等),,,stage1,,,
346,sched_arr_time,,MV,missing_value,缺失值：缺失哨兵(空串/NaN/empty 等),,,stage1,,,
347,sched_arr_time,,MV,missing_value,缺失值：缺失哨兵(空串/NaN/empty 等),,,stage1,,,
348,sched_arr_time,,MV,missing_value,缺失值：缺失哨兵(空串/NaN/empty 等),,,stage1,,,
350,sched_arr_time,,MV,missing_value,缺失值：缺失哨兵(空串/NaN/empty 等),,,stage1,,,
353,sched_arr_time,,MV,missing_value,缺失值：缺失哨兵(空串/NaN/empty 等),,,stage1,,,
354,sched_arr_time,,MV,missing_value,缺失值：缺失哨兵(空串/NaN/empty 等),,,stage1,,,
355,sched_arr_time,,MV,missing_value,缺失值：缺失哨兵(空串/NaN/empty 等),,,stage1,,,
356,sched_arr_time,,MV,missing_value,缺失值：缺失哨兵(空串/NaN/empty 等),,,stage1,,,
357,sched_arr_time,,MV,missing_value,缺失值：缺失哨兵(空串/NaN/empty 等),,,stage1,,,
360,sched_arr_time,,MV,missing_value,缺失值：缺失哨兵(空串/NaN/empty 等),,,stage1,,,
361,sched_arr_time,,MV,missing_value,缺失值：缺失哨兵(空串/NaN/empty 等),,,stage1,,,
363,sched_arr_time,,MV,missing_value,缺失值：缺失哨兵(空串/NaN/empty 等),,,stage1,,,
364,sched_arr_time,,MV,missing_value,缺失值：缺失哨兵(空串/NaN/empty 等),,,stage1,,,
367,sched_arr_time,,MV,missing_value,缺失值：缺失哨兵(空串/NaN/empty 等),,,stage1,,,
368,sched_arr_time,,MV,missing_value,缺失值：缺失哨兵(空串/NaN/empty 等),,,stage1,,,
369,sched_arr_time,,MV,missing_value,缺失值：缺失哨兵(空串/NaN/empty 等),,,stage1,,,
370,sched_arr_time,,MV,missing_value,缺失值：缺失哨兵(空串/NaN/empty 等),,,stage1,,,
371,sched_arr_time,,MV,missing_value,缺失值：缺失哨兵(空串/NaN/empty 等),,,stage1,,,
372,sched_arr_time,,MV,missing_value,缺失值：缺失哨兵(空串/NaN/empty 等),,,stage1,,,
373,sched_arr_time,,MV,missing_value,缺失值：缺失哨兵(空串/NaN/empty 等),,,stage1,,,
376,sched_arr_time,,MV,missing_value,缺失值：缺失哨兵(空串/NaN/empty 等),,,stage1,,,
377,sched_arr_time,,MV,missing_value,缺失值：缺失哨兵(空串/NaN/empty 等),,,stage1,,,
379,sched_arr_time,,MV,missing_value,缺失值：缺失哨兵(空串/NaN/empty 等),,,stage1,,,
380,sched_arr_time,,MV,missing_value,缺失值：缺失哨兵(空串/NaN/empty 等),,,stage1,,,
381,sched_arr_time,,MV,missing_value,缺失值：缺失哨兵(空串/NaN/empty 等),,,stage1,,,
382,sched_arr_time,,MV,missing_value,缺失值：缺失哨兵(空串/NaN/empty 等),,,stage1,,,
383,sched_arr_time,12/2/11 12:21 a.m.,FI,regex,格式应为 小时:分钟 午别，可选后接星期 日-月-年；样例符合度高,,,stage1,,,
384,sched_arr_time,,MV,missing_value,缺失值：缺失哨兵(空串/NaN/empty 等),,,stage1,,,
386,sched_arr_time,,MV,missing_value,缺失值：缺失哨兵(空串/NaN/empty 等),,,stage1,,,
387,sched_arr_time,,MV,missing_value,缺失值：缺失哨兵(空串/NaN/empty 等),,,stage1,,,
388,sched_arr_time,,MV,missing_value,缺失值：缺失哨兵(空串/NaN/empty 等),,,stage1,,,
389,sched_arr_time,,MV,missing_value,缺失值：缺失哨兵(空串/NaN/empty 等),,,stage1,,,
390,sched_arr_time,,MV,missing_value,缺失值：缺失哨兵(空串/NaN/empty 等),,,stage1,,,
391,sched_arr_time,,MV,missing_value,缺失值：缺失哨兵(空串/NaN/empty 等),,,stage1,,,
392,sched_arr_time,,MV,missing_value,缺失值：缺失哨兵(空串/NaN/empty 等),,,stage1,,,
394,sched_arr_time,,MV,missing_value,缺失值：缺失哨兵(空串/NaN/empty 等),,,stage1,,,
395,sched_arr_time,,MV,missing_value,缺失值：缺失哨兵(空串/NaN/empty 等),,,stage1,,,
396,sched_arr_time,,MV,missing_value,缺失值：缺失哨兵(空串/NaN/empty 等),,,stage1,,,
397,sched_arr_time,,MV,missing_value,缺失值：缺失哨兵(空串/NaN/empty 等),,,stage1,,,
399,sched_arr_time,,MV,missing_value,缺失值：缺失哨兵(空串/NaN/empty 等),,,stage1,,,
400,sched_arr_time,,MV,missing_value,缺失值：缺失哨兵(空串/NaN/empty 等),,,stage1,,,
401,sched_arr_time,,MV,missing_value,缺失值：缺失哨兵(空串/NaN/empty 等),,,stage1,,,
402,sched_arr_time,,MV,missing_value,缺失值：缺失哨兵(空串/NaN/empty 等),,,stage1,,,
403,sched_arr_time,,MV,missing_value,缺失值：缺失哨兵(空串/NaN/empty 等),,,stage1,,,
404,sched_arr_time,,MV,missing_value,缺失值：缺失哨兵(空串/NaN/empty 等),,,stage1,,,
405,sched_arr_time,,MV,missing_value,缺失值：缺失哨兵(空串/NaN/empty 等),,,stage1,,,
406,sched_arr_time,,MV,missing_value,缺失值：缺失哨兵(空串/NaN/empty 等),,,stage1,,,
408,sched_arr_time,,MV,missing_value,缺失值：缺失哨兵(空串/NaN/empty 等),,,stage1,,,
409,sched_arr_time,12/2/11 5:11 a.m.,FI,regex,格式应为 小时:分钟 午别，可选后接星期 日-月-年；样例符合度高,,,stage1,,,
410,sched_arr_time,,MV,missing_value,缺失值：缺失哨兵(空串/NaN/empty 等),,,stage1,,,
411,sched_arr_time,,MV,missing_value,缺失值：缺失哨兵(空串/NaN/empty 等),,,stage1,,,
412,sched_arr_time,,MV,missing_value,缺失值：缺失哨兵(空串/NaN/empty 等),,,stage1,,,
413,sched_arr_time,,MV,missing_value,缺失值：缺失哨兵(空串/NaN/empty 等),,,stage1,,,
414,sched_arr_time,,MV,missing_value,缺失值：缺失哨兵(空串/NaN/empty 等),,,stage1,,,
417,sched_arr_time,,MV,missing_value,缺失值：缺失哨兵(空串/NaN/empty 等),,,stage1,,,
418,sched_arr_time,,MV,missing_value,缺失值：缺失哨兵(空串/NaN/empty 等),,,stage1,,,
419,sched_arr_time,,MV,missing_value,缺失值：缺失哨兵(空串/NaN/empty 等),,,stage1,,,
420,sched_arr_time,,MV,missing_value,缺失值：缺失哨兵(空串/NaN/empty 等),,,stage1,,,
421,sched_arr_time,,MV,missing_value,缺失值：缺失哨兵(空串/NaN/empty 等),,,stage1,,,
423,sched_arr_time,,MV,missing_value,缺失值：缺失哨兵(空串/NaN/empty 等),,,stage1,,,
424,sched_arr_time,,MV,missing_value,缺失值：缺失哨兵(空串/NaN/empty 等),,,stage1,,,
425,sched_arr_time,,MV,missing_value,缺失值：缺失哨兵(空串/NaN/empty 等),,,stage1,,,
426,sched_arr_time,,MV,missing_value,缺失值：缺失哨兵(空串/NaN/empty 等),,,stage1,,,
427,sched_arr_time,,MV,missing_value,缺失值：缺失哨兵(空串/NaN/empty 等),,,stage1,,,
428,sched_arr_time,,MV,missing_value,缺失值：缺失哨兵(空串/NaN/empty 等),,,stage1,,,
430,sched_arr_time,,MV,missing_value,缺失值：缺失哨兵(空串/NaN/empty 等),,,stage1,,,
431,sched_arr_time,,MV,missing_value,缺失值：缺失哨兵(空串/NaN/empty 等),,,stage1,,,
432,sched_arr_time,,MV,missing_value,缺失值：缺失哨兵(空串/NaN/empty 等),,,stage1,,,
434,sched_arr_time,,MV,missing_value,缺失值：缺失哨兵(空串/NaN/empty 等),,,stage1,,,
435,sched_arr_time,,MV,missing_value,缺失值：缺失哨兵(空串/NaN/empty 等),,,stage1,,,
436,sched_arr_time,,MV,missing_value,缺失值：缺失哨兵(空串/NaN/empty 等),,,stage1,,,
438,sched_arr_time,,MV,missing_value,缺失值：缺失哨兵(空串/NaN/empty 等),,,stage1,,,
441,sched_arr_time,,MV,missing_value,缺失值：缺失哨兵(空串/NaN/empty 等),,,stage1,,,
445,sched_arr_time,,MV,missing_value,缺失值：缺失哨兵(空串/NaN/empty 等),,,stage1,,,
446,sched_arr_time,,MV,missing_value,缺失值：缺失哨兵(空串/NaN/empty 等),,,stage1,,,
447,sched_arr_time,6:55 a.m. Dec 02,FI,regex,格式应为 小时:分钟 午别，可选后接星期 日-月-年；样例符合度高,,,stage1,,,
448,sched_arr_time,,MV,missing_value,缺失值：缺失哨兵(空串/NaN/empty 等),,,stage1,,,
449,sched_arr_time,,MV,missing_value,缺失值：缺失哨兵(空串/NaN/empty 等),,,stage1,,,
451,sched_arr_time,,MV,missing_value,缺失值：缺失哨兵(空串/NaN/empty 等),,,stage1,,,
452,sched_arr_time,,MV,missing_value,缺失值：缺失哨兵(空串/NaN/empty 等),,,stage1,,,
454,sched_arr_time,,MV,missing_value,缺失值：缺失哨兵(空串/NaN/empty 等),,,stage1,,,
457,sched_arr_time,,MV,missing_value,缺失值：缺失哨兵(空串/NaN/empty 等),,,stage1,,,
458,sched_arr_time,,MV,missing_value,缺失值：缺失哨兵(空串/NaN/empty 等),,,stage1,,,
459,sched_arr_time,,MV,missing_value,缺失值：缺失哨兵(空串/NaN/empty 等),,,stage1,,,
460,sched_arr_time,,MV,missing_value,缺失值：缺失哨兵(空串/NaN/empty 等),,,stage1,,,
462,sched_arr_time,,MV,missing_value,缺失值：缺失哨兵(空串/NaN/empty 等),,,stage1,,,
465,sched_arr_time,,MV,missing_value,缺失值：缺失哨兵(空串/NaN/empty 等),,,stage1,,,
466,sched_arr_time,,MV,missing_value,缺失值：缺失哨兵(空串/NaN/empty 等),,,stage1,,,
469,sched_arr_time,,MV,missing_value,缺失值：缺失哨兵(空串/NaN/empty 等),,,stage1,,,
470,sched_arr_time,,MV,missing_value,缺失值：缺失哨兵(空串/NaN/empty 等),,,stage1,,,
471,sched_arr_time,,MV,missing_value,缺失值：缺失哨兵(空串/NaN/empty 等),,,stage1,,,
474,sched_arr_time,,MV,missing_value,缺失值：缺失哨兵(空串/NaN/empty 等),,,stage1,,,
475,sched_arr_time,,MV,missing_value,缺失值：缺失哨兵(空串/NaN/empty 等),,,stage1,,,
477,sched_arr_time,,MV,missing_value,缺失值：缺失哨兵(空串/NaN/empty 等),,,stage1,,,
478,sched_arr_time,,MV,missing_value,缺失值：缺失哨兵(空串/NaN/empty 等),,,stage1,,,
482,sched_arr_time,12:21 a.m. Dec 02,FI,regex,格式应为 小时:分钟 午别，可选后接星期 日-月-年；样例符合度高,,,stage1,,,
483,sched_arr_time,,MV,missing_value,缺失值：缺失哨兵(空串/NaN/empty 等),,,stage1,,,
487,sched_arr_time,,MV,missing_value,缺失值：缺失哨兵(空串/NaN/empty 等),,,stage1,,,
489,sched_arr_time,,MV,missing_value,缺失值：缺失哨兵(空串/NaN/empty 等),,,stage1,,,
491,sched_arr_time,,MV,missing_value,缺失值：缺失哨兵(空串/NaN/empty 等),,,stage1,,,
492,sched_arr_time,,MV,missing_value,缺失值：缺失哨兵(空串/NaN/empty 等),,,stage1,,,
496,sched_arr_time,,MV,missing_value,缺失值：缺失哨兵(空串/NaN/empty 等),,,stage1,,,
497,sched_arr_time,5:50 a.m. Dec 02,FI,regex,格式应为 小时:分钟 午别，可选后接星期 日-月-年；样例符合度高,,,stage1,,,
498,sched_arr_time,12:29 a.m. Dec 02,FI,regex,格式应为 小时:分钟 午别，可选后接星期 日-月-年；样例符合度高,,,stage1,,,
499,sched_arr_time,12:15 a.m. Dec 02,FI,regex,格式应为 小时:分钟 午别，可选后接星期 日-月-年；样例符合度高,,,stage1,,,
503,sched_arr_time,,MV,missing_value,缺失值：缺失哨兵(空串/NaN/empty 等),,,stage1,,,
505,sched_arr_time,,MV,missing_value,缺失值：缺失哨兵(空串/NaN/empty 等),,,stage1,,,
506,sched_arr_time,,MV,missing_value,缺失值：缺失哨兵(空串/NaN/empty 等),,,stage1,,,
507,sched_arr_time,5:11 a.m.Dec 02,FI,regex,格式应为 小时:分钟 午别，可选后接星期 日-月-年；样例符合度高,,,stage1,,,
509,sched_arr_time,,MV,missing_value,缺失值：缺失哨兵(空串/NaN/empty 等),,,stage1,,,
510,sched_arr_time,,MV,missing_value,缺失值：缺失哨兵(空串/NaN/empty 等),,,stage1,,,
511,sched_arr_time,,MV,missing_value,缺失值：缺失哨兵(空串/NaN/empty 等),,,stage1,,,
512,sched_arr_time,,MV,missing_value,缺失值：缺失哨兵(空串/NaN/empty 等),,,stage1,,,
513,sched_arr_time,,MV,missing_value,缺失值：缺失哨兵(空串/NaN/empty 等),,,stage1,,,
514,sched_arr_time,,MV,missing_value,缺失值：缺失哨兵(空串/NaN/empty 等),,,stage1,,,
520,sched_arr_time,,MV,missing_value,缺失值：缺失哨兵(空串/NaN/empty 等),,,stage1,,,
522,sched_arr_time,,MV,missing_value,缺失值：缺失哨兵(空串/NaN/empty 等),,,stage1,,,
525,sched_arr_time,,MV,missing_value,缺失值：缺失哨兵(空串/NaN/empty 等),,,stage1,,,
529,sched_arr_time,,MV,missing_value,缺失值：缺失哨兵(空串/NaN/empty 等),,,stage1,,,
630,sched_arr_time,,MV,missing_value,缺失值：缺失哨兵(空串/NaN/empty 等),,,stage1,,,
633,sched_arr_time,,MV,missing_value,缺失值：缺失哨兵(空串/NaN/empty 等),,,stage1,,,
637,sched_arr_time,,MV,missing_value,缺失值：缺失哨兵(空串/NaN/empty 等),,,stage1,,,
638,sched_arr_time,,MV,missing_value,缺失值：缺失哨兵(空串/NaN/empty 等),,,stage1,,,
639,sched_arr_time,6:55 a.m. Dec 02,FI,regex,格式应为 小时:分钟 午别，可选后接星期 日-月-年；样例符合度高,,,stage1,,,
640,sched_arr_time,,MV,missing_value,缺失值：缺失哨兵(空串/NaN/empty 等),,,stage1,,,
641,sched_arr_time,,MV,missing_value,缺失值：缺失哨兵(空串/NaN/empty 等),,,stage1,,,
643,sched_arr_time,,MV,missing_value,缺失值：缺失哨兵(空串/NaN/empty 等),,,stage1,,,
644,sched_arr_time,,MV,missing_value,缺失值：缺失哨兵(空串/NaN/empty 等),,,stage1,,,
646,sched_arr_time,,MV,missing_value,缺失值：缺失哨兵(空串/NaN/empty 等),,,stage1,,,
649,sched_arr_time,,MV,missing_value,缺失值：缺失哨兵(空串/NaN/empty 等),,,stage1,,,
650,sched_arr_time,,MV,missing_value,缺失值：缺失哨兵(空串/NaN/empty 等),,,stage1,,,
651,sched_arr_time,,MV,missing_value,缺失值：缺失哨兵(空串/NaN/empty 等),,,stage1,,,
652,sched_arr_time,,MV,missing_value,缺失值：缺失哨兵(空串/NaN/empty 等),,,stage1,,,
654,sched_arr_time,,MV,missing_value,缺失值：缺失哨兵(空串/NaN/empty 等),,,stage1,,,
657,sched_arr_time,,MV,missing_value,缺失值：缺失哨兵(空串/NaN/empty 等),,,stage1,,,
658,sched_arr_time,,MV,missing_value,缺失值：缺失哨兵(空串/NaN/empty 等),,,stage1,,,
661,sched_arr_time,,MV,missing_value,缺失值：缺失哨兵(空串/NaN/empty 等),,,stage1,,,
662,sched_arr_time,,MV,missing_value,缺失值：缺失哨兵(空串/NaN/empty 等),,,stage1,,,
663,sched_arr_time,,MV,missing_value,缺失值：缺失哨兵(空串/NaN/empty 等),,,stage1,,,
666,sched_arr_time,,MV,missing_value,缺失值：缺失哨兵(空串/NaN/empty 等),,,stage1,,,
667,sched_arr_time,,MV,missing_value,缺失值：缺失哨兵(空串/NaN/empty 等),,,stage1,,,
669,sched_arr_time,,MV,missing_value,缺失值：缺失哨兵(空串/NaN/empty 等),,,stage1,,,
670,sched_arr_time,,MV,missing_value,缺失值：缺失哨兵(空串/NaN/empty 等),,,stage1,,,
674,sched_arr_time,12:21 a.m. Dec 02,FI,regex,格式应为 小时:分钟 午别，可选后接星期 日-月-年；样例符合度高,,,stage1,,,
675,sched_arr_time,,MV,missing_value,缺失值：缺失哨兵(空串/NaN/empty 等),,,stage1,,,
679,sched_arr_time,,MV,missing_value,缺失值：缺失哨兵(空串/NaN/empty 等),,,stage1,,,
681,sched_arr_time,,MV,missing_value,缺失值：缺失哨兵(空串/NaN/empty 等),,,stage1,,,
683,sched_arr_time,,MV,missing_value,缺失值：缺失哨兵(空串/NaN/empty 等),,,stage1,,,
684,sched_arr_time,,MV,missing_value,缺失值：缺失哨兵(空串/NaN/empty 等),,,stage1,,,
688,sched_arr_time,,MV,missing_value,缺失值：缺失哨兵(空串/NaN/empty 等),,,stage1,,,
689,sched_arr_time,5:50 a.m. Dec 02,FI,regex,格式应为 小时:分钟 午别，可选后接星期 日-月-年；样例符合度高,,,stage1,,,
690,sched_arr_time,12:29 a.m. Dec 02,FI,regex,格式应为 小时:分钟 午别，可选后接星期 日-月-年；样例符合度高,,,stage1,,,
691,sched_arr_time,12:15 a.m. Dec 02,FI,regex,格式应为 小时:分钟 午别，可选后接星期 日-月-年；样例符合度高,,,stage1,,,
695,sched_arr_time,,MV,missing_value,缺失值：缺失哨兵(空串/NaN/empty 等),,,stage1,,,
697,sched_arr_time,,MV,missing_value,缺失值：缺失哨兵(空串/NaN/empty 等),,,stage1,,,
698,sched_arr_time,,MV,missing_value,缺失值：缺失哨兵(空串/NaN/empty 等),,,stage1,,,
699,sched_arr_time,5:11 a.m.Dec 02,FI,regex,格式应为 小时:分钟 午别，可选后接星期 日-月-年；样例符合度高,,,stage1,,,
701,sched_arr_time,,MV,missing_value,缺失值：缺失哨兵(空串/NaN/empty 等),,,stage1,,,
702,sched_arr_time,,MV,missing_value,缺失值：缺失哨兵(空串/NaN/empty 等),,,stage1,,,
703,sched_arr_time,,MV,missing_value,缺失值：缺失哨兵(空串/NaN/empty 等),,,stage1,,,
704,sched_arr_time,,MV,missing_value,缺失值：缺失哨兵(空串/NaN/empty 等),,,stage1,,,
705,sched_arr_time,,MV,missing_value,缺失值：缺失哨兵(空串/NaN/empty 等),,,stage1,,,
706,sched_arr_time,,MV,missing_value,缺失值：缺失哨兵(空串/NaN/empty 等),,,stage1,,,
712,sched_arr_time,,MV,missing_value,缺失值：缺失哨兵(空串/NaN/empty 等),,,stage1,,,
714,sched_arr_time,,MV,missing_value,缺失值：缺失哨兵(空串/NaN/empty 等),,,stage1,,,
717,sched_arr_time,,MV,missing_value,缺失值：缺失哨兵(空串/NaN/empty 等),,,stage1,,,
721,sched_arr_time,,MV,missing_value,缺失值：缺失哨兵(空串/NaN/empty 等),,,stage1,,,
729,sched_arr_time,,MV,missing_value,缺失值：缺失哨兵(空串/NaN/empty 等),,,stage1,,,
730,sched_arr_time,,MV,missing_value,缺失值：缺失哨兵(空串/NaN/empty 等),,,stage1,,,
731,sched_arr_time,,MV,missing_value,缺失值：缺失哨兵(空串/NaN/empty 等),,,stage1,,,
732,sched_arr_time,,MV,missing_value,缺失值：缺失哨兵(空串/NaN/empty 等),,,stage1,,,
733,sched_arr_time,,MV,missing_value,缺失值：缺失哨兵(空串/NaN/empty 等),,,stage1,,,
735,sched_arr_time,,MV,missing_value,缺失值：缺失哨兵(空串/NaN/empty 等),,,stage1,,,
736,sched_arr_time,,MV,missing_value,缺失值：缺失哨兵(空串/NaN/empty 等),,,stage1,,,
737,sched_arr_time,12/2/2011 6:55 a.m.,FI,regex,格式应为 小时:分钟 午别，可选后接星期 日-月-年；样例符合度高,,,stage1,,,
738,sched_arr_time,,MV,missing_value,缺失值：缺失哨兵(空串/NaN/empty 等),,,stage1,,,
739,sched_arr_time,,MV,missing_value,缺失值：缺失哨兵(空串/NaN/empty 等),,,stage1,,,
740,sched_arr_time,,MV,missing_value,缺失值：缺失哨兵(空串/NaN/empty 等),,,stage1,,,
741,sched_arr_time,,MV,missing_value,缺失值：缺失哨兵(空串/NaN/empty 等),,,stage1,,,
742,sched_arr_time,,MV,missing_value,缺失值：缺失哨兵(空串/NaN/empty 等),,,stage1,,,
743,sched_arr_time,,MV,missing_value,缺失值：缺失哨兵(空串/NaN/empty 等),,,stage1,,,
744,sched_arr_time,,MV,missing_value,缺失值：缺失哨兵(空串/NaN/empty 等),,,stage1,,,
745,sched_arr_time,,MV,missing_value,缺失值：缺失哨兵(空串/NaN/empty 等),,,stage1,,,
746,sched_arr_time,,MV,missing_value,缺失值：缺失哨兵(空串/NaN/empty 等),,,stage1,,,
747,sched_arr_time,,MV,missing_value,缺失值：缺失哨兵(空串/NaN/empty 等),,,stage1,,,
748,sched_arr_time,,MV,missing_value,缺失值：缺失哨兵(空串/NaN/empty 等),,,stage1,,,
749,sched_arr_time,,MV,missing_value,缺失值：缺失哨兵(空串/NaN/empty 等),,,stage1,,,
750,sched_arr_time,,MV,missing_value,缺失值：缺失哨兵(空串/NaN/empty 等),,,stage1,,,
751,sched_arr_time,,MV,missing_value,缺失值：缺失哨兵(空串/NaN/empty 等),,,stage1,,,
752,sched_arr_time,,MV,missing_value,缺失值：缺失哨兵(空串/NaN/empty 等),,,stage1,,,
753,sched_arr_time,,MV,missing_value,缺失值：缺失哨兵(空串/NaN/empty 等),,,stage1,,,
754,sched_arr_time,,MV,missing_value,缺失值：缺失哨兵(空串/NaN/empty 等),,,stage1,,,
755,sched_arr_time,,MV,missing_value,缺失值：缺失哨兵(空串/NaN/empty 等),,,stage1,,,
757,sched_arr_time,,MV,missing_value,缺失值：缺失哨兵(空串/NaN/empty 等),,,stage1,,,
758,sched_arr_time,,MV,missing_value,缺失值：缺失哨兵(空串/NaN/empty 等),,,stage1,,,
759,sched_arr_time,,MV,missing_value,缺失值：缺失哨兵(空串/NaN/empty 等),,,stage1,,,
760,sched_arr_time,,MV,missing_value,缺失值：缺失哨兵(空串/NaN/empty 等),,,stage1,,,
761,sched_arr_time,,MV,missing_value,缺失值：缺失哨兵(空串/NaN/empty 等),,,stage1,,,
762,sched_arr_time,,MV,missing_value,缺失值：缺失哨兵(空串/NaN/empty 等),,,stage1,,,
763,sched_arr_time,,MV,missing_value,缺失值：缺失哨兵(空串/NaN/empty 等),,,stage1,,,
764,sched_arr_time,,MV,missing_value,缺失值：缺失哨兵(空串/NaN/empty 等),,,stage1,,,
765,sched_arr_time,,MV,missing_value,缺失值：缺失哨兵(空串/NaN/empty 等),,,stage1,,,
766,sched_arr_time,,MV,missing_value,缺失值：缺失哨兵(空串/NaN/empty 等),,,stage1,,,
767,sched_arr_time,,MV,missing_value,缺失值：缺失哨兵(空串/NaN/empty 等),,,stage1,,,
768,sched_arr_time,,MV,missing_value,缺失值：缺失哨兵(空串/NaN/empty 等),,,stage1,,,
769,sched_arr_time,,MV,missing_value,缺失值：缺失哨兵(空串/NaN/empty 等),,,stage1,,,
770,sched_arr_time,,MV,missing_value,缺失值：缺失哨兵(空串/NaN/empty 等),,,stage1,,,
771,sched_arr_time,12/2/2011 5:50 a.m.,FI,regex,格式应为 小时:分钟 午别，可选后接星期 日-月-年；样例符合度高,,,stage1,,,
772,sched_arr_time,12/2/2011 12:15 a.m.,FI,regex,格式应为 小时:分钟 午别，可选后接星期 日-月-年；样例符合度高,,,stage1,,,
774,sched_arr_time,,MV,missing_value,缺失值：缺失哨兵(空串/NaN/empty 等),,,stage1,,,
775,sched_arr_time,,MV,missing_value,缺失值：缺失哨兵(空串/NaN/empty 等),,,stage1,,,
776,sched_arr_time,,MV,missing_value,缺失值：缺失哨兵(空串/NaN/empty 等),,,stage1,,,
778,sched_arr_time,,MV,missing_value,缺失值：缺失哨兵(空串/NaN/empty 等),,,stage1,,,
780,sched_arr_time,,MV,missing_value,缺失值：缺失哨兵(空串/NaN/empty 等),,,stage1,,,
781,sched_arr_time,,MV,missing_value,缺失值：缺失哨兵(空串/NaN/empty 等),,,stage1,,,
782,sched_arr_time,,MV,missing_value,缺失值：缺失哨兵(空串/NaN/empty 等),,,stage1,,,
783,sched_arr_time,12/2/2011 12:29 a.m.,FI,regex,格式应为 小时:分钟 午别，可选后接星期 日-月-年；样例符合度高,,,stage1,,,
784,sched_arr_time,,MV,missing_value,缺失值：缺失哨兵(空串/NaN/empty 等),,,stage1,,,
785,sched_arr_time,,MV,missing_value,缺失值：缺失哨兵(空串/NaN/empty 等),,,stage1,,,
786,sched_arr_time,,MV,missing_value,缺失值：缺失哨兵(空串/NaN/empty 等),,,stage1,,,
787,sched_arr_time,,MV,missing_value,缺失值：缺失哨兵(空串/NaN/empty 等),,,stage1,,,
788,sched_arr_time,,MV,missing_value,缺失值：缺失哨兵(空串/NaN/empty 等),,,stage1,,,
789,sched_arr_time,,MV,missing_value,缺失值：缺失哨兵(空串/NaN/empty 等),,,stage1,,,
790,sched_arr_time,,MV,missing_value,缺失值：缺失哨兵(空串/NaN/empty 等),,,stage1,,,
791,sched_arr_time,,MV,missing_value,缺失值：缺失哨兵(空串/NaN/empty 等),,,stage1,,,
792,sched_arr_time,2:45P 12-01-11,FI,regex,格式应为 小时:分钟 午别，可选后接星期 日-月-年；样例符合度高,,,stage1,,,
793,sched_arr_time,10:34A 12-01-11,FI,regex,格式应为 小时:分钟 午别，可选后接星期 日-月-年；样例符合度高,,,stage1,,,
794,sched_arr_time,7:55P 12-01-11,FI,regex,格式应为 小时:分钟 午别，可选后接星期 日-月-年；样例符合度高,,,stage1,,,
795,sched_arr_time,9:20A 12-01-11,FI,regex,格式应为 小时:分钟 午别，可选后接星期 日-月-年；样例符合度高,,,stage1,,,
796,sched_arr_time,11:10A 12-01-11,FI,regex,格式应为 小时:分钟 午别，可选后接星期 日-月-年；样例符合度高,,,stage1,,,
797,sched_arr_time,,MV,missing_value,缺失值：缺失哨兵(空串/NaN/empty 等),,,stage1,,,
798,sched_arr_time,,MV,missing_value,缺失值：缺失哨兵(空串/NaN/empty 等),,,stage1,,,
799,sched_arr_time,,MV,missing_value,缺失值：缺失哨兵(空串/NaN/empty 等),,,stage1,,,
800,sched_arr_time,,MV,missing_value,缺失值：缺失哨兵(空串/NaN/empty 等),,,stage1,,,
801,sched_arr_time,,MV,missing_value,缺失值：缺失哨兵(空串/NaN/empty 等),,,stage1,,,
802,sched_arr_time,,MV,missing_value,缺失值：缺失哨兵(空串/NaN/empty 等),,,stage1,,,
803,sched_arr_time,Thu  22:15,FI,regex,格式应为 小时:分钟 午别，可选后接星期 日-月-年；样例符合度高,,,stage1,,,
804,sched_arr_time,Thu  17:55,FI,regex,格式应为 小时:分钟 午别，可选后接星期 日-月-年；样例符合度高,,,stage1,,,
805,sched_arr_time,Thu  19:25,FI,regex,格式应为 小时:分钟 午别，可选后接星期 日-月-年；样例符合度高,,,stage1,,,
806,sched_arr_time,Thu  7:45,FI,regex,格式应为 小时:分钟 午别，可选后接星期 日-月-年；样例符合度高,,,stage1,,,
807,sched_arr_time,Thu  6:55,FI,regex,格式应为 小时:分钟 午别，可选后接星期 日-月-年；样例符合度高,,,stage1,,,
808,sched_arr_time,,MV,missing_value,缺失值：缺失哨兵(空串/NaN/empty 等),,,stage1,,,
809,sched_arr_time,Thu  10:35,FI,regex,格式应为 小时:分钟 午别，可选后接星期 日-月-年；样例符合度高,,,stage1,,,
810,sched_arr_time,Thu  12:18,FI,regex,格式应为 小时:分钟 午别，可选后接星期 日-月-年；样例符合度高,,,stage1,,,
812,sched_arr_time,,MV,missing_value,缺失值：缺失哨兵(空串/NaN/empty 等),,,stage1,,,
815,sched_arr_time,,MV,missing_value,缺失值：缺失哨兵(空串/NaN/empty 等),,,stage1,,,
819,sched_arr_time,,MV,missing_value,缺失值：缺失哨兵(空串/NaN/empty 等),,,stage1,,,
820,sched_arr_time,,MV,missing_value,缺失值：缺失哨兵(空串/NaN/empty 等),,,stage1,,,
822,sched_arr_time,,MV,missing_value,缺失值：缺失哨兵(空串/NaN/empty 等),,,stage1,,,
823,sched_arr_time,,MV,missing_value,缺失值：缺失哨兵(空串/NaN/empty 等),,,stage1,,,
825,sched_arr_time,,MV,missing_value,缺失值：缺失哨兵(空串/NaN/empty 等),,,stage1,,,
826,sched_arr_time,,MV,missing_value,缺失值：缺失哨兵(空串/NaN/empty 等),,,stage1,,,
828,sched_arr_time,,MV,missing_value,缺失值：缺失哨兵(空串/NaN/empty 等),,,stage1,,,
831,sched_arr_time,,MV,missing_value,缺失值：缺失哨兵(空串/NaN/empty 等),,,stage1,,,
832,sched_arr_time,,MV,missing_value,缺失值：缺失哨兵(空串/NaN/empty 等),,,stage1,,,
833,sched_arr_time,,MV,missing_value,缺失值：缺失哨兵(空串/NaN/empty 等),,,stage1,,,
834,sched_arr_time,,MV,missing_value,缺失值：缺失哨兵(空串/NaN/empty 等),,,stage1,,,
836,sched_arr_time,,MV,missing_value,缺失值：缺失哨兵(空串/NaN/empty 等),,,stage1,,,
839,sched_arr_time,,MV,missing_value,缺失值：缺失哨兵(空串/NaN/empty 等),,,stage1,,,
840,sched_arr_time,,MV,missing_value,缺失值：缺失哨兵(空串/NaN/empty 等),,,stage1,,,
843,sched_arr_time,,MV,missing_value,缺失值：缺失哨兵(空串/NaN/empty 等),,,stage1,,,
844,sched_arr_time,,MV,missing_value,缺失值：缺失哨兵(空串/NaN/empty 等),,,stage1,,,
845,sched_arr_time,,MV,missing_value,缺失值：缺失哨兵(空串/NaN/empty 等),,,stage1,,,
848,sched_arr_time,,MV,missing_value,缺失值：缺失哨兵(空串/NaN/empty 等),,,stage1,,,
849,sched_arr_time,,MV,missing_value,缺失值：缺失哨兵(空串/NaN/empty 等),,,stage1,,,
851,sched_arr_time,,MV,missing_value,缺失值：缺失哨兵(空串/NaN/empty 等),,,stage1,,,
852,sched_arr_time,,MV,missing_value,缺失值：缺失哨兵(空串/NaN/empty 等),,,stage1,,,
857,sched_arr_time,,MV,missing_value,缺失值：缺失哨兵(空串/NaN/empty 等),,,stage1,,,
861,sched_arr_time,,MV,missing_value,缺失值：缺失哨兵(空串/NaN/empty 等),,,stage1,,,
863,sched_arr_time,,MV,missing_value,缺失值：缺失哨兵(空串/NaN/empty 等),,,stage1,,,
865,sched_arr_time,,MV,missing_value,缺失值：缺失哨兵(空串/NaN/empty 等),,,stage1,,,
866,sched_arr_time,,MV,missing_value,缺失值：缺失哨兵(空串/NaN/empty 等),,,stage1,,,
867,sched_arr_time,,MV,missing_value,缺失值：缺失哨兵(空串/NaN/empty 等),,,stage1,,,
870,sched_arr_time,,MV,missing_value,缺失值：缺失哨兵(空串/NaN/empty 等),,,stage1,,,
877,sched_arr_time,,MV,missing_value,缺失值：缺失哨兵(空串/NaN/empty 等),,,stage1,,,
879,sched_arr_time,,MV,missing_value,缺失值：缺失哨兵(空串/NaN/empty 等),,,stage1,,,
880,sched_arr_time,,MV,missing_value,缺失值：缺失哨兵(空串/NaN/empty 等),,,stage1,,,
883,sched_arr_time,,MV,missing_value,缺失值：缺失哨兵(空串/NaN/empty 等),,,stage1,,,
884,sched_arr_time,,MV,missing_value,缺失值：缺失哨兵(空串/NaN/empty 等),,,stage1,,,
885,sched_arr_time,,MV,missing_value,缺失值：缺失哨兵(空串/NaN/empty 等),,,stage1,,,
886,sched_arr_time,,MV,missing_value,缺失值：缺失哨兵(空串/NaN/empty 等),,,stage1,,,
887,sched_arr_time,,MV,missing_value,缺失值：缺失哨兵(空串/NaN/empty 等),,,stage1,,,
888,sched_arr_time,,MV,missing_value,缺失值：缺失哨兵(空串/NaN/empty 等),,,stage1,,,
894,sched_arr_time,,MV,missing_value,缺失值：缺失哨兵(空串/NaN/empty 等),,,stage1,,,
896,sched_arr_time,,MV,missing_value,缺失值：缺失哨兵(空串/NaN/empty 等),,,stage1,,,
899,sched_arr_time,,MV,missing_value,缺失值：缺失哨兵(空串/NaN/empty 等),,,stage1,,,
903,sched_arr_time,,MV,missing_value,缺失值：缺失哨兵(空串/NaN/empty 等),,,stage1,,,
914,sched_arr_time,,MV,missing_value,缺失值：缺失哨兵(空串/NaN/empty 等),,,stage1,,,
917,sched_arr_time,,MV,missing_value,缺失值：缺失哨兵(空串/NaN/empty 等),,,stage1,,,
925,sched_arr_time,,MV,missing_value,缺失值：缺失哨兵(空串/NaN/empty 等),,,stage1,,,
926,sched_arr_time,,MV,missing_value,缺失值：缺失哨兵(空串/NaN/empty 等),,,stage1,,,
935,sched_arr_time,,MV,missing_value,缺失值：缺失哨兵(空串/NaN/empty 等),,,stage1,,,
938,sched_arr_time,,MV,missing_value,缺失值：缺失哨兵(空串/NaN/empty 等),,,stage1,,,
947,sched_arr_time,5:11 a.m.Dec 02,FI,regex,格式应为 小时:分钟 午别，可选后接星期 日-月-年；样例符合度高,,,stage1,,,
950,sched_arr_time,,MV,missing_value,缺失值：缺失哨兵(空串/NaN/empty 等),,,stage1,,,
952,sched_arr_time,,MV,missing_value,缺失值：缺失哨兵(空串/NaN/empty 等),,,stage1,,,
953,sched_arr_time,,MV,missing_value,缺失值：缺失哨兵(空串/NaN/empty 等),,,stage1,,,
960,sched_arr_time,,MV,missing_value,缺失值：缺失哨兵(空串/NaN/empty 等),,,stage1,,,
964,sched_arr_time,,MV,missing_value,缺失值：缺失哨兵(空串/NaN/empty 等),,,stage1,,,
991,sched_arr_time,Not Available,FI,regex,格式应为 小时:分钟 午别，可选后接星期 日-月-年；样例符合度高,,,stage1,,,
992,sched_arr_time,Not Available,FI,regex,格式应为 小时:分钟 午别，可选后接星期 日-月-年；样例符合度高,,,stage1,,,
998,sched_arr_time,Dec 02 6:55 a.m.,FI,regex,格式应为 小时:分钟 午别，可选后接星期 日-月-年；样例符合度高,,,stage1,,,
999,sched_arr_time,Not Available,FI,regex,格式应为 小时:分钟 午别，可选后接星期 日-月-年；样例符合度高,,,stage1,,,
1003,sched_arr_time,Not Available,FI,regex,格式应为 小时:分钟 午别，可选后接星期 日-月-年；样例符合度高,,,stage1,,,
1025,sched_arr_time,Dec 02 12:21 a.m.,FI,regex,格式应为 小时:分钟 午别，可选后接星期 日-月-年；样例符合度高,,,stage1,,,
1026,sched_arr_time,Not Available,FI,regex,格式应为 小时:分钟 午别，可选后接星期 日-月-年；样例符合度高,,,stage1,,,
1034,sched_arr_time,Not Available,FI,regex,格式应为 小时:分钟 午别，可选后接星期 日-月-年；样例符合度高,,,stage1,,,
1035,sched_arr_time,Dec 02 5:50 a.m.,FI,regex,格式应为 小时:分钟 午别，可选后接星期 日-月-年；样例符合度高,,,stage1,,,
1037,sched_arr_time,Dec 02 12:15 a.m.,FI,regex,格式应为 小时:分钟 午别，可选后接星期 日-月-年；样例符合度高,,,stage1,,,
1041,sched_arr_time,Not Available,FI,regex,格式应为 小时:分钟 午别，可选后接星期 日-月-年；样例符合度高,,,stage1,,,
1042,sched_arr_time,Not Available,FI,regex,格式应为 小时:分钟 午别，可选后接星期 日-月-年；样例符合度高,,,stage1,,,
1045,sched_arr_time,Not Available,FI,regex,格式应为 小时:分钟 午别，可选后接星期 日-月-年；样例符合度高,,,stage1,,,
1046,sched_arr_time,Not Available,FI,regex,格式应为 小时:分钟 午别，可选后接星期 日-月-年；样例符合度高,,,stage1,,,
1058,sched_arr_time,Not Available,FI,regex,格式应为 小时:分钟 午别，可选后接星期 日-月-年；样例符合度高,,,stage1,,,
1071,sched_arr_time,,MV,missing_value,缺失值：缺失哨兵(空串/NaN/empty 等),,,stage1,,,
1074,sched_arr_time,,MV,missing_value,缺失值：缺失哨兵(空串/NaN/empty 等),,,stage1,,,
1078,sched_arr_time,,MV,missing_value,缺失值：缺失哨兵(空串/NaN/empty 等),,,stage1,,,
1079,sched_arr_time,,MV,missing_value,缺失值：缺失哨兵(空串/NaN/empty 等),,,stage1,,,
1080,sched_arr_time,6:55 a.m. Dec 02,FI,regex,格式应为 小时:分钟 午别，可选后接星期 日-月-年；样例符合度高,,,stage1,,,
1081,sched_arr_time,,MV,missing_value,缺失值：缺失哨兵(空串/NaN/empty 等),,,stage1,,,
1082,sched_arr_time,,MV,missing_value,缺失值：缺失哨兵(空串/NaN/empty 等),,,stage1,,,
1084,sched_arr_time,,MV,missing_value,缺失值：缺失哨兵(空串/NaN/empty 等),,,stage1,,,
1085,sched_arr_time,,MV,missing_value,缺失值：缺失哨兵(空串/NaN/empty 等),,,stage1,,,
1087,sched_arr_time,,MV,missing_value,缺失值：缺失哨兵(空串/NaN/empty 等),,,stage1,,,
1090,sched_arr_time,,MV,missing_value,缺失值：缺失哨兵(空串/NaN/empty 等),,,stage1,,,
1091,sched_arr_time,,MV,missing_value,缺失值：缺失哨兵(空串/NaN/empty 等),,,stage1,,,
1092,sched_arr_time,,MV,missing_value,缺失值：缺失哨兵(空串/NaN/empty 等),,,stage1,,,
1093,sched_arr_time,,MV,missing_value,缺失值：缺失哨兵(空串/NaN/empty 等),,,stage1,,,
1095,sched_arr_time,,MV,missing_value,缺失值：缺失哨兵(空串/NaN/empty 等),,,stage1,,,
1098,sched_arr_time,,MV,missing_value,缺失值：缺失哨兵(空串/NaN/empty 等),,,stage1,,,
1099,sched_arr_time,,MV,missing_value,缺失值：缺失哨兵(空串/NaN/empty 等),,,stage1,,,
1102,sched_arr_time,,MV,missing_value,缺失值：缺失哨兵(空串/NaN/empty 等),,,stage1,,,
1103,sched_arr_time,,MV,missing_value,缺失值：缺失哨兵(空串/NaN/empty 等),,,stage1,,,
1104,sched_arr_time,,MV,missing_value,缺失值：缺失哨兵(空串/NaN/empty 等),,,stage1,,,
1107,sched_arr_time,,MV,missing_value,缺失值：缺失哨兵(空串/NaN/empty 等),,,stage1,,,
1108,sched_arr_time,,MV,missing_value,缺失值：缺失哨兵(空串/NaN/empty 等),,,stage1,,,
1110,sched_arr_time,,MV,missing_value,缺失值：缺失哨兵(空串/NaN/empty 等),,,stage1,,,
1111,sched_arr_time,,MV,missing_value,缺失值：缺失哨兵(空串/NaN/empty 等),,,stage1,,,
1115,sched_arr_time,12:21 a.m. Dec 02,FI,regex,格式应为 小时:分钟 午别，可选后接星期 日-月-年；样例符合度高,,,stage1,,,
1116,sched_arr_time,,MV,missing_value,缺失值：缺失哨兵(空串/NaN/empty 等),,,stage1,,,
1120,sched_arr_time,,MV,missing_value,缺失值：缺失哨兵(空串/NaN/empty 等),,,stage1,,,
1122,sched_arr_time,,MV,missing_value,缺失值：缺失哨兵(空串/NaN/empty 等),,,stage1,,,
1124,sched_arr_time,,MV,missing_value,缺失值：缺失哨兵(空串/NaN/empty 等),,,stage1,,,
1125,sched_arr_time,,MV,missing_value,缺失值：缺失哨兵(空串/NaN/empty 等),,,stage1,,,
1129,sched_arr_time,,MV,missing_value,缺失值：缺失哨兵(空串/NaN/empty 等),,,stage1,,,
1130,sched_arr_time,5:50 a.m. Dec 02,FI,regex,格式应为 小时:分钟 午别，可选后接星期 日-月-年；样例符合度高,,,stage1,,,
1131,sched_arr_time,12:29 a.m. Dec 02,FI,regex,格式应为 小时:分钟 午别，可选后接星期 日-月-年；样例符合度高,,,stage1,,,
1132,sched_arr_time,12:15 a.m. Dec 02,FI,regex,格式应为 小时:分钟 午别，可选后接星期 日-月-年；样例符合度高,,,stage1,,,
1136,sched_arr_time,,MV,missing_value,缺失值：缺失哨兵(空串/NaN/empty 等),,,stage1,,,
1138,sched_arr_time,,MV,missing_value,缺失值：缺失哨兵(空串/NaN/empty 等),,,stage1,,,
1139,sched_arr_time,,MV,missing_value,缺失值：缺失哨兵(空串/NaN/empty 等),,,stage1,,,
1140,sched_arr_time,5:11 a.m.Dec 02,FI,regex,格式应为 小时:分钟 午别，可选后接星期 日-月-年；样例符合度高,,,stage1,,,
1142,sched_arr_time,,MV,missing_value,缺失值：缺失哨兵(空串/NaN/empty 等),,,stage1,,,
1143,sched_arr_time,,MV,missing_value,缺失值：缺失哨兵(空串/NaN/empty 等),,,stage1,,,
1144,sched_arr_time,,MV,missing_value,缺失值：缺失哨兵(空串/NaN/empty 等),,,stage1,,,
1145,sched_arr_time,,MV,missing_value,缺失值：缺失哨兵(空串/NaN/empty 等),,,stage1,,,
1146,sched_arr_time,,MV,missing_value,缺失值：缺失哨兵(空串/NaN/empty 等),,,stage1,,,
1147,sched_arr_time,,MV,missing_value,缺失值：缺失哨兵(空串/NaN/empty 等),,,stage1,,,
1153,sched_arr_time,,MV,missing_value,缺失值：缺失哨兵(空串/NaN/empty 等),,,stage1,,,
1155,sched_arr_time,,MV,missing_value,缺失值：缺失哨兵(空串/NaN/empty 等),,,stage1,,,
1158,sched_arr_time,,MV,missing_value,缺失值：缺失哨兵(空串/NaN/empty 等),,,stage1,,,
1162,sched_arr_time,,MV,missing_value,缺失值：缺失哨兵(空串/NaN/empty 等),,,stage1,,,
1172,sched_arr_time,,MV,missing_value,缺失值：缺失哨兵(空串/NaN/empty 等),,,stage1,,,
1175,sched_arr_time,,MV,missing_value,缺失值：缺失哨兵(空串/NaN/empty 等),,,stage1,,,
1176,sched_arr_time,,MV,missing_value,缺失值：缺失哨兵(空串/NaN/empty 等),,,stage1,,,
1179,sched_arr_time,,MV,missing_value,缺失值：缺失哨兵(空串/NaN/empty 等),,,stage1,,,
1186,sched_arr_time,,MV,missing_value,缺失值：缺失哨兵(空串/NaN/empty 等),,,stage1,,,
1192,sched_arr_time,12:21 a.m. Dec 02,FI,regex,格式应为 小时:分钟 午别，可选后接星期 日-月-年；样例符合度高,,,stage1,,,
1193,sched_arr_time,,MV,missing_value,缺失值：缺失哨兵(空串/NaN/empty 等),,,stage1,,,
1202,sched_arr_time,,MV,missing_value,缺失值：缺失哨兵(空串/NaN/empty 等),,,stage1,,,
1203,sched_arr_time,,MV,missing_value,缺失值：缺失哨兵(空串/NaN/empty 等),,,stage1,,,
1206,sched_arr_time,,MV,missing_value,缺失值：缺失哨兵(空串/NaN/empty 等),,,stage1,,,
1207,sched_arr_time,,MV,missing_value,缺失值：缺失哨兵(空串/NaN/empty 等),,,stage1,,,
1208,sched_arr_time,,MV,missing_value,缺失值：缺失哨兵(空串/NaN/empty 等),,,stage1,,,
1211,sched_arr_time,12:29 a.m. Dec 02,FI,regex,格式应为 小时:分钟 午别，可选后接星期 日-月-年；样例符合度高,,,stage1,,,
1223,sched_arr_time,,MV,missing_value,缺失值：缺失哨兵(空串/NaN/empty 等),,,stage1,,,
1225,sched_arr_time,,MV,missing_value,缺失值：缺失哨兵(空串/NaN/empty 等),,,stage1,,,
1226,sched_arr_time,,MV,missing_value,缺失值：缺失哨兵(空串/NaN/empty 等),,,stage1,,,
1227,sched_arr_time,,MV,missing_value,缺失值：缺失哨兵(空串/NaN/empty 等),,,stage1,,,
1228,sched_arr_time,,MV,missing_value,缺失值：缺失哨兵(空串/NaN/empty 等),,,stage1,,,
1229,sched_arr_time,,MV,missing_value,缺失值：缺失哨兵(空串/NaN/empty 等),,,stage1,,,
1231,sched_arr_time,,MV,missing_value,缺失值：缺失哨兵(空串/NaN/empty 等),,,stage1,,,
1232,sched_arr_time,,MV,missing_value,缺失值：缺失哨兵(空串/NaN/empty 等),,,stage1,,,
1233,sched_arr_time,,MV,missing_value,缺失值：缺失哨兵(空串/NaN/empty 等),,,stage1,,,
1234,sched_arr_time,,MV,missing_value,缺失值：缺失哨兵(空串/NaN/empty 等),,,stage1,,,
1236,sched_arr_time,,MV,missing_value,缺失值：缺失哨兵(空串/NaN/empty 等),,,stage1,,,
1239,sched_arr_time,,MV,missing_value,缺失值：缺失哨兵(空串/NaN/empty 等),,,stage1,,,
1240,sched_arr_time,,MV,missing_value,缺失值：缺失哨兵(空串/NaN/empty 等),,,stage1,,,
1241,sched_arr_time,,MV,missing_value,缺失值：缺失哨兵(空串/NaN/empty 等),,,stage1,,,
1242,sched_arr_time,,MV,missing_value,缺失值：缺失哨兵(空串/NaN/empty 等),,,stage1,,,
1243,sched_arr_time,,MV,missing_value,缺失值：缺失哨兵(空串/NaN/empty 等),,,stage1,,,
1246,sched_arr_time,,MV,missing_value,缺失值：缺失哨兵(空串/NaN/empty 等),,,stage1,,,
1247,sched_arr_time,,MV,missing_value,缺失值：缺失哨兵(空串/NaN/empty 等),,,stage1,,,
1249,sched_arr_time,,MV,missing_value,缺失值：缺失哨兵(空串/NaN/empty 等),,,stage1,,,
1250,sched_arr_time,,MV,missing_value,缺失值：缺失哨兵(空串/NaN/empty 等),,,stage1,,,
1253,sched_arr_time,,MV,missing_value,缺失值：缺失哨兵(空串/NaN/empty 等),,,stage1,,,
1254,sched_arr_time,,MV,missing_value,缺失值：缺失哨兵(空串/NaN/empty 等),,,stage1,,,
1255,sched_arr_time,,MV,missing_value,缺失值：缺失哨兵(空串/NaN/empty 等),,,stage1,,,
1256,sched_arr_time,,MV,missing_value,缺失值：缺失哨兵(空串/NaN/empty 等),,,stage1,,,
1257,sched_arr_time,,MV,missing_value,缺失值：缺失哨兵(空串/NaN/empty 等),,,stage1,,,
1258,sched_arr_time,,MV,missing_value,缺失值：缺失哨兵(空串/NaN/empty 等),,,stage1,,,
1259,sched_arr_time,,MV,missing_value,缺失值：缺失哨兵(空串/NaN/empty 等),,,stage1,,,
1262,sched_arr_time,,MV,missing_value,缺失值：缺失哨兵(空串/NaN/empty 等),,,stage1,,,
1263,sched_arr_time,,MV,missing_value,缺失值：缺失哨兵(空串/NaN/empty 等),,,stage1,,,
1265,sched_arr_time,,MV,missing_value,缺失值：缺失哨兵(空串/NaN/empty 等),,,stage1,,,
1266,sched_arr_time,,MV,missing_value,缺失值：缺失哨兵(空串/NaN/empty 等),,,stage1,,,
1267,sched_arr_time,,MV,missing_value,缺失值：缺失哨兵(空串/NaN/empty 等),,,stage1,,,
1268,sched_arr_time,,MV,missing_value,缺失值：缺失哨兵(空串/NaN/empty 等),,,stage1,,,
1269,sched_arr_time,12/2/11 12:21 a.m.,FI,regex,格式应为 小时:分钟 午别，可选后接星期 日-月-年；样例符合度高,,,stage1,,,
1270,sched_arr_time,,MV,missing_value,缺失值：缺失哨兵(空串/NaN/empty 等),,,stage1,,,
1272,sched_arr_time,,MV,missing_value,缺失值：缺失哨兵(空串/NaN/empty 等),,,stage1,,,
1273,sched_arr_time,,MV,missing_value,缺失值：缺失哨兵(空串/NaN/empty 等),,,stage1,,,
1274,sched_arr_time,,MV,missing_value,缺失值：缺失哨兵(空串/NaN/empty 等),,,stage1,,,
1275,sched_arr_time,,MV,missing_value,缺失值：缺失哨兵(空串/NaN/empty 等),,,stage1,,,
1276,sched_arr_time,,MV,missing_value,缺失值：缺失哨兵(空串/NaN/empty 等),,,stage1,,,
1277,sched_arr_time,,MV,missing_value,缺失值：缺失哨兵(空串/NaN/empty 等),,,stage1,,,
1278,sched_arr_time,,MV,missing_value,缺失值：缺失哨兵(空串/NaN/empty 等),,,stage1,,,
1280,sched_arr_time,,MV,missing_value,缺失值：缺失哨兵(空串/NaN/empty 等),,,stage1,,,
1281,sched_arr_time,,MV,missing_value,缺失值：缺失哨兵(空串/NaN/empty 等),,,stage1,,,
1282,sched_arr_time,,MV,missing_value,缺失值：缺失哨兵(空串/NaN/empty 等),,,stage1,,,
1283,sched_arr_time,,MV,missing_value,缺失值：缺失哨兵(空串/NaN/empty 等),,,stage1,,,
1285,sched_arr_time,,MV,missing_value,缺失值：缺失哨兵(空串/NaN/empty 等),,,stage1,,,
1286,sched_arr_time,,MV,missing_value,缺失值：缺失哨兵(空串/NaN/empty 等),,,stage1,,,
1287,sched_arr_time,,MV,missing_value,缺失值：缺失哨兵(空串/NaN/empty 等),,,stage1,,,
1288,sched_arr_time,,MV,missing_value,缺失值：缺失哨兵(空串/NaN/empty 等),,,stage1,,,
1289,sched_arr_time,,MV,missing_value,缺失值：缺失哨兵(空串/NaN/empty 等),,,stage1,,,
1290,sched_arr_time,,MV,missing_value,缺失值：缺失哨兵(空串/NaN/empty 等),,,stage1,,,
1291,sched_arr_time,,MV,missing_value,缺失值：缺失哨兵(空串/NaN/empty 等),,,stage1,,,
1292,sched_arr_time,,MV,missing_value,缺失值：缺失哨兵(空串/NaN/empty 等),,,stage1,,,
1294,sched_arr_time,,MV,missing_value,缺失值：缺失哨兵(空串/NaN/empty 等),,,stage1,,,
1295,sched_arr_time,12/2/11 5:11 a.m.,FI,regex,格式应为 小时:分钟 午别，可选后接星期 日-月-年；样例符合度高,,,stage1,,,
1296,sched_arr_time,,MV,missing_value,缺失值：缺失哨兵(空串/NaN/empty 等),,,stage1,,,
1297,sched_arr_time,,MV,missing_value,缺失值：缺失哨兵(空串/NaN/empty 等),,,stage1,,,
1298,sched_arr_time,,MV,missing_value,缺失值：缺失哨兵(空串/NaN/empty 等),,,stage1,,,
1299,sched_arr_time,,MV,missing_value,缺失值：缺失哨兵(空串/NaN/empty 等),,,stage1,,,
1300,sched_arr_time,,MV,missing_value,缺失值：缺失哨兵(空串/NaN/empty 等),,,stage1,,,
1303,sched_arr_time,,MV,missing_value,缺失值：缺失哨兵(空串/NaN/empty 等),,,stage1,,,
1304,sched_arr_time,,MV,missing_value,缺失值：缺失哨兵(空串/NaN/empty 等),,,stage1,,,
1305,sched_arr_time,,MV,missing_value,缺失值：缺失哨兵(空串/NaN/empty 等),,,stage1,,,
1306,sched_arr_time,,MV,missing_value,缺失值：缺失哨兵(空串/NaN/empty 等),,,stage1,,,
1307,sched_arr_time,,MV,missing_value,缺失值：缺失哨兵(空串/NaN/empty 等),,,stage1,,,
1309,sched_arr_time,,MV,missing_value,缺失值：缺失哨兵(空串/NaN/empty 等),,,stage1,,,
1310,sched_arr_time,,MV,missing_value,缺失值：缺失哨兵(空串/NaN/empty 等),,,stage1,,,
1311,sched_arr_time,,MV,missing_value,缺失值：缺失哨兵(空串/NaN/empty 等),,,stage1,,,
1312,sched_arr_time,,MV,missing_value,缺失值：缺失哨兵(空串/NaN/empty 等),,,stage1,,,
1313,sched_arr_time,,MV,missing_value,缺失值：缺失哨兵(空串/NaN/empty 等),,,stage1,,,
1314,sched_arr_time,,MV,missing_value,缺失值：缺失哨兵(空串/NaN/empty 等),,,stage1,,,
1316,sched_arr_time,,MV,missing_value,缺失值：缺失哨兵(空串/NaN/empty 等),,,stage1,,,
1317,sched_arr_time,,MV,missing_value,缺失值：缺失哨兵(空串/NaN/empty 等),,,stage1,,,
1318,sched_arr_time,,MV,missing_value,缺失值：缺失哨兵(空串/NaN/empty 等),,,stage1,,,
1320,sched_arr_time,,MV,missing_value,缺失值：缺失哨兵(空串/NaN/empty 等),,,stage1,,,
1321,sched_arr_time,,MV,missing_value,缺失值：缺失哨兵(空串/NaN/empty 等),,,stage1,,,
1322,sched_arr_time,,MV,missing_value,缺失值：缺失哨兵(空串/NaN/empty 等),,,stage1,,,
1323,sched_arr_time,9:40aDec 1,FI,regex,格式应为 小时:分钟 午别，可选后接星期 日-月-年；样例符合度高,,,stage1,,,
1325,sched_arr_time,9:25aDec 1,FI,regex,格式应为 小时:分钟 午别，可选后接星期 日-月-年；样例符合度高,,,stage1,,,
1326,sched_arr_time,11:55aDec 1,FI,regex,格式应为 小时:分钟 午别，可选后接星期 日-月-年；样例符合度高,,,stage1,,,
1327,sched_arr_time,9:54aDec 1,FI,regex,格式应为 小时:分钟 午别，可选后接星期 日-月-年；样例符合度高,,,stage1,,,
1332,sched_arr_time,11:19aDec 1,FI,regex,格式应为 小时:分钟 午别，可选后接星期 日-月-年；样例符合度高,,,stage1,,,
1333,sched_arr_time,6:55aDec 2,FI,regex,格式应为 小时:分钟 午别，可选后接星期 日-月-年；样例符合度高,,,stage1,,,
1334,sched_arr_time,7:23aDec 1,FI,regex,格式应为 小时:分钟 午别，可选后接星期 日-月-年；样例符合度高,,,stage1,,,
1335,sched_arr_time,5:35aDec 1,FI,regex,格式应为 小时:分钟 午别，可选后接星期 日-月-年；样例符合度高,,,stage1,,,
1337,sched_arr_time,9:21aDec 2,FI,regex,格式应为 小时:分钟 午别，可选后接星期 日-月-年；样例符合度高,,,stage1,,,
1340,sched_arr_time,10:06aDec 1,FI,regex,格式应为 小时:分钟 午别，可选后接星期 日-月-年；样例符合度高,,,stage1,,,
1341,sched_arr_time,9:55aDec 1,FI,regex,格式应为 小时:分钟 午别，可选后接星期 日-月-年；样例符合度高,,,stage1,,,
1345,sched_arr_time,11:35aDec 1,FI,regex,格式应为 小时:分钟 午别，可选后接星期 日-月-年；样例符合度高,,,stage1,,,
1349,sched_arr_time,9:20aDec 1,FI,regex,格式应为 小时:分钟 午别，可选后接星期 日-月-年；样例符合度高,,,stage1,,,
1351,sched_arr_time,10:20aDec 1,FI,regex,格式应为 小时:分钟 午别，可选后接星期 日-月-年；样例符合度高,,,stage1,,,
1352,sched_arr_time,10:54aDec 1,FI,regex,格式应为 小时:分钟 午别，可选后接星期 日-月-年；样例符合度高,,,stage1,,,
1365,sched_arr_time,10:35aDec 1,FI,regex,格式应为 小时:分钟 午别，可选后接星期 日-月-年；样例符合度高,,,stage1,,,
1368,sched_arr_time,12:21aDec 2,FI,regex,格式应为 小时:分钟 午别，可选后接星期 日-月-年；样例符合度高,,,stage1,,,
1371,sched_arr_time,7:30aDec 1,FI,regex,格式应为 小时:分钟 午别，可选后接星期 日-月-年；样例符合度高,,,stage1,,,
1372,sched_arr_time,9:35aDec 1,FI,regex,格式应为 小时:分钟 午别，可选后接星期 日-月-年；样例符合度高,,,stage1,,,
1378,sched_arr_time,10:31aDec 1,FI,regex,格式应为 小时:分钟 午别，可选后接星期 日-月-年；样例符合度高,,,stage1,,,
1383,sched_arr_time,5:50aDec 2,FI,regex,格式应为 小时:分钟 午别，可选后接星期 日-月-年；样例符合度高,,,stage1,,,
1384,sched_arr_time,12:29aDec 2,FI,regex,格式应为 小时:分钟 午别，可选后接星期 日-月-年；样例符合度高,,,stage1,,,
1385,sched_arr_time,12:15aDec 2,FI,regex,格式应为 小时:分钟 午别，可选后接星期 日-月-年；样例符合度高,,,stage1,,,
1387,sched_arr_time,10:34aDec 1,FI,regex,格式应为 小时:分钟 午别，可选后接星期 日-月-年；样例符合度高,,,stage1,,,
1388,sched_arr_time,11:50aDec 1,FI,regex,格式应为 小时:分钟 午别，可选后接星期 日-月-年；样例符合度高,,,stage1,,,
1391,sched_arr_time,9:43aDec 1,FI,regex,格式应为 小时:分钟 午别，可选后接星期 日-月-年；样例符合度高,,,stage1,,,
1392,sched_arr_time,5:11aDec 2,FI,regex,格式应为 小时:分钟 午别，可选后接星期 日-月-年；样例符合度高,,,stage1,,,
1394,sched_arr_time,8:27aDec 1,FI,regex,格式应为 小时:分钟 午别，可选后接星期 日-月-年；样例符合度高,,,stage1,,,
1402,sched_arr_time,11:35aDec 1,FI,regex,格式应为 小时:分钟 午别，可选后接星期 日-月-年；样例符合度高,,,stage1,,,
1404,sched_arr_time,11:05aDec 1,FI,regex,格式应为 小时:分钟 午别，可选后接星期 日-月-年；样例符合度高,,,stage1,,,
1405,sched_arr_time,11:53aDec 1,FI,regex,格式应为 小时:分钟 午别，可选后接星期 日-月-年；样例符合度高,,,stage1,,,
1407,sched_arr_time,10:40aDec 1,FI,regex,格式应为 小时:分钟 午别，可选后接星期 日-月-年；样例符合度高,,,stage1,,,
1409,sched_arr_time,8:00aDec 1,FI,regex,格式应为 小时:分钟 午别，可选后接星期 日-月-年；样例符合度高,,,stage1,,,
1413,sched_arr_time,11:10aDec 1,FI,regex,格式应为 小时:分钟 午别，可选后接星期 日-月-年；样例符合度高,,,stage1,,,
1417,sched_arr_time,7:45aDec 1,FI,regex,格式应为 小时:分钟 午别，可选后接星期 日-月-年；样例符合度高,,,stage1,,,
1419,sched_arr_time,6:40aDec 1,FI,regex,格式应为 小时:分钟 午别，可选后接星期 日-月-年；样例符合度高,,,stage1,,,
1420,sched_arr_time,10:45aDec 1,FI,regex,格式应为 小时:分钟 午别，可选后接星期 日-月-年；样例符合度高,,,stage1,,,
1424,sched_arr_time,,MV,missing_value,缺失值：缺失哨兵(空串/NaN/empty 等),,,stage1,,,
1487,sched_arr_time,,MV,missing_value,缺失值：缺失哨兵(空串/NaN/empty 等),,,stage1,,,
1489,sched_arr_time,,MV,missing_value,缺失值：缺失哨兵(空串/NaN/empty 等),,,stage1,,,
1490,sched_arr_time,,MV,missing_value,缺失值：缺失哨兵(空串/NaN/empty 等),,,stage1,,,
1491,sched_arr_time,,MV,missing_value,缺失值：缺失哨兵(空串/NaN/empty 等),,,stage1,,,
1492,sched_arr_time,,MV,missing_value,缺失值：缺失哨兵(空串/NaN/empty 等),,,stage1,,,
1493,sched_arr_time,,MV,missing_value,缺失值：缺失哨兵(空串/NaN/empty 等),,,stage1,,,
1495,sched_arr_time,,MV,missing_value,缺失值：缺失哨兵(空串/NaN/empty 等),,,stage1,,,
1496,sched_arr_time,,MV,missing_value,缺失值：缺失哨兵(空串/NaN/empty 等),,,stage1,,,
1497,sched_arr_time,,MV,missing_value,缺失值：缺失哨兵(空串/NaN/empty 等),,,stage1,,,
1498,sched_arr_time,,MV,missing_value,缺失值：缺失哨兵(空串/NaN/empty 等),,,stage1,,,
1500,sched_arr_time,,MV,missing_value,缺失值：缺失哨兵(空串/NaN/empty 等),,,stage1,,,
1503,sched_arr_time,,MV,missing_value,缺失值：缺失哨兵(空串/NaN/empty 等),,,stage1,,,
1504,sched_arr_time,,MV,missing_value,缺失值：缺失哨兵(空串/NaN/empty 等),,,stage1,,,
1505,sched_arr_time,,MV,missing_value,缺失值：缺失哨兵(空串/NaN/empty 等),,,stage1,,,
1506,sched_arr_time,,MV,missing_value,缺失值：缺失哨兵(空串/NaN/empty 等),,,stage1,,,
1507,sched_arr_time,,MV,missing_value,缺失值：缺失哨兵(空串/NaN/empty 等),,,stage1,,,
1510,sched_arr_time,,MV,missing_value,缺失值：缺失哨兵(空串/NaN/empty 等),,,stage1,,,
1511,sched_arr_time,,MV,missing_value,缺失值：缺失哨兵(空串/NaN/empty 等),,,stage1,,,
1513,sched_arr_time,,MV,missing_value,缺失值：缺失哨兵(空串/NaN/empty 等),,,stage1,,,
1514,sched_arr_time,,MV,missing_value,缺失值：缺失哨兵(空串/NaN/empty 等),,,stage1,,,
1517,sched_arr_time,,MV,missing_value,缺失值：缺失哨兵(空串/NaN/empty 等),,,stage1,,,
1518,sched_arr_time,,MV,missing_value,缺失值：缺失哨兵(空串/NaN/empty 等),,,stage1,,,
1519,sched_arr_time,,MV,missing_value,缺失值：缺失哨兵(空串/NaN/empty 等),,,stage1,,,
1520,sched_arr_time,,MV,missing_value,缺失值：缺失哨兵(空串/NaN/empty 等),,,stage1,,,
1521,sched_arr_time,,MV,missing_value,缺失值：缺失哨兵(空串/NaN/empty 等),,,stage1,,,
1522,sched_arr_time,,MV,missing_value,缺失值：缺失哨兵(空串/NaN/empty 等),,,stage1,,,
1523,sched_arr_time,,MV,missing_value,缺失值：缺失哨兵(空串/NaN/empty 等),,,stage1,,,
1526,sched_arr_time,,MV,missing_value,缺失值：缺失哨兵(空串/NaN/empty 等),,,stage1,,,
1527,sched_arr_time,,MV,missing_value,缺失值：缺失哨兵(空串/NaN/empty 等),,,stage1,,,
1529,sched_arr_time,,MV,missing_value,缺失值：缺失哨兵(空串/NaN/empty 等),,,stage1,,,
1530,sched_arr_time,,MV,missing_value,缺失值：缺失哨兵(空串/NaN/empty 等),,,stage1,,,
1531,sched_arr_time,,MV,missing_value,缺失值：缺失哨兵(空串/NaN/empty 等),,,stage1,,,
1532,sched_arr_time,,MV,missing_value,缺失值：缺失哨兵(空串/NaN/empty 等),,,stage1,,,
1533,sched_arr_time,12/2/11 12:21 a.m.,FI,regex,格式应为 小时:分钟 午别，可选后接星期 日-月-年；样例符合度高,,,stage1,,,
1534,sched_arr_time,,MV,missing_value,缺失值：缺失哨兵(空串/NaN/empty 等),,,stage1,,,
1536,sched_arr_time,,MV,missing_value,缺失值：缺失哨兵(空串/NaN/empty 等),,,stage1,,,
1537,sched_arr_time,,MV,missing_value,缺失值：缺失哨兵(空串/NaN/empty 等),,,stage1,,,
1538,sched_arr_time,,MV,missing_value,缺失值：缺失哨兵(空串/NaN/empty 等),,,stage1,,,
1539,sched_arr_time,,MV,missing_value,缺失值：缺失哨兵(空串/NaN/empty 等),,,stage1,,,
1540,sched_arr_time,,MV,missing_value,缺失值：缺失哨兵(空串/NaN/empty 等),,,stage1,,,
1541,sched_arr_time,,MV,missing_value,缺失值：缺失哨兵(空串/NaN/empty 等),,,stage1,,,
1542,sched_arr_time,,MV,missing_value,缺失值：缺失哨兵(空串/NaN/empty 等),,,stage1,,,
1544,sched_arr_time,,MV,missing_value,缺失值：缺失哨兵(空串/NaN/empty 等),,,stage1,,,
1545,sched_arr_time,,MV,missing_value,缺失值：缺失哨兵(空串/NaN/empty 等),,,stage1,,,
1546,sched_arr_time,,MV,missing_value,缺失值：缺失哨兵(空串/NaN/empty 等),,,stage1,,,
1547,sched_arr_time,,MV,missing_value,缺失值：缺失哨兵(空串/NaN/empty 等),,,stage1,,,
1549,sched_arr_time,,MV,missing_value,缺失值：缺失哨兵(空串/NaN/empty 等),,,stage1,,,
1550,sched_arr_time,,MV,missing_value,缺失值：缺失哨兵(空串/NaN/empty 等),,,stage1,,,
1551,sched_arr_time,,MV,missing_value,缺失值：缺失哨兵(空串/NaN/empty 等),,,stage1,,,
1552,sched_arr_time,,MV,missing_value,缺失值：缺失哨兵(空串/NaN/empty 等),,,stage1,,,
1553,sched_arr_time,,MV,missing_value,缺失值：缺失哨兵(空串/NaN/empty 等),,,stage1,,,
1554,sched_arr_time,,MV,missing_value,缺失值：缺失哨兵(空串/NaN/empty 等),,,stage1,,,
1555,sched_arr_time,,MV,missing_value,缺失值：缺失哨兵(空串/NaN/empty 等),,,stage1,,,
1556,sched_arr_time,,MV,missing_value,缺失值：缺失哨兵(空串/NaN/empty 等),,,stage1,,,
1558,sched_arr_time,,MV,missing_value,缺失值：缺失哨兵(空串/NaN/empty 等),,,stage1,,,
1559,sched_arr_time,12/2/11 5:11 a.m.,FI,regex,格式应为 小时:分钟 午别，可选后接星期 日-月-年；样例符合度高,,,stage1,,,
1560,sched_arr_time,,MV,missing_value,缺失值：缺失哨兵(空串/NaN/empty 等),,,stage1,,,
1561,sched_arr_time,,MV,missing_value,缺失值：缺失哨兵(空串/NaN/empty 等),,,stage1,,,
1562,sched_arr_time,,MV,missing_value,缺失值：缺失哨兵(空串/NaN/empty 等),,,stage1,,,
1563,sched_arr_time,,MV,missing_value,缺失值：缺失哨兵(空串/NaN/empty 等),,,stage1,,,
1564,sched_arr_time,,MV,missing_value,缺失值：缺失哨兵(空串/NaN/empty 等),,,stage1,,,
1567,sched_arr_time,,MV,missing_value,缺失值：缺失哨兵(空串/NaN/empty 等),,,stage1,,,
1568,sched_arr_time,,MV,missing_value,缺失值：缺失哨兵(空串/NaN/empty 等),,,stage1,,,
1569,sched_arr_time,,MV,missing_value,缺失值：缺失哨兵(空串/NaN/empty 等),,,stage1,,,
1570,sched_arr_time,,MV,missing_value,缺失值：缺失哨兵(空串/NaN/empty 等),,,stage1,,,
1571,sched_arr_time,,MV,missing_value,缺失值：缺失哨兵(空串/NaN/empty 等),,,stage1,,,
1573,sched_arr_time,,MV,missing_value,缺失值：缺失哨兵(空串/NaN/empty 等),,,stage1,,,
1574,sched_arr_time,,MV,missing_value,缺失值：缺失哨兵(空串/NaN/empty 等),,,stage1,,,
1575,sched_arr_time,,MV,missing_value,缺失值：缺失哨兵(空串/NaN/empty 等),,,stage1,,,
1576,sched_arr_time,,MV,missing_value,缺失值：缺失哨兵(空串/NaN/empty 等),,,stage1,,,
1577,sched_arr_time,,MV,missing_value,缺失值：缺失哨兵(空串/NaN/empty 等),,,stage1,,,
1578,sched_arr_time,,MV,missing_value,缺失值：缺失哨兵(空串/NaN/empty 等),,,stage1,,,
1580,sched_arr_time,,MV,missing_value,缺失值：缺失哨兵(空串/NaN/empty 等),,,stage1,,,
1581,sched_arr_time,,MV,missing_value,缺失值：缺失哨兵(空串/NaN/empty 等),,,stage1,,,
1582,sched_arr_time,,MV,missing_value,缺失值：缺失哨兵(空串/NaN/empty 等),,,stage1,,,
1584,sched_arr_time,,MV,missing_value,缺失值：缺失哨兵(空串/NaN/empty 等),,,stage1,,,
1585,sched_arr_time,,MV,missing_value,缺失值：缺失哨兵(空串/NaN/empty 等),,,stage1,,,
1586,sched_arr_time,,MV,missing_value,缺失值：缺失哨兵(空串/NaN/empty 等),,,stage1,,,
1589,sched_arr_time,9:54aDec 1,FI,regex,格式应为 小时:分钟 午别，可选后接星期 日-月-年；样例符合度高,,,stage1,,,
1592,sched_arr_time,11:19aDec 1,FI,regex,格式应为 小时:分钟 午别，可选后接星期 日-月-年；样例符合度高,,,stage1,,,
1593,sched_arr_time,6:55aDec 2,FI,regex,格式应为 小时:分钟 午别，可选后接星期 日-月-年；样例符合度高,,,stage1,,,
1594,sched_arr_time,5:35aDec 1,FI,regex,格式应为 小时:分钟 午别，可选后接星期 日-月-年；样例符合度高,,,stage1,,,
1597,sched_arr_time,9:55aDec 1,FI,regex,格式应为 小时:分钟 午别，可选后接星期 日-月-年；样例符合度高,,,stage1,,,
1600,sched_arr_time,9:20aDec 1,FI,regex,格式应为 小时:分钟 午别，可选后接星期 日-月-年；样例符合度高,,,stage1,,,
1603,sched_arr_time,8:00aDec 1,FI,regex,格式应为 小时:分钟 午别，可选后接星期 日-月-年；样例符合度高,,,stage1,,,
1610,sched_arr_time,7:30aDec 1,FI,regex,格式应为 小时:分钟 午别，可选后接星期 日-月-年；样例符合度高,,,stage1,,,
1611,sched_arr_time,9:35aDec 1,FI,regex,格式应为 小时:分钟 午别，可选后接星期 日-月-年；样例符合度高,,,stage1,,,
1613,sched_arr_time,11:10aDec 1,FI,regex,格式应为 小时:分钟 午别，可选后接星期 日-月-年；样例符合度高,,,stage1,,,
1615,sched_arr_time,10:31aDec 1,FI,regex,格式应为 小时:分钟 午别，可选后接星期 日-月-年；样例符合度高,,,stage1,,,
1617,sched_arr_time,12:29aDec 2,FI,regex,格式应为 小时:分钟 午别，可选后接星期 日-月-年；样例符合度高,,,stage1,,,
1618,sched_arr_time,Dec 02 12:15 a.m.,FI,regex,格式应为 小时:分钟 午别，可选后接星期 日-月-年；样例符合度高,,,stage1,,,
1620,sched_arr_time,10:34aDec 1,FI,regex,格式应为 小时:分钟 午别，可选后接星期 日-月-年；样例符合度高,,,stage1,,,
1621,sched_arr_time,11:50aDec 1,FI,regex,格式应为 小时:分钟 午别，可选后接星期 日-月-年；样例符合度高,,,stage1,,,
1622,sched_arr_time,Not Available,FI,regex,格式应为 小时:分钟 午别，可选后接星期 日-月-年；样例符合度高,,,stage1,,,
1625,sched_arr_time,5:11aDec 2,FI,regex,格式应为 小时:分钟 午别，可选后接星期 日-月-年；样例符合度高,,,stage1,,,
1628,sched_arr_time,Not Available,FI,regex,格式应为 小时:分钟 午别，可选后接星期 日-月-年；样例符合度高,,,stage1,,,
1630,sched_arr_time,11:53aDec 1,FI,regex,格式应为 小时:分钟 午别，可选后接星期 日-月-年；样例符合度高,,,stage1,,,
1631,sched_arr_time,10:45aDec 1,FI,regex,格式应为 小时:分钟 午别，可选后接星期 日-月-年；样例符合度高,,,stage1,,,
1632,sched_arr_time,10:40aDec 1,FI,regex,格式应为 小时:分钟 午别，可选后接星期 日-月-年；样例符合度高,,,stage1,,,
1636,sched_arr_time,7:45aDec 1,FI,regex,格式应为 小时:分钟 午别，可选后接星期 日-月-年；样例符合度高,,,stage1,,,
1642,sched_arr_time,11/30 9:45 p.m.,FI,regex,格式应为 小时:分钟 午别，可选后接星期 日-月-年；样例符合度高,,,stage1,,,
1643,sched_arr_time,11/30 7:35 p.m.,FI,regex,格式应为 小时:分钟 午别，可选后接星期 日-月-年；样例符合度高,,,stage1,,,
1645,sched_arr_time,11/30 9:10 p.m.,FI,regex,格式应为 小时:分钟 午别，可选后接星期 日-月-年；样例符合度高,,,stage1,,,
1649,sched_arr_time,11/30 6:40 p.m.,FI,regex,格式应为 小时:分钟 午别，可选后接星期 日-月-年；样例符合度高,,,stage1,,,
1651,sched_arr_time,11/30 5:25 p.m.,FI,regex,格式应为 小时:分钟 午别，可选后接星期 日-月-年；样例符合度高,,,stage1,,,
1653,sched_arr_time,11/30 10:30 p.m.,FI,regex,格式应为 小时:分钟 午别，可选后接星期 日-月-年；样例符合度高,,,stage1,,,
1657,sched_arr_time,11/30 5:15 p.m.,FI,regex,格式应为 小时:分钟 午别，可选后接星期 日-月-年；样例符合度高,,,stage1,,,
1660,sched_arr_time,11/30 7:53 p.m.,FI,regex,格式应为 小时:分钟 午别，可选后接星期 日-月-年；样例符合度高,,,stage1,,,
1744,sched_arr_time,Fri Dec 2 12:29 a.m.,FI,regex,格式应为 小时:分钟 午别，可选后接星期 日-月-年；样例符合度高,,,stage1,,,
1747,sched_arr_time,Fri Dec 2 5:11 a.m.,FI,regex,格式应为 小时:分钟 午别，可选后接星期 日-月-年；样例符合度高,,,stage1,,,
1759,sched_arr_time,,MV,missing_value,缺失值：缺失哨兵(空串/NaN/empty 等),,,stage1,,,
1762,sched_arr_time,,MV,missing_value,缺失值：缺失哨兵(空串/NaN/empty 等),,,stage1,,,
1766,sched_arr_time,,MV,missing_value,缺失值：缺失哨兵(空串/NaN/empty 等),,,stage1,,,
1767,sched_arr_time,,MV,missing_value,缺失值：缺失哨兵(空串/NaN/empty 等),,,stage1,,,
1769,sched_arr_time,,MV,missing_value,缺失值：缺失哨兵(空串/NaN/empty 等),,,stage1,,,
1770,sched_arr_time,,MV,missing_value,缺失值：缺失哨兵(空串/NaN/empty 等),,,stage1,,,
1772,sched_arr_time,,MV,missing_value,缺失值：缺失哨兵(空串/NaN/empty 等),,,stage1,,,
1773,sched_arr_time,,MV,missing_value,缺失值：缺失哨兵(空串/NaN/empty 等),,,stage1,,,
1775,sched_arr_time,,MV,missing_value,缺失值：缺失哨兵(空串/NaN/empty 等),,,stage1,,,
1778,sched_arr_time,,MV,missing_value,缺失值：缺失哨兵(空串/NaN/empty 等),,,stage1,,,
1779,sched_arr_time,,MV,missing_value,缺失值：缺失哨兵(空串/NaN/empty 等),,,stage1,,,
1780,sched_arr_time,,MV,missing_value,缺失值：缺失哨兵(空串/NaN/empty 等),,,stage1,,,
1781,sched_arr_time,,MV,missing_value,缺失值：缺失哨兵(空串/NaN/empty 等),,,stage1,,,
1783,sched_arr_time,,MV,missing_value,缺失值：缺失哨兵(空串/NaN/empty 等),,,stage1,,,
1786,sched_arr_time,,MV,missing_value,缺失值：缺失哨兵(空串/NaN/empty 等),,,stage1,,,
1787,sched_arr_time,,MV,missing_value,缺失值：缺失哨兵(空串/NaN/empty 等),,,stage1,,,
1790,sched_arr_time,,MV,missing_value,缺失值：缺失哨兵(空串/NaN/empty 等),,,stage1,,,
1791,sched_arr_time,,MV,missing_value,缺失值：缺失哨兵(空串/NaN/empty 等),,,stage1,,,
1792,sched_arr_time,,MV,missing_value,缺失值：缺失哨兵(空串/NaN/empty 等),,,stage1,,,
1795,sched_arr_time,,MV,missing_value,缺失值：缺失哨兵(空串/NaN/empty 等),,,stage1,,,
1796,sched_arr_time,,MV,missing_value,缺失值：缺失哨兵(空串/NaN/empty 等),,,stage1,,,
1798,sched_arr_time,,MV,missing_value,缺失值：缺失哨兵(空串/NaN/empty 等),,,stage1,,,
1799,sched_arr_time,,MV,missing_value,缺失值：缺失哨兵(空串/NaN/empty 等),,,stage1,,,
1804,sched_arr_time,,MV,missing_value,缺失值：缺失哨兵(空串/NaN/empty 等),,,stage1,,,
1808,sched_arr_time,,MV,missing_value,缺失值：缺失哨兵(空串/NaN/empty 等),,,stage1,,,
1810,sched_arr_time,,MV,missing_value,缺失值：缺失哨兵(空串/NaN/empty 等),,,stage1,,,
1812,sched_arr_time,,MV,missing_value,缺失值：缺失哨兵(空串/NaN/empty 等),,,stage1,,,
1813,sched_arr_time,,MV,missing_value,缺失值：缺失哨兵(空串/NaN/empty 等),,,stage1,,,
1814,sched_arr_time,,MV,missing_value,缺失值：缺失哨兵(空串/NaN/empty 等),,,stage1,,,
1817,sched_arr_time,,MV,missing_value,缺失值：缺失哨兵(空串/NaN/empty 等),,,stage1,,,
1824,sched_arr_time,,MV,missing_value,缺失值：缺失哨兵(空串/NaN/empty 等),,,stage1,,,
1826,sched_arr_time,,MV,missing_value,缺失值：缺失哨兵(空串/NaN/empty 等),,,stage1,,,
1827,sched_arr_time,,MV,missing_value,缺失值：缺失哨兵(空串/NaN/empty 等),,,stage1,,,
1830,sched_arr_time,,MV,missing_value,缺失值：缺失哨兵(空串/NaN/empty 等),,,stage1,,,
1831,sched_arr_time,,MV,missing_value,缺失值：缺失哨兵(空串/NaN/empty 等),,,stage1,,,
1832,sched_arr_time,,MV,missing_value,缺失值：缺失哨兵(空串/NaN/empty 等),,,stage1,,,
1833,sched_arr_time,,MV,missing_value,缺失值：缺失哨兵(空串/NaN/empty 等),,,stage1,,,
1834,sched_arr_time,,MV,missing_value,缺失值：缺失哨兵(空串/NaN/empty 等),,,stage1,,,
1835,sched_arr_time,,MV,missing_value,缺失值：缺失哨兵(空串/NaN/empty 等),,,stage1,,,
1841,sched_arr_time,,MV,missing_value,缺失值：缺失哨兵(空串/NaN/empty 等),,,stage1,,,
1843,sched_arr_time,,MV,missing_value,缺失值：缺失哨兵(空串/NaN/empty 等),,,stage1,,,
1846,sched_arr_time,,MV,missing_value,缺失值：缺失哨兵(空串/NaN/empty 等),,,stage1,,,
1850,sched_arr_time,,MV,missing_value,缺失值：缺失哨兵(空串/NaN/empty 等),,,stage1,,,
1951,sched_arr_time,,MV,missing_value,缺失值：缺失哨兵(空串/NaN/empty 等),,,stage1,,,
1954,sched_arr_time,,MV,missing_value,缺失值：缺失哨兵(空串/NaN/empty 等),,,stage1,,,
1958,sched_arr_time,,MV,missing_value,缺失值：缺失哨兵(空串/NaN/empty 等),,,stage1,,,
1959,sched_arr_time,,MV,missing_value,缺失值：缺失哨兵(空串/NaN/empty 等),,,stage1,,,
1960,sched_arr_time,6:55 a.m. Dec 02,FI,regex,格式应为 小时:分钟 午别，可选后接星期 日-月-年；样例符合度高,,,stage1,,,
1961,sched_arr_time,,MV,missing_value,缺失值：缺失哨兵(空串/NaN/empty 等),,,stage1,,,
1962,sched_arr_time,,MV,missing_value,缺失值：缺失哨兵(空串/NaN/empty 等),,,stage1,,,
1964,sched_arr_time,,MV,missing_value,缺失值：缺失哨兵(空串/NaN/empty 等),,,stage1,,,
1965,sched_arr_time,,MV,missing_value,缺失值：缺失哨兵(空串/NaN/empty 等),,,stage1,,,
1967,sched_arr_time,,MV,missing_value,缺失值：缺失哨兵(空串/NaN/empty 等),,,stage1,,,
1970,sched_arr_time,,MV,missing_value,缺失值：缺失哨兵(空串/NaN/empty 等),,,stage1,,,
1971,sched_arr_time,,MV,missing_value,缺失值：缺失哨兵(空串/NaN/empty 等),,,stage1,,,
1972,sched_arr_time,,MV,missing_value,缺失值：缺失哨兵(空串/NaN/empty 等),,,stage1,,,
1973,sched_arr_time,,MV,missing_value,缺失值：缺失哨兵(空串/NaN/empty 等),,,stage1,,,
1975,sched_arr_time,,MV,missing_value,缺失值：缺失哨兵(空串/NaN/empty 等),,,stage1,,,
1978,sched_arr_time,,MV,missing_value,缺失值：缺失哨兵(空串/NaN/empty 等),,,stage1,,,
1979,sched_arr_time,,MV,missing_value,缺失值：缺失哨兵(空串/NaN/empty 等),,,stage1,,,
1982,sched_arr_time,,MV,missing_value,缺失值：缺失哨兵(空串/NaN/empty 等),,,stage1,,,
1983,sched_arr_time,,MV,missing_value,缺失值：缺失哨兵(空串/NaN/empty 等),,,stage1,,,
1984,sched_arr_time,,MV,missing_value,缺失值：缺失哨兵(空串/NaN/empty 等),,,stage1,,,
1987,sched_arr_time,,MV,missing_value,缺失值：缺失哨兵(空串/NaN/empty 等),,,stage1,,,
1988,sched_arr_time,,MV,missing_value,缺失值：缺失哨兵(空串/NaN/empty 等),,,stage1,,,
1990,sched_arr_time,,MV,missing_value,缺失值：缺失哨兵(空串/NaN/empty 等),,,stage1,,,
1991,sched_arr_time,,MV,missing_value,缺失值：缺失哨兵(空串/NaN/empty 等),,,stage1,,,
1995,sched_arr_time,12:21 a.m. Dec 02,FI,regex,格式应为 小时:分钟 午别，可选后接星期 日-月-年；样例符合度高,,,stage1,,,
1996,sched_arr_time,,MV,missing_value,缺失值：缺失哨兵(空串/NaN/empty 等),,,stage1,,,
2000,sched_arr_time,,MV,missing_value,缺失值：缺失哨兵(空串/NaN/empty 等),,,stage1,,,
2002,sched_arr_time,,MV,missing_value,缺失值：缺失哨兵(空串/NaN/empty 等),,,stage1,,,
2004,sched_arr_time,,MV,missing_value,缺失值：缺失哨兵(空串/NaN/empty 等),,,stage1,,,
2005,sched_arr_time,,MV,missing_value,缺失值：缺失哨兵(空串/NaN/empty 等),,,stage1,,,
2009,sched_arr_time,,MV,missing_value,缺失值：缺失哨兵(空串/NaN/empty 等),,,stage1,,,
2010,sched_arr_time,5:50 a.m. Dec 02,FI,regex,格式应为 小时:分钟 午别，可选后接星期 日-月-年；样例符合度高,,,stage1,,,
2011,sched_arr_time,12:29 a.m. Dec 02,FI,regex,格式应为 小时:分钟 午别，可选后接星期 日-月-年；样例符合度高,,,stage1,,,
2012,sched_arr_time,12:15 a.m. Dec 02,FI,regex,格式应为 小时:分钟 午别，可选后接星期 日-月-年；样例符合度高,,,stage1,,,
2016,sched_arr_time,,MV,missing_value,缺失值：缺失哨兵(空串/NaN/empty 等),,,stage1,,,
2018,sched_arr_time,,MV,missing_value,缺失值：缺失哨兵(空串/NaN/empty 等),,,stage1,,,
2019,sched_arr_time,,MV,missing_value,缺失值：缺失哨兵(空串/NaN/empty 等),,,stage1,,,
2020,sched_arr_time,5:11 a.m.Dec 02,FI,regex,格式应为 小时:分钟 午别，可选后接星期 日-月-年；样例符合度高,,,stage1,,,
2022,sched_arr_time,,MV,missing_value,缺失值：缺失哨兵(空串/NaN/empty 等),,,stage1,,,
2023,sched_arr_time,,MV,missing_value,缺失值：缺失哨兵(空串/NaN/empty 等),,,stage1,,,
2024,sched_arr_time,,MV,missing_value,缺失值：缺失哨兵(空串/NaN/empty 等),,,stage1,,,
2025,sched_arr_time,,MV,missing_value,缺失值：缺失哨兵(空串/NaN/empty 等),,,stage1,,,
2026,sched_arr_time,,MV,missing_value,缺失值：缺失哨兵(空串/NaN/empty 等),,,stage1,,,
2027,sched_arr_time,,MV,missing_value,缺失值：缺失哨兵(空串/NaN/empty 等),,,stage1,,,
2033,sched_arr_time,,MV,missing_value,缺失值：缺失哨兵(空串/NaN/empty 等),,,stage1,,,
2035,sched_arr_time,,MV,missing_value,缺失值：缺失哨兵(空串/NaN/empty 等),,,stage1,,,
2038,sched_arr_time,,MV,missing_value,缺失值：缺失哨兵(空串/NaN/empty 等),,,stage1,,,
2042,sched_arr_time,,MV,missing_value,缺失值：缺失哨兵(空串/NaN/empty 等),,,stage1,,,
2051,sched_arr_time,,MV,missing_value,缺失值：缺失哨兵(空串/NaN/empty 等),,,stage1,,,
2054,sched_arr_time,,MV,missing_value,缺失值：缺失哨兵(空串/NaN/empty 等),,,stage1,,,
2058,sched_arr_time,,MV,missing_value,缺失值：缺失哨兵(空串/NaN/empty 等),,,stage1,,,
2059,sched_arr_time,,MV,missing_value,缺失值：缺失哨兵(空串/NaN/empty 等),,,stage1,,,
2061,sched_arr_time,,MV,missing_value,缺失值：缺失哨兵(空串/NaN/empty 等),,,stage1,,,
2062,sched_arr_time,,MV,missing_value,缺失值：缺失哨兵(空串/NaN/empty 等),,,stage1,,,
2064,sched_arr_time,,MV,missing_value,缺失值：缺失哨兵(空串/NaN/empty 等),,,stage1,,,
2065,sched_arr_time,,MV,missing_value,缺失值：缺失哨兵(空串/NaN/empty 等),,,stage1,,,
2067,sched_arr_time,,MV,missing_value,缺失值：缺失哨兵(空串/NaN/empty 等),,,stage1,,,
2070,sched_arr_time,,MV,missing_value,缺失值：缺失哨兵(空串/NaN/empty 等),,,stage1,,,
2071,sched_arr_time,,MV,missing_value,缺失值：缺失哨兵(空串/NaN/empty 等),,,stage1,,,
2072,sched_arr_time,,MV,missing_value,缺失值：缺失哨兵(空串/NaN/empty 等),,,stage1,,,
2073,sched_arr_time,,MV,missing_value,缺失值：缺失哨兵(空串/NaN/empty 等),,,stage1,,,
2075,sched_arr_time,,MV,missing_value,缺失值：缺失哨兵(空串/NaN/empty 等),,,stage1,,,
2078,sched_arr_time,,MV,missing_value,缺失值：缺失哨兵(空串/NaN/empty 等),,,stage1,,,
2079,sched_arr_time,,MV,missing_value,缺失值：缺失哨兵(空串/NaN/empty 等),,,stage1,,,
2082,sched_arr_time,,MV,missing_value,缺失值：缺失哨兵(空串/NaN/empty 等),,,stage1,,,
2083,sched_arr_time,,MV,missing_value,缺失值：缺失哨兵(空串/NaN/empty 等),,,stage1,,,
2084,sched_arr_time,,MV,missing_value,缺失值：缺失哨兵(空串/NaN/empty 等),,,stage1,,,
2087,sched_arr_time,,MV,missing_value,缺失值：缺失哨兵(空串/NaN/empty 等),,,stage1,,,
2088,sched_arr_time,,MV,missing_value,缺失值：缺失哨兵(空串/NaN/empty 等),,,stage1,,,
2090,sched_arr_time,,MV,missing_value,缺失值：缺失哨兵(空串/NaN/empty 等),,,stage1,,,
2091,sched_arr_time,,MV,missing_value,缺失值：缺失哨兵(空串/NaN/empty 等),,,stage1,,,
2096,sched_arr_time,,MV,missing_value,缺失值：缺失哨兵(空串/NaN/empty 等),,,stage1,,,
2100,sched_arr_time,,MV,missing_value,缺失值：缺失哨兵(空串/NaN/empty 等),,,stage1,,,
2102,sched_arr_time,,MV,missing_value,缺失值：缺失哨兵(空串/NaN/empty 等),,,stage1,,,
2104,sched_arr_time,,MV,missing_value,缺失值：缺失哨兵(空串/NaN/empty 等),,,stage1,,,
2105,sched_arr_time,,MV,missing_value,缺失值：缺失哨兵(空串/NaN/empty 等),,,stage1,,,
2106,sched_arr_time,,MV,missing_value,缺失值：缺失哨兵(空串/NaN/empty 等),,,stage1,,,
2109,sched_arr_time,,MV,missing_value,缺失值：缺失哨兵(空串/NaN/empty 等),,,stage1,,,
2116,sched_arr_time,,MV,missing_value,缺失值：缺失哨兵(空串/NaN/empty 等),,,stage1,,,
2118,sched_arr_time,,MV,missing_value,缺失值：缺失哨兵(空串/NaN/empty 等),,,stage1,,,
2119,sched_arr_time,,MV,missing_value,缺失值：缺失哨兵(空串/NaN/empty 等),,,stage1,,,
2122,sched_arr_time,,MV,missing_value,缺失值：缺失哨兵(空串/NaN/empty 等),,,stage1,,,
2123,sched_arr_time,,MV,missing_value,缺失值：缺失哨兵(空串/NaN/empty 等),,,stage1,,,
2124,sched_arr_time,,MV,missing_value,缺失值：缺失哨兵(空串/NaN/empty 等),,,stage1,,,
2125,sched_arr_time,,MV,missing_value,缺失值：缺失哨兵(空串/NaN/empty 等),,,stage1,,,
2126,sched_arr_time,,MV,missing_value,缺失值：缺失哨兵(空串/NaN/empty 等),,,stage1,,,
2127,sched_arr_time,,MV,missing_value,缺失值：缺失哨兵(空串/NaN/empty 等),,,stage1,,,
2133,sched_arr_time,,MV,missing_value,缺失值：缺失哨兵(空串/NaN/empty 等),,,stage1,,,
2135,sched_arr_time,,MV,missing_value,缺失值：缺失哨兵(空串/NaN/empty 等),,,stage1,,,
2138,sched_arr_time,,MV,missing_value,缺失值：缺失哨兵(空串/NaN/empty 等),,,stage1,,,
2142,sched_arr_time,,MV,missing_value,缺失值：缺失哨兵(空串/NaN/empty 等),,,stage1,,,
2150,sched_arr_time,,MV,missing_value,缺失值：缺失哨兵(空串/NaN/empty 等),,,stage1,,,
2153,sched_arr_time,,MV,missing_value,缺失值：缺失哨兵(空串/NaN/empty 等),,,stage1,,,
2156,sched_arr_time,,MV,missing_value,缺失值：缺失哨兵(空串/NaN/empty 等),,,stage1,,,
2159,sched_arr_time,,MV,missing_value,缺失值：缺失哨兵(空串/NaN/empty 等),,,stage1,,,
2163,sched_arr_time,,MV,missing_value,缺失值：缺失哨兵(空串/NaN/empty 等),,,stage1,,,
2164,sched_arr_time,,MV,missing_value,缺失值：缺失哨兵(空串/NaN/empty 等),,,stage1,,,
2165,sched_arr_time,6:55 a.m. Dec 02,FI,regex,格式应为 小时:分钟 午别，可选后接星期 日-月-年；样例符合度高,,,stage1,,,
2166,sched_arr_time,,MV,missing_value,缺失值：缺失哨兵(空串/NaN/empty 等),,,stage1,,,
2167,sched_arr_time,,MV,missing_value,缺失值：缺失哨兵(空串/NaN/empty 等),,,stage1,,,
2169,sched_arr_time,,MV,missing_value,缺失值：缺失哨兵(空串/NaN/empty 等),,,stage1,,,
2170,sched_arr_time,,MV,missing_value,缺失值：缺失哨兵(空串/NaN/empty 等),,,stage1,,,
2172,sched_arr_time,,MV,missing_value,缺失值：缺失哨兵(空串/NaN/empty 等),,,stage1,,,
2175,sched_arr_time,,MV,missing_value,缺失值：缺失哨兵(空串/NaN/empty 等),,,stage1,,,
2176,sched_arr_time,,MV,missing_value,缺失值：缺失哨兵(空串/NaN/empty 等),,,stage1,,,
2177,sched_arr_time,,MV,missing_value,缺失值：缺失哨兵(空串/NaN/empty 等),,,stage1,,,
2178,sched_arr_time,,MV,missing_value,缺失值：缺失哨兵(空串/NaN/empty 等),,,stage1,,,
2180,sched_arr_time,,MV,missing_value,缺失值：缺失哨兵(空串/NaN/empty 等),,,stage1,,,
2183,sched_arr_time,,MV,missing_value,缺失值：缺失哨兵(空串/NaN/empty 等),,,stage1,,,
2184,sched_arr_time,,MV,missing_value,缺失值：缺失哨兵(空串/NaN/empty 等),,,stage1,,,
2187,sched_arr_time,,MV,missing_value,缺失值：缺失哨兵(空串/NaN/empty 等),,,stage1,,,
2188,sched_arr_time,,MV,missing_value,缺失值：缺失哨兵(空串/NaN/empty 等),,,stage1,,,
2189,sched_arr_time,,MV,missing_value,缺失值：缺失哨兵(空串/NaN/empty 等),,,stage1,,,
2192,sched_arr_time,,MV,missing_value,缺失值：缺失哨兵(空串/NaN/empty 等),,,stage1,,,
2193,sched_arr_time,,MV,missing_value,缺失值：缺失哨兵(空串/NaN/empty 等),,,stage1,,,
2195,sched_arr_time,,MV,missing_value,缺失值：缺失哨兵(空串/NaN/empty 等),,,stage1,,,
2196,sched_arr_time,,MV,missing_value,缺失值：缺失哨兵(空串/NaN/empty 等),,,stage1,,,
2200,sched_arr_time,12:21 a.m. Dec 02,FI,regex,格式应为 小时:分钟 午别，可选后接星期 日-月-年；样例符合度高,,,stage1,,,
2201,sched_arr_time,,MV,missing_value,缺失值：缺失哨兵(空串/NaN/empty 等),,,stage1,,,
2205,sched_arr_time,,MV,missing_value,缺失值：缺失哨兵(空串/NaN/empty 等),,,stage1,,,
2207,sched_arr_time,,MV,missing_value,缺失值：缺失哨兵(空串/NaN/empty 等),,,stage1,,,
2209,sched_arr_time,,MV,missing_value,缺失值：缺失哨兵(空串/NaN/empty 等),,,stage1,,,
2210,sched_arr_time,,MV,missing_value,缺失值：缺失哨兵(空串/NaN/empty 等),,,stage1,,,
2214,sched_arr_time,,MV,missing_value,缺失值：缺失哨兵(空串/NaN/empty 等),,,stage1,,,
2215,sched_arr_time,5:50 a.m. Dec 02,FI,regex,格式应为 小时:分钟 午别，可选后接星期 日-月-年；样例符合度高,,,stage1,,,
2216,sched_arr_time,12:29 a.m. Dec 02,FI,regex,格式应为 小时:分钟 午别，可选后接星期 日-月-年；样例符合度高,,,stage1,,,
2217,sched_arr_time,12:15 a.m. Dec 02,FI,regex,格式应为 小时:分钟 午别，可选后接星期 日-月-年；样例符合度高,,,stage1,,,
2221,sched_arr_time,,MV,missing_value,缺失值：缺失哨兵(空串/NaN/empty 等),,,stage1,,,
2223,sched_arr_time,,MV,missing_value,缺失值：缺失哨兵(空串/NaN/empty 等),,,stage1,,,
2224,sched_arr_time,,MV,missing_value,缺失值：缺失哨兵(空串/NaN/empty 等),,,stage1,,,
2225,sched_arr_time,5:11 a.m.Dec 02,FI,regex,格式应为 小时:分钟 午别，可选后接星期 日-月-年；样例符合度高,,,stage1,,,
2227,sched_arr_time,,MV,missing_value,缺失值：缺失哨兵(空串/NaN/empty 等),,,stage1,,,
2228,sched_arr_time,,MV,missing_value,缺失值：缺失哨兵(空串/NaN/empty 等),,,stage1,,,
2229,sched_arr_time,,MV,missing_value,缺失值：缺失哨兵(空串/NaN/empty 等),,,stage1,,,
2230,sched_arr_time,,MV,missing_value,缺失值：缺失哨兵(空串/NaN/empty 等),,,stage1,,,
2231,sched_arr_time,,MV,missing_value,缺失值：缺失哨兵(空串/NaN/empty 等),,,stage1,,,
2232,sched_arr_time,,MV,missing_value,缺失值：缺失哨兵(空串/NaN/empty 等),,,stage1,,,
2238,sched_arr_time,,MV,missing_value,缺失值：缺失哨兵(空串/NaN/empty 等),,,stage1,,,
2240,sched_arr_time,,MV,missing_value,缺失值：缺失哨兵(空串/NaN/empty 等),,,stage1,,,
2243,sched_arr_time,,MV,missing_value,缺失值：缺失哨兵(空串/NaN/empty 等),,,stage1,,,
2247,sched_arr_time,,MV,missing_value,缺失值：缺失哨兵(空串/NaN/empty 等),,,stage1,,,
1,act_arr_time,,MV,missing_value,缺失值：缺失哨兵(空串/NaN/empty 等),,,stage1,,,
2,act_arr_time,,MV,missing_value,缺失值：缺失哨兵(空串/NaN/empty 等),,,stage1,,,
5,act_arr_time,,MV,missing_value,缺失值：缺失哨兵(空串/NaN/empty 等),,,stage1,,,
31,act_arr_time,,MV,missing_value,缺失值：缺失哨兵(空串/NaN/empty 等),,,stage1,,,
32,act_arr_time,,MV,missing_value,缺失值：缺失哨兵(空串/NaN/empty 等),,,stage1,,,
33,act_arr_time,,MV,missing_value,缺失值：缺失哨兵(空串/NaN/empty 等),,,stage1,,,
36,act_arr_time,,MV,missing_value,缺失值：缺失哨兵(空串/NaN/empty 等),,,stage1,,,
37,act_arr_time,,MV,missing_value,缺失值：缺失哨兵(空串/NaN/empty 等),,,stage1,,,
51,act_arr_time,,MV,missing_value,缺失值：缺失哨兵(空串/NaN/empty 等),,,stage1,,,
57,act_arr_time,,MV,missing_value,缺失值：缺失哨兵(空串/NaN/empty 等),,,stage1,,,
62,act_arr_time,,MV,missing_value,缺失值：缺失哨兵(空串/NaN/empty 等),,,stage1,,,
64,act_arr_time,,MV,missing_value,缺失值：缺失哨兵(空串/NaN/empty 等),,,stage1,,,
65,act_arr_time,,MV,missing_value,缺失值：缺失哨兵(空串/NaN/empty 等),,,stage1,,,
71,act_arr_time,,MV,missing_value,缺失值：缺失哨兵(空串/NaN/empty 等),,,stage1,,,
72,act_arr_time,,MV,missing_value,缺失值：缺失哨兵(空串/NaN/empty 等),,,stage1,,,
75,act_arr_time,,MV,missing_value,缺失值：缺失哨兵(空串/NaN/empty 等),,,stage1,,,
78,act_arr_time,,MV,missing_value,缺失值：缺失哨兵(空串/NaN/empty 等),,,stage1,,,
79,act_arr_time,,MV,missing_value,缺失值：缺失哨兵(空串/NaN/empty 等),,,stage1,,,
87,act_arr_time,,MV,missing_value,缺失值：缺失哨兵(空串/NaN/empty 等),,,stage1,,,
88,act_arr_time,,MV,missing_value,缺失值：缺失哨兵(空串/NaN/empty 等),,,stage1,,,
91,act_arr_time,,MV,missing_value,缺失值：缺失哨兵(空串/NaN/empty 等),,,stage1,,,
96,act_arr_time,,MV,missing_value,缺失值：缺失哨兵(空串/NaN/empty 等),,,stage1,,,
98,act_arr_time,,MV,missing_value,缺失值：缺失哨兵(空串/NaN/empty 等),,,stage1,,,
106,act_arr_time,,MV,missing_value,缺失值：缺失哨兵(空串/NaN/empty 等),,,stage1,,,
111,act_arr_time,,MV,missing_value,缺失值：缺失哨兵(空串/NaN/empty 等),,,stage1,,,
120,act_arr_time,,MV,missing_value,缺失值：缺失哨兵(空串/NaN/empty 等),,,stage1,,,
122,act_arr_time,,MV,missing_value,缺失值：缺失哨兵(空串/NaN/empty 等),,,stage1,,,
128,act_arr_time,,MV,missing_value,缺失值：缺失哨兵(空串/NaN/empty 等),,,stage1,,,
129,act_arr_time,,MV,missing_value,缺失值：缺失哨兵(空串/NaN/empty 等),,,stage1,,,
135,act_arr_time,,MV,missing_value,缺失值：缺失哨兵(空串/NaN/empty 等),,,stage1,,,
142,act_arr_time,,MV,missing_value,缺失值：缺失哨兵(空串/NaN/empty 等),,,stage1,,,
146,act_arr_time,,MV,missing_value,缺失值：缺失哨兵(空串/NaN/empty 等),,,stage1,,,
190,act_arr_time,,MV,missing_value,缺失值：缺失哨兵(空串/NaN/empty 等),,,stage1,,,
210,act_arr_time,,MV,missing_value,缺失值：缺失哨兵(空串/NaN/empty 等),,,stage1,,,
220,act_arr_time,,MV,missing_value,缺失值：缺失哨兵(空串/NaN/empty 等),,,stage1,,,
221,act_arr_time,,MV,missing_value,缺失值：缺失哨兵(空串/NaN/empty 等),,,stage1,,,
250,act_arr_time,,MV,missing_value,缺失值：缺失哨兵(空串/NaN/empty 等),,,stage1,,,
253,act_arr_time,,MV,missing_value,缺失值：缺失哨兵(空串/NaN/empty 等),,,stage1,,,
254,act_arr_time,,MV,missing_value,缺失值：缺失哨兵(空串/NaN/empty 等),,,stage1,,,
256,act_arr_time,,MV,missing_value,缺失值：缺失哨兵(空串/NaN/empty 等),,,stage1,,,
257,act_arr_time,,MV,missing_value,缺失值：缺失哨兵(空串/NaN/empty 等),,,stage1,,,
258,act_arr_time,,MV,missing_value,缺失值：缺失哨兵(空串/NaN/empty 等),,,stage1,,,
259,act_arr_time,,MV,missing_value,缺失值：缺失哨兵(空串/NaN/empty 等),,,stage1,,,
261,act_arr_time,,MV,missing_value,缺失值：缺失哨兵(空串/NaN/empty 等),,,stage1,,,
262,act_arr_time,,MV,missing_value,缺失值：缺失哨兵(空串/NaN/empty 等),,,stage1,,,
263,act_arr_time,,MV,missing_value,缺失值：缺失哨兵(空串/NaN/empty 等),,,stage1,,,
264,act_arr_time,,MV,missing_value,缺失值：缺失哨兵(空串/NaN/empty 等),,,stage1,,,
265,act_arr_time,,MV,missing_value,缺失值：缺失哨兵(空串/NaN/empty 等),,,stage1,,,
266,act_arr_time,,MV,missing_value,缺失值：缺失哨兵(空串/NaN/empty 等),,,stage1,,,
267,act_arr_time,,MV,missing_value,缺失值：缺失哨兵(空串/NaN/empty 等),,,stage1,,,
268,act_arr_time,,MV,missing_value,缺失值：缺失哨兵(空串/NaN/empty 等),,,stage1,,,
269,act_arr_time,,MV,missing_value,缺失值：缺失哨兵(空串/NaN/empty 等),,,stage1,,,
271,act_arr_time,,MV,missing_value,缺失值：缺失哨兵(空串/NaN/empty 等),,,stage1,,,
272,act_arr_time,,MV,missing_value,缺失值：缺失哨兵(空串/NaN/empty 等),,,stage1,,,
273,act_arr_time,,MV,missing_value,缺失值：缺失哨兵(空串/NaN/empty 等),,,stage1,,,
274,act_arr_time,,MV,missing_value,缺失值：缺失哨兵(空串/NaN/empty 等),,,stage1,,,
276,act_arr_time,,MV,missing_value,缺失值：缺失哨兵(空串/NaN/empty 等),,,stage1,,,
278,act_arr_time,,MV,missing_value,缺失值：缺失哨兵(空串/NaN/empty 等),,,stage1,,,
280,act_arr_time,,MV,missing_value,缺失值：缺失哨兵(空串/NaN/empty 等),,,stage1,,,
281,act_arr_time,,MV,missing_value,缺失值：缺失哨兵(空串/NaN/empty 等),,,stage1,,,
286,act_arr_time,,MV,missing_value,缺失值：缺失哨兵(空串/NaN/empty 等),,,stage1,,,
287,act_arr_time,,MV,missing_value,缺失值：缺失哨兵(空串/NaN/empty 等),,,stage1,,,
289,act_arr_time,,MV,missing_value,缺失值：缺失哨兵(空串/NaN/empty 等),,,stage1,,,
290,act_arr_time,,MV,missing_value,缺失值：缺失哨兵(空串/NaN/empty 等),,,stage1,,,
291,act_arr_time,,MV,missing_value,缺失值：缺失哨兵(空串/NaN/empty 等),,,stage1,,,
292,act_arr_time,,MV,missing_value,缺失值：缺失哨兵(空串/NaN/empty 等),,,stage1,,,
294,act_arr_time,,MV,missing_value,缺失值：缺失哨兵(空串/NaN/empty 等),,,stage1,,,
295,act_arr_time,,MV,missing_value,缺失值：缺失哨兵(空串/NaN/empty 等),,,stage1,,,
296,act_arr_time,,MV,missing_value,缺失值：缺失哨兵(空串/NaN/empty 等),,,stage1,,,
297,act_arr_time,,MV,missing_value,缺失值：缺失哨兵(空串/NaN/empty 等),,,stage1,,,
298,act_arr_time,,MV,missing_value,缺失值：缺失哨兵(空串/NaN/empty 等),,,stage1,,,
300,act_arr_time,,MV,missing_value,缺失值：缺失哨兵(空串/NaN/empty 等),,,stage1,,,
303,act_arr_time,,MV,missing_value,缺失值：缺失哨兵(空串/NaN/empty 等),,,stage1,,,
307,act_arr_time,,MV,missing_value,缺失值：缺失哨兵(空串/NaN/empty 等),,,stage1,,,
308,act_arr_time,,MV,missing_value,缺失值：缺失哨兵(空串/NaN/empty 等),,,stage1,,,
309,act_arr_time,,MV,missing_value,缺失值：缺失哨兵(空串/NaN/empty 等),,,stage1,,,
310,act_arr_time,,MV,missing_value,缺失值：缺失哨兵(空串/NaN/empty 等),,,stage1,,,
311,act_arr_time,,MV,missing_value,缺失值：缺失哨兵(空串/NaN/empty 等),,,stage1,,,
312,act_arr_time,,MV,missing_value,缺失值：缺失哨兵(空串/NaN/empty 等),,,stage1,,,
313,act_arr_time,,MV,missing_value,缺失值：缺失哨兵(空串/NaN/empty 等),,,stage1,,,
314,act_arr_time,,MV,missing_value,缺失值：缺失哨兵(空串/NaN/empty 等),,,stage1,,,
315,act_arr_time,,MV,missing_value,缺失值：缺失哨兵(空串/NaN/empty 等),,,stage1,,,
316,act_arr_time,,MV,missing_value,缺失值：缺失哨兵(空串/NaN/empty 等),,,stage1,,,
317,act_arr_time,,MV,missing_value,缺失值：缺失哨兵(空串/NaN/empty 等),,,stage1,,,
318,act_arr_time,,MV,missing_value,缺失值：缺失哨兵(空串/NaN/empty 等),,,stage1,,,
320,act_arr_time,,MV,missing_value,缺失值：缺失哨兵(空串/NaN/empty 等),,,stage1,,,
321,act_arr_time,,MV,missing_value,缺失值：缺失哨兵(空串/NaN/empty 等),,,stage1,,,
322,act_arr_time,,MV,missing_value,缺失值：缺失哨兵(空串/NaN/empty 等),,,stage1,,,
323,act_arr_time,,MV,missing_value,缺失值：缺失哨兵(空串/NaN/empty 等),,,stage1,,,
326,act_arr_time,,MV,missing_value,缺失值：缺失哨兵(空串/NaN/empty 等),,,stage1,,,
327,act_arr_time,,MV,missing_value,缺失值：缺失哨兵(空串/NaN/empty 等),,,stage1,,,
328,act_arr_time,,MV,missing_value,缺失值：缺失哨兵(空串/NaN/empty 等),,,stage1,,,
329,act_arr_time,,MV,missing_value,缺失值：缺失哨兵(空串/NaN/empty 等),,,stage1,,,
330,act_arr_time,,MV,missing_value,缺失值：缺失哨兵(空串/NaN/empty 等),,,stage1,,,
331,act_arr_time,,MV,missing_value,缺失值：缺失哨兵(空串/NaN/empty 等),,,stage1,,,
333,act_arr_time,,MV,missing_value,缺失值：缺失哨兵(空串/NaN/empty 等),,,stage1,,,
334,act_arr_time,,MV,missing_value,缺失值：缺失哨兵(空串/NaN/empty 等),,,stage1,,,
336,act_arr_time,,MV,missing_value,缺失值：缺失哨兵(空串/NaN/empty 等),,,stage1,,,
338,act_arr_time,,MV,missing_value,缺失值：缺失哨兵(空串/NaN/empty 等),,,stage1,,,
344,act_arr_time,,MV,missing_value,缺失值：缺失哨兵(空串/NaN/empty 等),,,stage1,,,
349,act_arr_time,,MV,missing_value,缺失值：缺失哨兵(空串/NaN/empty 等),,,stage1,,,
351,act_arr_time,,MV,missing_value,缺失值：缺失哨兵(空串/NaN/empty 等),,,stage1,,,
352,act_arr_time,,MV,missing_value,缺失值：缺失哨兵(空串/NaN/empty 等),,,stage1,,,
358,act_arr_time,,MV,missing_value,缺失值：缺失哨兵(空串/NaN/empty 等),,,stage1,,,
359,act_arr_time,,MV,missing_value,缺失值：缺失哨兵(空串/NaN/empty 等),,,stage1,,,
362,act_arr_time,,MV,missing_value,缺失值：缺失哨兵(空串/NaN/empty 等),,,stage1,,,
365,act_arr_time,,MV,missing_value,缺失值：缺失哨兵(空串/NaN/empty 等),,,stage1,,,
366,act_arr_time,,MV,missing_value,缺失值：缺失哨兵(空串/NaN/empty 等),,,stage1,,,
374,act_arr_time,,MV,missing_value,缺失值：缺失哨兵(空串/NaN/empty 等),,,stage1,,,
375,act_arr_time,,MV,missing_value,缺失值：缺失哨兵(空串/NaN/empty 等),,,stage1,,,
378,act_arr_time,,MV,missing_value,缺失值：缺失哨兵(空串/NaN/empty 等),,,stage1,,,
383,act_arr_time,,MV,missing_value,缺失值：缺失哨兵(空串/NaN/empty 等),,,stage1,,,
385,act_arr_time,,MV,missing_value,缺失值：缺失哨兵(空串/NaN/empty 等),,,stage1,,,
393,act_arr_time,,MV,missing_value,缺失值：缺失哨兵(空串/NaN/empty 等),,,stage1,,,
398,act_arr_time,,MV,missing_value,缺失值：缺失哨兵(空串/NaN/empty 等),,,stage1,,,
407,act_arr_time,,MV,missing_value,缺失值：缺失哨兵(空串/NaN/empty 等),,,stage1,,,
409,act_arr_time,,MV,missing_value,缺失值：缺失哨兵(空串/NaN/empty 等),,,stage1,,,
415,act_arr_time,,MV,missing_value,缺失值：缺失哨兵(空串/NaN/empty 等),,,stage1,,,
416,act_arr_time,,MV,missing_value,缺失值：缺失哨兵(空串/NaN/empty 等),,,stage1,,,
422,act_arr_time,,MV,missing_value,缺失值：缺失哨兵(空串/NaN/empty 等),,,stage1,,,
429,act_arr_time,,MV,missing_value,缺失值：缺失哨兵(空串/NaN/empty 等),,,stage1,,,
433,act_arr_time,,MV,missing_value,缺失值：缺失哨兵(空串/NaN/empty 等),,,stage1,,,
442,act_arr_time,,MV,missing_value,缺失值：缺失哨兵(空串/NaN/empty 等),,,stage1,,,
447,act_arr_time,,MV,missing_value,缺失值：缺失哨兵(空串/NaN/empty 等),,,stage1,,,
480,act_arr_time,,MV,missing_value,缺失值：缺失哨兵(空串/NaN/empty 等),,,stage1,,,
482,act_arr_time,,MV,missing_value,缺失值：缺失哨兵(空串/NaN/empty 等),,,stage1,,,
497,act_arr_time,,MV,missing_value,缺失值：缺失哨兵(空串/NaN/empty 等),,,stage1,,,
498,act_arr_time,,MV,missing_value,缺失值：缺失哨兵(空串/NaN/empty 等),,,stage1,,,
499,act_arr_time,,MV,missing_value,缺失值：缺失哨兵(空串/NaN/empty 等),,,stage1,,,
500,act_arr_time,,MV,missing_value,缺失值：缺失哨兵(空串/NaN/empty 等),,,stage1,,,
504,act_arr_time,,MV,missing_value,缺失值：缺失哨兵(空串/NaN/empty 等),,,stage1,,,
507,act_arr_time,,MV,missing_value,缺失值：缺失哨兵(空串/NaN/empty 等),,,stage1,,,
508,act_arr_time,,MV,missing_value,缺失值：缺失哨兵(空串/NaN/empty 等),,,stage1,,,
607,act_arr_time,,MV,missing_value,缺失值：缺失哨兵(空串/NaN/empty 等),,,stage1,,,
634,act_arr_time,,MV,missing_value,缺失值：缺失哨兵(空串/NaN/empty 等),,,stage1,,,
639,act_arr_time,,MV,missing_value,缺失值：缺失哨兵(空串/NaN/empty 等),,,stage1,,,
672,act_arr_time,,MV,missing_value,缺失值：缺失哨兵(空串/NaN/empty 等),,,stage1,,,
674,act_arr_time,,MV,missing_value,缺失值：缺失哨兵(空串/NaN/empty 等),,,stage1,,,
689,act_arr_time,,MV,missing_value,缺失值：缺失哨兵(空串/NaN/empty 等),,,stage1,,,
690,act_arr_time,,MV,missing_value,缺失值：缺失哨兵(空串/NaN/empty 等),,,stage1,,,
691,act_arr_time,,MV,missing_value,缺失值：缺失哨兵(空串/NaN/empty 等),,,stage1,,,
692,act_arr_time,,MV,missing_value,缺失值：缺失哨兵(空串/NaN/empty 等),,,stage1,,,
696,act_arr_time,,MV,missing_value,缺失值：缺失哨兵(空串/NaN/empty 等),,,stage1,,,
699,act_arr_time,,MV,missing_value,缺失值：缺失哨兵(空串/NaN/empty 等),,,stage1,,,
700,act_arr_time,,MV,missing_value,缺失值：缺失哨兵(空串/NaN/empty 等),,,stage1,,,
734,act_arr_time,,MV,missing_value,缺失值：缺失哨兵(空串/NaN/empty 等),,,stage1,,,
737,act_arr_time,,MV,missing_value,缺失值：缺失哨兵(空串/NaN/empty 等),,,stage1,,,
756,act_arr_time,,MV,missing_value,缺失值：缺失哨兵(空串/NaN/empty 等),,,stage1,,,
771,act_arr_time,,MV,missing_value,缺失值：缺失哨兵(空串/NaN/empty 等),,,stage1,,,
772,act_arr_time,,MV,missing_value,缺失值：缺失哨兵(空串/NaN/empty 等),,,stage1,,,
773,act_arr_time,,MV,missing_value,缺失值：缺失哨兵(空串/NaN/empty 等),,,stage1,,,
777,act_arr_time,,MV,missing_value,缺失值：缺失哨兵(空串/NaN/empty 等),,,stage1,,,
779,act_arr_time,,MV,missing_value,缺失值：缺失哨兵(空串/NaN/empty 等),,,stage1,,,
783,act_arr_time,,MV,missing_value,缺失值：缺失哨兵(空串/NaN/empty 等),,,stage1,,,
797,act_arr_time,,MV,missing_value,缺失值：缺失哨兵(空串/NaN/empty 等),,,stage1,,,
798,act_arr_time,,MV,missing_value,缺失值：缺失哨兵(空串/NaN/empty 等),,,stage1,,,
799,act_arr_time,,MV,missing_value,缺失值：缺失哨兵(空串/NaN/empty 等),,,stage1,,,
800,act_arr_time,,MV,missing_value,缺失值：缺失哨兵(空串/NaN/empty 等),,,stage1,,,
801,act_arr_time,,MV,missing_value,缺失值：缺失哨兵(空串/NaN/empty 等),,,stage1,,,
802,act_arr_time,,MV,missing_value,缺失值：缺失哨兵(空串/NaN/empty 等),,,stage1,,,
808,act_arr_time,,MV,missing_value,缺失值：缺失哨兵(空串/NaN/empty 等),,,stage1,,,
810,act_arr_time,,MV,missing_value,缺失值：缺失哨兵(空串/NaN/empty 等),,,stage1,,,
816,act_arr_time,,MV,missing_value,缺失值：缺失哨兵(空串/NaN/empty 等),,,stage1,,,
821,act_arr_time,,MV,missing_value,缺失值：缺失哨兵(空串/NaN/empty 等),,,stage1,,,
854,act_arr_time,,MV,missing_value,缺失值：缺失哨兵(空串/NaN/empty 等),,,stage1,,,
856,act_arr_time,,MV,missing_value,缺失值：缺失哨兵(空串/NaN/empty 等),,,stage1,,,
871,act_arr_time,,MV,missing_value,缺失值：缺失哨兵(空串/NaN/empty 等),,,stage1,,,
872,act_arr_time,,MV,missing_value,缺失值：缺失哨兵(空串/NaN/empty 等),,,stage1,,,
873,act_arr_time,,MV,missing_value,缺失值：缺失哨兵(空串/NaN/empty 等),,,stage1,,,
874,act_arr_time,,MV,missing_value,缺失值：缺失哨兵(空串/NaN/empty 等),,,stage1,,,
878,act_arr_time,,MV,missing_value,缺失值：缺失哨兵(空串/NaN/empty 等),,,stage1,,,
881,act_arr_time,,MV,missing_value,缺失值：缺失哨兵(空串/NaN/empty 等),,,stage1,,,
882,act_arr_time,,MV,missing_value,缺失值：缺失哨兵(空串/NaN/empty 等),,,stage1,,,
913,act_arr_time,,MV,missing_value,缺失值：缺失哨兵(空串/NaN/empty 等),,,stage1,,,
915,act_arr_time,,MV,missing_value,缺失值：缺失哨兵(空串/NaN/empty 等),,,stage1,,,
916,act_arr_time,,MV,missing_value,缺失值：缺失哨兵(空串/NaN/empty 等),,,stage1,,,
918,act_arr_time,,MV,missing_value,缺失值：缺失哨兵(空串/NaN/empty 等),,,stage1,,,
919,act_arr_time,,MV,missing_value,缺失值：缺失哨兵(空串/NaN/empty 等),,,stage1,,,
920,act_arr_time,,MV,missing_value,缺失值：缺失哨兵(空串/NaN/empty 等),,,stage1,,,
933,act_arr_time,,MV,missing_value,缺失值：缺失哨兵(空串/NaN/empty 等),,,stage1,,,
936,act_arr_time,,MV,missing_value,缺失值：缺失哨兵(空串/NaN/empty 等),,,stage1,,,
937,act_arr_time,,MV,missing_value,缺失值：缺失哨兵(空串/NaN/empty 等),,,stage1,,,
946,act_arr_time,,MV,missing_value,缺失值：缺失哨兵(空串/NaN/empty 等),,,stage1,,,
947,act_arr_time,,MV,missing_value,缺失值：缺失哨兵(空串/NaN/empty 等),,,stage1,,,
948,act_arr_time,,MV,missing_value,缺失值：缺失哨兵(空串/NaN/empty 等),,,stage1,,,
949,act_arr_time,,MV,missing_value,缺失值：缺失哨兵(空串/NaN/empty 等),,,stage1,,,
955,act_arr_time,,MV,missing_value,缺失值：缺失哨兵(空串/NaN/empty 等),,,stage1,,,
956,act_arr_time,,MV,missing_value,缺失值：缺失哨兵(空串/NaN/empty 等),,,stage1,,,
958,act_arr_time,,MV,missing_value,缺失值：缺失哨兵(空串/NaN/empty 等),,,stage1,,,
959,act_arr_time,,MV,missing_value,缺失值：缺失哨兵(空串/NaN/empty 等),,,stage1,,,
962,act_arr_time,,MV,missing_value,缺失值：缺失哨兵(空串/NaN/empty 等),,,stage1,,,
963,act_arr_time,,MV,missing_value,缺失值：缺失哨兵(空串/NaN/empty 等),,,stage1,,,
1075,act_arr_time,,MV,missing_value,缺失值：缺失哨兵(空串/NaN/empty 等),,,stage1,,,
1080,act_arr_time,,MV,missing_value,缺失值：缺失哨兵(空串/NaN/empty 等),,,stage1,,,
1113,act_arr_time,,MV,missing_value,缺失值：缺失哨兵(空串/NaN/empty 等),,,stage1,,,
1115,act_arr_time,,MV,missing_value,缺失值：缺失哨兵(空串/NaN/empty 等),,,stage1,,,
1130,act_arr_time,,MV,missing_value,缺失值：缺失哨兵(空串/NaN/empty 等),,,stage1,,,
1131,act_arr_time,,MV,missing_value,缺失值：缺失哨兵(空串/NaN/empty 等),,,stage1,,,
1132,act_arr_time,,MV,missing_value,缺失值：缺失哨兵(空串/NaN/empty 等),,,stage1,,,
1133,act_arr_time,,MV,missing_value,缺失值：缺失哨兵(空串/NaN/empty 等),,,stage1,,,
1137,act_arr_time,,MV,missing_value,缺失值：缺失哨兵(空串/NaN/empty 等),,,stage1,,,
1140,act_arr_time,,MV,missing_value,缺失值：缺失哨兵(空串/NaN/empty 等),,,stage1,,,
1141,act_arr_time,,MV,missing_value,缺失值：缺失哨兵(空串/NaN/empty 等),,,stage1,,,
1170,act_arr_time,,MV,missing_value,缺失值：缺失哨兵(空串/NaN/empty 等),,,stage1,,,
1173,act_arr_time,,MV,missing_value,缺失值：缺失哨兵(空串/NaN/empty 等),,,stage1,,,
1174,act_arr_time,,MV,missing_value,缺失值：缺失哨兵(空串/NaN/empty 等),,,stage1,,,
1178,act_arr_time,,MV,missing_value,缺失值：缺失哨兵(空串/NaN/empty 等),,,stage1,,,
1181,act_arr_time,,MV,missing_value,缺失值：缺失哨兵(空串/NaN/empty 等),,,stage1,,,
1182,act_arr_time,,MV,missing_value,缺失值：缺失哨兵(空串/NaN/empty 等),,,stage1,,,
1189,act_arr_time,,MV,missing_value,缺失值：缺失哨兵(空串/NaN/empty 等),,,stage1,,,
1191,act_arr_time,,MV,missing_value,缺失值：缺失哨兵(空串/NaN/empty 等),,,stage1,,,
1196,act_arr_time,,MV,missing_value,缺失值：缺失哨兵(空串/NaN/empty 等),,,stage1,,,
1198,act_arr_time,,MV,missing_value,缺失值：缺失哨兵(空串/NaN/empty 等),,,stage1,,,
1204,act_arr_time,,MV,missing_value,缺失值：缺失哨兵(空串/NaN/empty 等),,,stage1,,,
1205,act_arr_time,,MV,missing_value,缺失值：缺失哨兵(空串/NaN/empty 等),,,stage1,,,
1212,act_arr_time,,MV,missing_value,缺失值：缺失哨兵(空串/NaN/empty 等),,,stage1,,,
1213,act_arr_time,,MV,missing_value,缺失值：缺失哨兵(空串/NaN/empty 等),,,stage1,,,
1214,act_arr_time,,MV,missing_value,缺失值：缺失哨兵(空串/NaN/empty 等),,,stage1,,,
1219,act_arr_time,,MV,missing_value,缺失值：缺失哨兵(空串/NaN/empty 等),,,stage1,,,
1220,act_arr_time,,MV,missing_value,缺失值：缺失哨兵(空串/NaN/empty 等),,,stage1,,,
1221,act_arr_time,,MV,missing_value,缺失值：缺失哨兵(空串/NaN/empty 等),,,stage1,,,
1224,act_arr_time,,MV,missing_value,缺失值：缺失哨兵(空串/NaN/empty 等),,,stage1,,,
1230,act_arr_time,,MV,missing_value,缺失值：缺失哨兵(空串/NaN/empty 等),,,stage1,,,
1235,act_arr_time,,MV,missing_value,缺失值：缺失哨兵(空串/NaN/empty 等),,,stage1,,,
1237,act_arr_time,,MV,missing_value,缺失值：缺失哨兵(空串/NaN/empty 等),,,stage1,,,
1238,act_arr_time,,MV,missing_value,缺失值：缺失哨兵(空串/NaN/empty 等),,,stage1,,,
1244,act_arr_time,,MV,missing_value,缺失值：缺失哨兵(空串/NaN/empty 等),,,stage1,,,
1245,act_arr_time,,MV,missing_value,缺失值：缺失哨兵(空串/NaN/empty 等),,,stage1,,,
1248,act_arr_time,,MV,missing_value,缺失值：缺失哨兵(空串/NaN/empty 等),,,stage1,,,
1251,act_arr_time,,MV,missing_value,缺失值：缺失哨兵(空串/NaN/empty 等),,,stage1,,,
1252,act_arr_time,,MV,missing_value,缺失值：缺失哨兵(空串/NaN/empty 等),,,stage1,,,
1260,act_arr_time,,MV,missing_value,缺失值：缺失哨兵(空串/NaN/empty 等),,,stage1,,,
1261,act_arr_time,,MV,missing_value,缺失值：缺失哨兵(空串/NaN/empty 等),,,stage1,,,
1264,act_arr_time,,MV,missing_value,缺失值：缺失哨兵(空串/NaN/empty 等),,,stage1,,,
1269,act_arr_time,,MV,missing_value,缺失值：缺失哨兵(空串/NaN/empty 等),,,stage1,,,
1271,act_arr_time,,MV,missing_value,缺失值：缺失哨兵(空串/NaN/empty 等),,,stage1,,,
1279,act_arr_time,,MV,missing_value,缺失值：缺失哨兵(空串/NaN/empty 等),,,stage1,,,
1284,act_arr_time,,MV,missing_value,缺失值：缺失哨兵(空串/NaN/empty 等),,,stage1,,,
1293,act_arr_time,,MV,missing_value,缺失值：缺失哨兵(空串/NaN/empty 等),,,stage1,,,
1295,act_arr_time,,MV,missing_value,缺失值：缺失哨兵(空串/NaN/empty 等),,,stage1,,,
1301,act_arr_time,,MV,missing_value,缺失值：缺失哨兵(空串/NaN/empty 等),,,stage1,,,
1302,act_arr_time,,MV,missing_value,缺失值：缺失哨兵(空串/NaN/empty 等),,,stage1,,,
1308,act_arr_time,,MV,missing_value,缺失值：缺失哨兵(空串/NaN/empty 等),,,stage1,,,
1315,act_arr_time,,MV,missing_value,缺失值：缺失哨兵(空串/NaN/empty 等),,,stage1,,,
1319,act_arr_time,,MV,missing_value,缺失值：缺失哨兵(空串/NaN/empty 等),,,stage1,,,
1327,act_arr_time,,MV,missing_value,缺失值：缺失哨兵(空串/NaN/empty 等),,,stage1,,,
1328,act_arr_time,,MV,missing_value,缺失值：缺失哨兵(空串/NaN/empty 等),,,stage1,,,
1332,act_arr_time,,MV,missing_value,缺失值：缺失哨兵(空串/NaN/empty 等),,,stage1,,,
1333,act_arr_time,,MV,missing_value,缺失值：缺失哨兵(空串/NaN/empty 等),,,stage1,,,
1337,act_arr_time,,MV,missing_value,缺失值：缺失哨兵(空串/NaN/empty 等),,,stage1,,,
1356,act_arr_time,,MV,missing_value,缺失值：缺失哨兵(空串/NaN/empty 等),,,stage1,,,
1361,act_arr_time,,MV,missing_value,缺失值：缺失哨兵(空串/NaN/empty 等),,,stage1,,,
1366,act_arr_time,,MV,missing_value,缺失值：缺失哨兵(空串/NaN/empty 等),,,stage1,,,
1368,act_arr_time,,MV,missing_value,缺失值：缺失哨兵(空串/NaN/empty 等),,,stage1,,,
1383,act_arr_time,,MV,missing_value,缺失值：缺失哨兵(空串/NaN/empty 等),,,stage1,,,
1384,act_arr_time,,MV,missing_value,缺失值：缺失哨兵(空串/NaN/empty 等),,,stage1,,,
1385,act_arr_time,,MV,missing_value,缺失值：缺失哨兵(空串/NaN/empty 等),,,stage1,,,
1386,act_arr_time,,MV,missing_value,缺失值：缺失哨兵(空串/NaN/empty 等),,,stage1,,,
1389,act_arr_time,,MV,missing_value,缺失值：缺失哨兵(空串/NaN/empty 等),,,stage1,,,
1392,act_arr_time,,MV,missing_value,缺失值：缺失哨兵(空串/NaN/empty 等),,,stage1,,,
1393,act_arr_time,,MV,missing_value,缺失值：缺失哨兵(空串/NaN/empty 等),,,stage1,,,
1396,act_arr_time,,MV,missing_value,缺失值：缺失哨兵(空串/NaN/empty 等),,,stage1,,,
1399,act_arr_time,,MV,missing_value,缺失值：缺失哨兵(空串/NaN/empty 等),,,stage1,,,
1422,act_arr_time,,MV,missing_value,缺失值：缺失哨兵(空串/NaN/empty 等),,,stage1,,,
1423,act_arr_time,,MV,missing_value,缺失值：缺失哨兵(空串/NaN/empty 等),,,stage1,,,
1424,act_arr_time,,MV,missing_value,缺失值：缺失哨兵(空串/NaN/empty 等),,,stage1,,,
1425,act_arr_time,,MV,missing_value,缺失值：缺失哨兵(空串/NaN/empty 等),,,stage1,,,
1481,act_arr_time,,MV,missing_value,缺失值：缺失哨兵(空串/NaN/empty 等),,,stage1,,,
1482,act_arr_time,,MV,missing_value,缺失值：缺失哨兵(空串/NaN/empty 等),,,stage1,,,
1483,act_arr_time,,MV,missing_value,缺失值：缺失哨兵(空串/NaN/empty 等),,,stage1,,,
1484,act_arr_time,,MV,missing_value,缺失值：缺失哨兵(空串/NaN/empty 等),,,stage1,,,
1485,act_arr_time,,MV,missing_value,缺失值：缺失哨兵(空串/NaN/empty 等),,,stage1,,,
1486,act_arr_time,,MV,missing_value,缺失值：缺失哨兵(空串/NaN/empty 等),,,stage1,,,
1488,act_arr_time,,MV,missing_value,缺失值：缺失哨兵(空串/NaN/empty 等),,,stage1,,,
1494,act_arr_time,,MV,missing_value,缺失值：缺失哨兵(空串/NaN/empty 等),,,stage1,,,
1499,act_arr_time,,MV,missing_value,缺失值：缺失哨兵(空串/NaN/empty 等),,,stage1,,,
1501,act_arr_time,,MV,missing_value,缺失值：缺失哨兵(空串/NaN/empty 等),,,stage1,,,
1502,act_arr_time,,MV,missing_value,缺失值：缺失哨兵(空串/NaN/empty 等),,,stage1,,,
1508,act_arr_time,,MV,missing_value,缺失值：缺失哨兵(空串/NaN/empty 等),,,stage1,,,
1509,act_arr_time,,MV,missing_value,缺失值：缺失哨兵(空串/NaN/empty 等),,,stage1,,,
1512,act_arr_time,,MV,missing_value,缺失值：缺失哨兵(空串/NaN/empty 等),,,stage1,,,
1515,act_arr_time,,MV,missing_value,缺失值：缺失哨兵(空串/NaN/empty 等),,,stage1,,,
1516,act_arr_time,,MV,missing_value,缺失值：缺失哨兵(空串/NaN/empty 等),,,stage1,,,
1524,act_arr_time,,MV,missing_value,缺失值：缺失哨兵(空串/NaN/empty 等),,,stage1,,,
1525,act_arr_time,,MV,missing_value,缺失值：缺失哨兵(空串/NaN/empty 等),,,stage1,,,
1528,act_arr_time,,MV,missing_value,缺失值：缺失哨兵(空串/NaN/empty 等),,,stage1,,,
1533,act_arr_time,,MV,missing_value,缺失值：缺失哨兵(空串/NaN/empty 等),,,stage1,,,
1535,act_arr_time,,MV,missing_value,缺失值：缺失哨兵(空串/NaN/empty 等),,,stage1,,,
1543,act_arr_time,,MV,missing_value,缺失值：缺失哨兵(空串/NaN/empty 等),,,stage1,,,
1548,act_arr_time,,MV,missing_value,缺失值：缺失哨兵(空串/NaN/empty 等),,,stage1,,,
1557,act_arr_time,,MV,missing_value,缺失值：缺失哨兵(空串/NaN/empty 等),,,stage1,,,
1559,act_arr_time,,MV,missing_value,缺失值：缺失哨兵(空串/NaN/empty 等),,,stage1,,,
1565,act_arr_time,,MV,missing_value,缺失值：缺失哨兵(空串/NaN/empty 等),,,stage1,,,
1566,act_arr_time,,MV,missing_value,缺失值：缺失哨兵(空串/NaN/empty 等),,,stage1,,,
1572,act_arr_time,,MV,missing_value,缺失值：缺失哨兵(空串/NaN/empty 等),,,stage1,,,
1579,act_arr_time,,MV,missing_value,缺失值：缺失哨兵(空串/NaN/empty 等),,,stage1,,,
1583,act_arr_time,,MV,missing_value,缺失值：缺失哨兵(空串/NaN/empty 等),,,stage1,,,
1587,act_arr_time,,MV,missing_value,缺失值：缺失哨兵(空串/NaN/empty 等),,,stage1,,,
1589,act_arr_time,,MV,missing_value,缺失值：缺失哨兵(空串/NaN/empty 等),,,stage1,,,
1590,act_arr_time,,MV,missing_value,缺失值：缺失哨兵(空串/NaN/empty 等),,,stage1,,,
1592,act_arr_time,,MV,missing_value,缺失值：缺失哨兵(空串/NaN/empty 等),,,stage1,,,
1593,act_arr_time,,MV,missing_value,缺失值：缺失哨兵(空串/NaN/empty 等),,,stage1,,,
1604,act_arr_time,,MV,missing_value,缺失值：缺失哨兵(空串/NaN/empty 等),,,stage1,,,
1608,act_arr_time,,MV,missing_value,缺失值：缺失哨兵(空串/NaN/empty 等),,,stage1,,,
1617,act_arr_time,,MV,missing_value,缺失值：缺失哨兵(空串/NaN/empty 等),,,stage1,,,
1619,act_arr_time,,MV,missing_value,缺失值：缺失哨兵(空串/NaN/empty 等),,,stage1,,,
1625,act_arr_time,,MV,missing_value,缺失值：缺失哨兵(空串/NaN/empty 等),,,stage1,,,
1626,act_arr_time,,MV,missing_value,缺失值：缺失哨兵(空串/NaN/empty 等),,,stage1,,,
1637,act_arr_time,,MV,missing_value,缺失值：缺失哨兵(空串/NaN/empty 等),,,stage1,,,
1638,act_arr_time,,MV,missing_value,缺失值：缺失哨兵(空串/NaN/empty 等),,,stage1,,,
1639,act_arr_time,,MV,missing_value,缺失值：缺失哨兵(空串/NaN/empty 等),,,stage1,,,
1640,act_arr_time,,MV,missing_value,缺失值：缺失哨兵(空串/NaN/empty 等),,,stage1,,,
1641,act_arr_time,,MV,missing_value,缺失值：缺失哨兵(空串/NaN/empty 等),,,stage1,,,
1642,act_arr_time,,MV,missing_value,缺失值：缺失哨兵(空串/NaN/empty 等),,,stage1,,,
1643,act_arr_time,,MV,missing_value,缺失值：缺失哨兵(空串/NaN/empty 等),,,stage1,,,
1644,act_arr_time,,MV,missing_value,缺失值：缺失哨兵(空串/NaN/empty 等),,,stage1,,,
1645,act_arr_time,,MV,missing_value,缺失值：缺失哨兵(空串/NaN/empty 等),,,stage1,,,
1646,act_arr_time,,MV,missing_value,缺失值：缺失哨兵(空串/NaN/empty 等),,,stage1,,,
1647,act_arr_time,,MV,missing_value,缺失值：缺失哨兵(空串/NaN/empty 等),,,stage1,,,
1648,act_arr_time,,MV,missing_value,缺失值：缺失哨兵(空串/NaN/empty 等),,,stage1,,,
1649,act_arr_time,,MV,missing_value,缺失值：缺失哨兵(空串/NaN/empty 等),,,stage1,,,
1650,act_arr_time,,MV,missing_value,缺失值：缺失哨兵(空串/NaN/empty 等),,,stage1,,,
1651,act_arr_time,,MV,missing_value,缺失值：缺失哨兵(空串/NaN/empty 等),,,stage1,,,
1652,act_arr_time,,MV,missing_value,缺失值：缺失哨兵(空串/NaN/empty 等),,,stage1,,,
1653,act_arr_time,,MV,missing_value,缺失值：缺失哨兵(空串/NaN/empty 等),,,stage1,,,
1654,act_arr_time,,MV,missing_value,缺失值：缺失哨兵(空串/NaN/empty 等),,,stage1,,,
1655,act_arr_time,,MV,missing_value,缺失值：缺失哨兵(空串/NaN/empty 等),,,stage1,,,
1656,act_arr_time,,MV,missing_value,缺失值：缺失哨兵(空串/NaN/empty 等),,,stage1,,,
1657,act_arr_time,,MV,missing_value,缺失值：缺失哨兵(空串/NaN/empty 等),,,stage1,,,
1658,act_arr_time,,MV,missing_value,缺失值：缺失哨兵(空串/NaN/empty 等),,,stage1,,,
1659,act_arr_time,,MV,missing_value,缺失值：缺失哨兵(空串/NaN/empty 等),,,stage1,,,
1660,act_arr_time,,MV,missing_value,缺失值：缺失哨兵(空串/NaN/empty 等),,,stage1,,,
1763,act_arr_time,,MV,missing_value,缺失值：缺失哨兵(空串/NaN/empty 等),,,stage1,,,
1768,act_arr_time,,MV,missing_value,缺失值：缺失哨兵(空串/NaN/empty 等),,,stage1,,,
1801,act_arr_time,,MV,missing_value,缺失值：缺失哨兵(空串/NaN/empty 等),,,stage1,,,
1803,act_arr_time,,MV,missing_value,缺失值：缺失哨兵(空串/NaN/empty 等),,,stage1,,,
1818,act_arr_time,,MV,missing_value,缺失值：缺失哨兵(空串/NaN/empty 等),,,stage1,,,
1819,act_arr_time,,MV,missing_value,缺失值：缺失哨兵(空串/NaN/empty 等),,,stage1,,,
1820,act_arr_time,,MV,missing_value,缺失值：缺失哨兵(空串/NaN/empty 等),,,stage1,,,
1821,act_arr_time,,MV,missing_value,缺失值：缺失哨兵(空串/NaN/empty 等),,,stage1,,,
1825,act_arr_time,,MV,missing_value,缺失值：缺失哨兵(空串/NaN/empty 等),,,stage1,,,
1828,act_arr_time,,MV,missing_value,缺失值：缺失哨兵(空串/NaN/empty 等),,,stage1,,,
1829,act_arr_time,,MV,missing_value,缺失值：缺失哨兵(空串/NaN/empty 等),,,stage1,,,
1928,act_arr_time,,MV,missing_value,缺失值：缺失哨兵(空串/NaN/empty 等),,,stage1,,,
1955,act_arr_time,,MV,missing_value,缺失值：缺失哨兵(空串/NaN/empty 等),,,stage1,,,
1960,act_arr_time,,MV,missing_value,缺失值：缺失哨兵(空串/NaN/empty 等),,,stage1,,,
1993,act_arr_time,,MV,missing_value,缺失值：缺失哨兵(空串/NaN/empty 等),,,stage1,,,
1995,act_arr_time,,MV,missing_value,缺失值：缺失哨兵(空串/NaN/empty 等),,,stage1,,,
2010,act_arr_time,,MV,missing_value,缺失值：缺失哨兵(空串/NaN/empty 等),,,stage1,,,
2011,act_arr_time,,MV,missing_value,缺失值：缺失哨兵(空串/NaN/empty 等),,,stage1,,,
2012,act_arr_time,,MV,missing_value,缺失值：缺失哨兵(空串/NaN/empty 等),,,stage1,,,
2013,act_arr_time,,MV,missing_value,缺失值：缺失哨兵(空串/NaN/empty 等),,,stage1,,,
2017,act_arr_time,,MV,missing_value,缺失值：缺失哨兵(空串/NaN/empty 等),,,stage1,,,
2020,act_arr_time,,MV,missing_value,缺失值：缺失哨兵(空串/NaN/empty 等),,,stage1,,,
2021,act_arr_time,,MV,missing_value,缺失值：缺失哨兵(空串/NaN/empty 等),,,stage1,,,
2055,act_arr_time,,MV,missing_value,缺失值：缺失哨兵(空串/NaN/empty 等),,,stage1,,,
2060,act_arr_time,,MV,missing_value,缺失值：缺失哨兵(空串/NaN/empty 等),,,stage1,,,
2093,act_arr_time,,MV,missing_value,缺失值：缺失哨兵(空串/NaN/empty 等),,,stage1,,,
2095,act_arr_time,,MV,missing_value,缺失值：缺失哨兵(空串/NaN/empty 等),,,stage1,,,
2110,act_arr_time,,MV,missing_value,缺失值：缺失哨兵(空串/NaN/empty 等),,,stage1,,,
2111,act_arr_time,,MV,missing_value,缺失值：缺失哨兵(空串/NaN/empty 等),,,stage1,,,
2112,act_arr_time,,MV,missing_value,缺失值：缺失哨兵(空串/NaN/empty 等),,,stage1,,,
2113,act_arr_time,,MV,missing_value,缺失值：缺失哨兵(空串/NaN/empty 等),,,stage1,,,
2117,act_arr_time,,MV,missing_value,缺失值：缺失哨兵(空串/NaN/empty 等),,,stage1,,,
2120,act_arr_time,,MV,missing_value,缺失值：缺失哨兵(空串/NaN/empty 等),,,stage1,,,
2121,act_arr_time,,MV,missing_value,缺失值：缺失哨兵(空串/NaN/empty 等),,,stage1,,,
2150,act_arr_time,,MV,missing_value,缺失值：缺失哨兵(空串/NaN/empty 等),,,stage1,,,
2151,act_arr_time,,MV,missing_value,缺失值：缺失哨兵(空串/NaN/empty 等),,,stage1,,,
2152,act_arr_time,,MV,missing_value,缺失值：缺失哨兵(空串/NaN/empty 等),,,stage1,,,
2153,act_arr_time,,MV,missing_value,缺失值：缺失哨兵(空串/NaN/empty 等),,,stage1,,,
2154,act_arr_time,,MV,missing_value,缺失值：缺失哨兵(空串/NaN/empty 等),,,stage1,,,
2160,act_arr_time,,MV,missing_value,缺失值：缺失哨兵(空串/NaN/empty 等),,,stage1,,,
2165,act_arr_time,,MV,missing_value,缺失值：缺失哨兵(空串/NaN/empty 等),,,stage1,,,
2198,act_arr_time,,MV,missing_value,缺失值：缺失哨兵(空串/NaN/empty 等),,,stage1,,,
2200,act_arr_time,,MV,missing_value,缺失值：缺失哨兵(空串/NaN/empty 等),,,stage1,,,
2215,act_arr_time,,MV,missing_value,缺失值：缺失哨兵(空串/NaN/empty 等),,,stage1,,,
2216,act_arr_time,,MV,missing_value,缺失值：缺失哨兵(空串/NaN/empty 等),,,stage1,,,
2217,act_arr_time,,MV,missing_value,缺失值：缺失哨兵(空串/NaN/empty 等),,,stage1,,,
2218,act_arr_time,,MV,missing_value,缺失值：缺失哨兵(空串/NaN/empty 等),,,stage1,,,
2222,act_arr_time,,MV,missing_value,缺失值：缺失哨兵(空串/NaN/empty 等),,,stage1,,,
2225,act_arr_time,,MV,missing_value,缺失值：缺失哨兵(空串/NaN/empty 等),,,stage1,,,
2226,act_arr_time,,MV,missing_value,缺失值：缺失哨兵(空串/NaN/empty 等),,,stage1,,,
1712,flight,CO-4888-IAH-DAL,VAD,fd:sched_arr_time->flight,"违反依赖 sched_arr_time->flight: 当 sched_arr_time='6:15 p.m.' 时 flight 多数为 'UA-257-JFK-SFO'(90%, n=20), 但此处为 'CO-4888-IAH-DAL'",UA-257-JFK-SFO,0.9,stage1,,,
1713,flight,AA-3063-SLC-LAX,VAD,fd:sched_arr_time->flight,"违反依赖 sched_arr_time->flight: 当 sched_arr_time='9:10 p.m.' 时 flight 多数为 'AA-4307-ORD-DTW'(90%, n=21), 但此处为 'AA-3063-SLC-LAX'",AA-4307-ORD-DTW,0.905,stage1,,,
2306,flight,CO-4888-IAH-DAL,VAD,fd:sched_arr_time->flight,"违反依赖 sched_arr_time->flight: 当 sched_arr_time='6:15 p.m.' 时 flight 多数为 'UA-257-JFK-SFO'(90%, n=20), 但此处为 'CO-4888-IAH-DAL'",UA-257-JFK-SFO,0.9,stage1,,,
2307,flight,AA-3063-SLC-LAX,VAD,fd:sched_arr_time->flight,"违反依赖 sched_arr_time->flight: 当 sched_arr_time='9:10 p.m.' 时 flight 多数为 'AA-4307-ORD-DTW'(90%, n=21), 但此处为 'AA-3063-SLC-LAX'",AA-4307-ORD-DTW,0.905,stage1,,,
162,flight,CO-1614-LAX-IAH,DIST,,,AA-3842-MSP-ORD,,stage2,20.687788009643555,20.687788009643555,categorical
205,flight,UA-2515-DFW-CLT,DIST,,,AA-3842-MSP-ORD,,stage2,20.70723533630371,20.70723533630371,categorical
225,flight,UA-2708-EWR-CLT,DIST,,,AA-3842-MSP-ORD,,stage2,20.700220108032227,20.700220108032227,categorical
227,flight,UA-1500-IAH-GUA,DIST,,,AA-3842-MSP-ORD,,stage2,20.721721649169922,20.721721649169922,categorical
475,flight,CO-47-IAH-LAX,DIST,,,AA-1165-JFK-MIA,,stage2,20.61507225036621,20.61507225036621,categorical
512,flight,UA-2708-EWR-CLT,DIST,,,AA-1165-JFK-MIA,,stage2,20.621540069580078,20.621540069580078,categorical
514,flight,UA-1500-IAH-GUA,DIST,,,AA-1165-JFK-MIA,,stage2,20.723222732543945,20.723222732543945,categorical
667,flight,CO-47-IAH-LAX,DIST,,,AA-1165-JFK-MIA,,stage2,20.609148025512695,20.609148025512695,categorical
704,flight,UA-2708-EWR-CLT,DIST,,,AA-1165-JFK-MIA,,stage2,20.618494033813477,20.618494033813477,categorical
706,flight,UA-1500-IAH-GUA,DIST,,,AA-1165-JFK-MIA,,stage2,20.723217010498047,20.723217010498047,categorical
888,flight,UA-1500-IAH-GUA,DIST,,,AA-1917-JFK-MCO,,stage2,20.6956844329834,20.6956844329834,categorical
952,flight,UA-1500-IAH-GUA,DIST,,,UA-233-LAX-JFK,,stage2,20.67087745666504,20.67087745666504,categorical
1108,flight,CO-47-IAH-LAX,DIST,,,AA-1165-JFK-MIA,,stage2,20.629287719726562,20.629287719726562,categorical
1145,flight,UA-2708-EWR-CLT,DIST,,,AA-1165-JFK-MIA,,stage2,20.625932693481445,20.625932693481445,categorical
1147,flight,UA-1500-IAH-GUA,DIST,,,AA-1165-JFK-MIA,,stage2,20.72322654724121,20.72322654724121,categorical
1752,flight,UA-1500-IAH-GUA,DIST,,,AA-3804-PHL-ORD,,stage2,20.624217987060547,20.624217987060547,categorical
1835,flight,UA-1500-IAH-GUA,DIST,,,AA-1917-JFK-MCO,,stage2,20.69664192199707,20.69664192199707,categorical
1988,flight,CO-47-IAH-LAX,DIST,,,AA-1165-JFK-MIA,,stage2,20.57256317138672,20.57256317138672,categorical
2025,flight,UA-2708-EWR-CLT,DIST,,,AA-1165-JFK-MIA,,stage2,20.59425926208496,20.59425926208496,categorical
2027,flight,UA-1500-IAH-GUA,DIST,,,AA-1165-JFK-MIA,,stage2,20.723203659057617,20.723203659057617,categorical
2127,flight,UA-1500-IAH-GUA,DIST,,,AA-1917-JFK-MCO,,stage2,20.697948455810547,20.697948455810547,categorical
2193,flight,CO-47-IAH-LAX,DIST,,,AA-1165-JFK-MIA,,stage2,20.618112564086914,20.618112564086914,categorical
2230,flight,UA-2708-EWR-CLT,DIST,,,AA-1165-JFK-MIA,,stage2,20.624601364135742,20.624601364135742,categorical
2232,flight,UA-1500-IAH-GUA,DIST,,,AA-1165-JFK-MIA,,stage2,20.723222732543945,20.723222732543945,categorical
129,sched_dep_time,8:55 a.m.,DIST,,,7:10 a.m.,,stage2,20.528139114379883,20.528139114379883,categorical
135,sched_dep_time,9:05 a.m. (-00:00),DIST,,,9:05 a.m.,,stage2,20.71676254272461,20.71676254272461,categorical
416,sched_dep_time,8:55 a.m.,DIST,,,7:10 a.m.,,stage2,20.528139114379883,20.528139114379883,categorical
422,sched_dep_time,9:05 a.m. (-00:00),DIST,,,9:05 a.m.,,stage2,20.71676254272461,20.71676254272461,categorical
507,sched_dep_time,11:08 p.m.,DIST,,,10:40 a.m.,,stage2,17.031784057617188,17.031784057617188,categorical
699,sched_dep_time,11:08 p.m.,DIST,,,10:40 a.m.,,stage2,16.86638832092285,16.86638832092285,categorical
756,sched_dep_time,1:09 p.m.,DIST,,,3:27 p.m.,,stage2,20.318849563598633,20.318849563598633,categorical
1140,sched_dep_time,11:08 p.m.,DIST,,,10:40 a.m.,,stage2,17.137104034423828,17.137104034423828,categorical
1302,sched_dep_time,8:55 a.m.,DIST,,,7:10 a.m.,,stage2,20.528139114379883,20.528139114379883,categorical
1308,sched_dep_time,9:05 a.m. (-00:00),DIST,,,9:05 a.m.,,stage2,20.71676254272461,20.71676254272461,categorical
1566,sched_dep_time,8:55 a.m.,DIST,,,7:10 a.m.,,stage2,20.528139114379883,20.528139114379883,categorical
1572,sched_dep_time,9:05 a.m. (-00:00),DIST,,,9:05 a.m.,,stage2,20.71676254272461,20.71676254272461,categorical
1752,sched_dep_time,8:55 a.m.,DIST,,,2:55 p.m.,,stage2,20.716115951538086,20.716115951538086,categorical
2020,sched_dep_time,11:08 p.m.,DIST,,,10:40 a.m.,,stage2,16.664386749267578,16.664386749267578,categorical
2225,sched_dep_time,11:08 p.m.,DIST,,,10:40 a.m.,,stage2,17.02202606201172,17.02202606201172,categorical
459,act_dep_time,8:18 a.m.,DIST,,,4:30 p.m.,,stage2,20.723264694213867,20.723264694213867,categorical
471,act_dep_time,12:14 p.m.,DIST,,,12:13 p.m.,,stage2,20.723264694213867,20.723264694213867,categorical
489,act_dep_time,4:37 p.m.,DIST,,,4:15 p.m.,,stage2,20.723264694213867,20.723264694213867,categorical
520,act_dep_time,9:05 a.m.,DIST,,,8:52 a.m.,,stage2,20.723264694213867,20.723264694213867,categorical
663,act_dep_time,12:14 p.m.,DIST,,,12:13 p.m.,,stage2,20.723264694213867,20.723264694213867,categorical
681,act_dep_time,4:37 p.m.,DIST,,,4:15 p.m.,,stage2,20.723264694213867,20.723264694213867,categorical
712,act_dep_time,9:05 a.m.,DIST,,,8:52 a.m.,,stage2,20.723264694213867,20.723264694213867,categorical
1092,act_dep_time,8:18 a.m.,DIST,,,4:30 p.m.,,stage2,20.723264694213867,20.723264694213867,categorical
1104,act_dep_time,12:14 p.m.,DIST,,,12:13 p.m.,,stage2,20.723264694213867,20.723264694213867,categorical
1122,act_dep_time,4:37 p.m.,DIST,,,4:15 p.m.,,stage2,20.723264694213867,20.723264694213867,categorical
1153,act_dep_time,9:05 a.m.,DIST,,,8:52 a.m.,,stage2,20.723264694213867,20.723264694213867,categorical
2002,act_dep_time,4:37 p.m.,DIST,,,4:15 p.m.,,stage2,20.723264694213867,20.723264694213867,categorical
2033,act_dep_time,9:05 a.m.,DIST,,,8:52 a.m.,,stage2,20.723264694213867,20.723264694213867,categorical
2177,act_dep_time,8:18 a.m.,DIST,,,4:30 p.m.,,stage2,20.723264694213867,20.723264694213867,categorical
2189,act_dep_time,12:14 p.m.,DIST,,,12:13 p.m.,,stage2,20.723264694213867,20.723264694213867,categorical
2207,act_dep_time,4:37 p.m.,DIST,,,4:15 p.m.,,stage2,20.723264694213867,20.723264694213867,categorical
2238,act_dep_time,9:05 a.m.,DIST,,,8:52 a.m.,,stage2,20.723264694213867,20.723264694213867,categorical
821,sched_arr_time,6:55 a.m.  Fri 02-Dec-2011,DIST,,,6:55 a.m.,,stage2,20.722578048706055,20.722578048706055,categorical
871,sched_arr_time,5:50 a.m.  Fri 02-Dec-2011,DIST,,,5:50 a.m.,,stage2,20.722402572631836,20.722402572631836,categorical
872,sched_arr_time,12:29 a.m.  Fri 02-Dec-2011,DIST,,,12:29 a.m.,,stage2,20.723154067993164,20.723154067993164,categorical
1356,sched_arr_time,3:03 p.m.,DIST,,,3:19 p.m.,,stage2,20.722553253173828,20.722553253173828,categorical
1361,sched_arr_time,10:48 p.m.,DIST,,,8:56 p.m.,,stage2,20.723251342773438,20.723251342773438,categorical
1396,sched_arr_time,9:18 p.m.,DIST,,,9:20 p.m.,,stage2,20.721914291381836,20.721914291381836,categorical
1608,sched_arr_time,10:48 p.m.,DIST,,,8:56 p.m.,,stage2,20.723234176635742,20.723234176635742,categorical
1626,sched_arr_time,9:18 p.m.,DIST,,,9:20 p.m.,,stage2,20.720943450927734,20.720943450927734,categorical
1768,sched_arr_time,6:55 a.m.  Fri 02-Dec-2011,DIST,,,6:55 a.m.,,stage2,20.722572326660156,20.722572326660156,categorical
1818,sched_arr_time,5:50 a.m.  Fri 02-Dec-2011,DIST,,,5:50 a.m.,,stage2,20.72240447998047,20.72240447998047,categorical
1819,sched_arr_time,12:29 a.m.  Fri 02-Dec-2011,DIST,,,12:29 a.m.,,stage2,20.72315788269043,20.72315788269043,categorical
2060,sched_arr_time,6:55 a.m.  Fri 02-Dec-2011,DIST,,,6:55 a.m.,,stage2,20.722566604614258,20.722566604614258,categorical
2095,sched_arr_time,12:21 a.m.  Fri 02-Dec-2011,DIST,,,12:21 a.m.,,stage2,20.720476150512695,20.720476150512695,categorical
2110,sched_arr_time,5:50 a.m.  Fri 02-Dec-2011,DIST,,,5:50 a.m.,,stage2,20.722471237182617,20.722471237182617,categorical
2111,sched_arr_time,12:29 a.m.  Fri 02-Dec-2011,DIST,,,12:29 a.m.,,stage2,20.723161697387695,20.723161697387695,categorical
170,act_arr_time,1:34 p.m.,DIST,,,1:40 p.m.,,stage2,20.7232608795166,20.7232608795166,categorical
193,act_arr_time,Not Available,DIST,,,7:35 p.m.,,stage2,20.7232666015625,20.7232666015625,categorical
213,act_arr_time,Not Available,DIST,,,11:54 p.m.,,stage2,20.723262786865234,20.723262786865234,categorical
217,act_arr_time,Not Available,DIST,,,3:29 p.m. (Estimated runway),,stage2,20.723264694213867,20.723264694213867,categorical
492,act_arr_time,10:45 a.m.,DIST,,,3:14 p.m.,,stage2,20.723262786865234,20.723262786865234,categorical
684,act_arr_time,10:45 a.m.,DIST,,,3:14 p.m.,,stage2,20.723262786865234,20.723262786865234,categorical
996,act_arr_time,Contact Airline,DIST,,,5:17 p.m.,,stage2,20.723262786865234,20.723262786865234,categorical
1001,act_arr_time,Contact Airline,DIST,,,6:28 p.m.,,stage2,20.7232666015625,20.7232666015625,categorical
1030,act_arr_time,Contact Airline,DIST,,,6:38 p.m.,,stage2,20.723262786865234,20.723262786865234,categorical
1036,act_arr_time,Not Available,DIST,,,12:01 a.m. (Estimated runway),,stage2,20.723255157470703,20.723255157470703,categorical
1038,act_arr_time,Not Available,DIST,,,11:35 p.m. (Estimated runway),,stage2,20.723264694213867,20.723264694213867,categorical
1049,act_arr_time,Contact Airline,DIST,,,4:44 p.m.,,stage2,20.723262786865234,20.723262786865234,categorical
1050,act_arr_time,Contact Airline,DIST,,,7:10 p.m.,,stage2,20.723264694213867,20.723264694213867,categorical
1054,act_arr_time,Contact Airline,DIST,,,4:47 p.m.,,stage2,20.723262786865234,20.723262786865234,categorical
1063,act_arr_time,Contact Airline,DIST,,,5:38 p.m.,,stage2,20.723264694213867,20.723264694213867,categorical
1111,act_arr_time,3:25 p.m.,DIST,,,3:04 p.m.,,stage2,20.723255157470703,20.723255157470703,categorical
1125,act_arr_time,10:45 a.m.,DIST,,,3:14 p.m.,,stage2,20.723262786865234,20.723262786865234,categorical
1591,act_arr_time,Contact Airline,DIST,,,5:17 p.m.,,stage2,20.723264694213867,20.723264694213867,categorical
2005,act_arr_time,10:45 a.m.,DIST,,,3:14 p.m.,,stage2,20.7232608795166,20.7232608795166,categorical
2210,act_arr_time,10:45 a.m.,DIST,,,3:14 p.m.,,stage2,20.723262786865234,20.723262786865234,categorical
