row_id,column,value,error_type,violated_rule,reason,suggested_fix,confidence
50,sched_dep_time,,MV,missing_value,缺失值：缺失哨兵(空串/NaN/empty 等),,
52,sched_dep_time,,MV,missing_value,缺失值：缺失哨兵(空串/NaN/empty 等),,
53,sched_dep_time,,MV,missing_value,缺失值：缺失哨兵(空串/NaN/empty 等),,
54,sched_dep_time,,MV,missing_value,缺失值：缺失哨兵(空串/NaN/empty 等),,
55,sched_dep_time,,MV,missing_value,缺失值：缺失哨兵(空串/NaN/empty 等),,
56,sched_dep_time,,MV,missing_value,缺失值：缺失哨兵(空串/NaN/empty 等),,
58,sched_dep_time,,MV,missing_value,缺失值：缺失哨兵(空串/NaN/empty 等),,
59,sched_dep_time,,MV,missing_value,缺失值：缺失哨兵(空串/NaN/empty 等),,
60,sched_dep_time,,MV,missing_value,缺失值：缺失哨兵(空串/NaN/empty 等),,
61,sched_dep_time,,MV,missing_value,缺失值：缺失哨兵(空串/NaN/empty 等),,
63,sched_dep_time,,MV,missing_value,缺失值：缺失哨兵(空串/NaN/empty 等),,
66,sched_dep_time,,MV,missing_value,缺失值：缺失哨兵(空串/NaN/empty 等),,
67,sched_dep_time,,MV,missing_value,缺失值：缺失哨兵(空串/NaN/empty 等),,
68,sched_dep_time,,MV,missing_value,缺失值：缺失哨兵(空串/NaN/empty 等),,
69,sched_dep_time,,MV,missing_value,缺失值：缺失哨兵(空串/NaN/empty 等),,
70,sched_dep_time,,MV,missing_value,缺失值：缺失哨兵(空串/NaN/empty 等),,
73,sched_dep_time,,MV,missing_value,缺失值：缺失哨兵(空串/NaN/empty 等),,
74,sched_dep_time,,MV,missing_value,缺失值：缺失哨兵(空串/NaN/empty 等),,
76,sched_dep_time,,MV,missing_value,缺失值：缺失哨兵(空串/NaN/empty 等),,
77,sched_dep_time,,MV,missing_value,缺失值：缺失哨兵(空串/NaN/empty 等),,
80,sched_dep_time,,MV,missing_value,缺失值：缺失哨兵(空串/NaN/empty 等),,
81,sched_dep_time,,MV,missing_value,缺失值：缺失哨兵(空串/NaN/empty 等),,
82,sched_dep_time,,MV,missing_value,缺失值：缺失哨兵(空串/NaN/empty 等),,
83,sched_dep_time,,MV,missing_value,缺失值：缺失哨兵(空串/NaN/empty 等),,
84,sched_dep_time,,MV,missing_value,缺失值：缺失哨兵(空串/NaN/empty 等),,
85,sched_dep_time,,MV,missing_value,缺失值：缺失哨兵(空串/NaN/empty 等),,
86,sched_dep_time,,MV,missing_value,缺失值：缺失哨兵(空串/NaN/empty 等),,
89,sched_dep_time,,MV,missing_value,缺失值：缺失哨兵(空串/NaN/empty 等),,
90,sched_dep_time,,MV,missing_value,缺失值：缺失哨兵(空串/NaN/empty 等),,
92,sched_dep_time,,MV,missing_value,缺失值：缺失哨兵(空串/NaN/empty 等),,
93,sched_dep_time,,MV,missing_value,缺失值：缺失哨兵(空串/NaN/empty 等),,
94,sched_dep_time,,MV,missing_value,缺失值：缺失哨兵(空串/NaN/empty 等),,
95,sched_dep_time,,MV,missing_value,缺失值：缺失哨兵(空串/NaN/empty 等),,
97,sched_dep_time,,MV,missing_value,缺失值：缺失哨兵(空串/NaN/empty 等),,
99,sched_dep_time,,MV,missing_value,缺失值：缺失哨兵(空串/NaN/empty 等),,
100,sched_dep_time,,MV,missing_value,缺失值：缺失哨兵(空串/NaN/empty 等),,
101,sched_dep_time,,MV,missing_value,缺失值：缺失哨兵(空串/NaN/empty 等),,
102,sched_dep_time,,MV,missing_value,缺失值：缺失哨兵(空串/NaN/empty 等),,
103,sched_dep_time,,MV,missing_value,缺失值：缺失哨兵(空串/NaN/empty 等),,
104,sched_dep_time,,MV,missing_value,缺失值：缺失哨兵(空串/NaN/empty 等),,
105,sched_dep_time,,MV,missing_value,缺失值：缺失哨兵(空串/NaN/empty 等),,
107,sched_dep_time,,MV,missing_value,缺失值：缺失哨兵(空串/NaN/empty 等),,
108,sched_dep_time,,MV,missing_value,缺失值：缺失哨兵(空串/NaN/empty 等),,
109,sched_dep_time,,MV,missing_value,缺失值：缺失哨兵(空串/NaN/empty 等),,
110,sched_dep_time,,MV,missing_value,缺失值：缺失哨兵(空串/NaN/empty 等),,
112,sched_dep_time,,MV,missing_value,缺失值：缺失哨兵(空串/NaN/empty 等),,
113,sched_dep_time,,MV,missing_value,缺失值：缺失哨兵(空串/NaN/empty 等),,
114,sched_dep_time,,MV,missing_value,缺失值：缺失哨兵(空串/NaN/empty 等),,
115,sched_dep_time,,MV,missing_value,缺失值：缺失哨兵(空串/NaN/empty 等),,
116,sched_dep_time,,MV,missing_value,缺失值：缺失哨兵(空串/NaN/empty 等),,
117,sched_dep_time,,MV,missing_value,缺失值：缺失哨兵(空串/NaN/empty 等),,
118,sched_dep_time,,MV,missing_value,缺失值：缺失哨兵(空串/NaN/empty 等),,
119,sched_dep_time,,MV,missing_value,缺失值：缺失哨兵(空串/NaN/empty 等),,
121,sched_dep_time,,MV,missing_value,缺失值：缺失哨兵(空串/NaN/empty 等),,
123,sched_dep_time,,MV,missing_value,缺失值：缺失哨兵(空串/NaN/empty 等),,
124,sched_dep_time,,MV,missing_value,缺失值：缺失哨兵(空串/NaN/empty 等),,
125,sched_dep_time,,MV,missing_value,缺失值：缺失哨兵(空串/NaN/empty 等),,
126,sched_dep_time,,MV,missing_value,缺失值：缺失哨兵(空串/NaN/empty 等),,
127,sched_dep_time,,MV,missing_value,缺失值：缺失哨兵(空串/NaN/empty 等),,
130,sched_dep_time,,MV,missing_value,缺失值：缺失哨兵(空串/NaN/empty 等),,
131,sched_dep_time,,MV,missing_value,缺失值：缺失哨兵(空串/NaN/empty 等),,
132,sched_dep_time,,MV,missing_value,缺失值：缺失哨兵(空串/NaN/empty 等),,
133,sched_dep_time,,MV,missing_value,缺失值：缺失哨兵(空串/NaN/empty 等),,
134,sched_dep_time,,MV,missing_value,缺失值：缺失哨兵(空串/NaN/empty 等),,
136,sched_dep_time,,MV,missing_value,缺失值：缺失哨兵(空串/NaN/empty 等),,
137,sched_dep_time,,MV,missing_value,缺失值：缺失哨兵(空串/NaN/empty 等),,
138,sched_dep_time,,MV,missing_value,缺失值：缺失哨兵(空串/NaN/empty 等),,
139,sched_dep_time,,MV,missing_value,缺失值：缺失哨兵(空串/NaN/empty 等),,
140,sched_dep_time,,MV,missing_value,缺失值：缺失哨兵(空串/NaN/empty 等),,
141,sched_dep_time,,MV,missing_value,缺失值：缺失哨兵(空串/NaN/empty 等),,
143,sched_dep_time,,MV,missing_value,缺失值：缺失哨兵(空串/NaN/empty 等),,
144,sched_dep_time,,MV,missing_value,缺失值：缺失哨兵(空串/NaN/empty 等),,
145,sched_dep_time,,MV,missing_value,缺失值：缺失哨兵(空串/NaN/empty 等),,
147,sched_dep_time,,MV,missing_value,缺失值：缺失哨兵(空串/NaN/empty 等),,
148,sched_dep_time,,MV,missing_value,缺失值：缺失哨兵(空串/NaN/empty 等),,
149,sched_dep_time,,MV,missing_value,缺失值：缺失哨兵(空串/NaN/empty 等),,
151,sched_dep_time,,MV,missing_value,缺失值：缺失哨兵(空串/NaN/empty 等),,
154,sched_dep_time,,MV,missing_value,缺失值：缺失哨兵(空串/NaN/empty 等),,
158,sched_dep_time,,MV,missing_value,缺失值：缺失哨兵(空串/NaN/empty 等),,
159,sched_dep_time,,MV,missing_value,缺失值：缺失哨兵(空串/NaN/empty 等),,
161,sched_dep_time,,MV,missing_value,缺失值：缺失哨兵(空串/NaN/empty 等),,
162,sched_dep_time,,MV,missing_value,缺失值：缺失哨兵(空串/NaN/empty 等),,
164,sched_dep_time,,MV,missing_value,缺失值：缺失哨兵(空串/NaN/empty 等),,
165,sched_dep_time,,MV,missing_value,缺失值：缺失哨兵(空串/NaN/empty 等),,
167,sched_dep_time,,MV,missing_value,缺失值：缺失哨兵(空串/NaN/empty 等),,
170,sched_dep_time,,MV,missing_value,缺失值：缺失哨兵(空串/NaN/empty 等),,
171,sched_dep_time,,MV,missing_value,缺失值：缺失哨兵(空串/NaN/empty 等),,
172,sched_dep_time,,MV,missing_value,缺失值：缺失哨兵(空串/NaN/empty 等),,
173,sched_dep_time,,MV,missing_value,缺失值：缺失哨兵(空串/NaN/empty 等),,
175,sched_dep_time,,MV,missing_value,缺失值：缺失哨兵(空串/NaN/empty 等),,
178,sched_dep_time,,MV,missing_value,缺失值：缺失哨兵(空串/NaN/empty 等),,
179,sched_dep_time,,MV,missing_value,缺失值：缺失哨兵(空串/NaN/empty 等),,
182,sched_dep_time,,MV,missing_value,缺失值：缺失哨兵(空串/NaN/empty 等),,
183,sched_dep_time,,MV,missing_value,缺失值：缺失哨兵(空串/NaN/empty 等),,
184,sched_dep_time,,MV,missing_value,缺失值：缺失哨兵(空串/NaN/empty 等),,
187,sched_dep_time,,MV,missing_value,缺失值：缺失哨兵(空串/NaN/empty 等),,
188,sched_dep_time,,MV,missing_value,缺失值：缺失哨兵(空串/NaN/empty 等),,
191,sched_dep_time,,MV,missing_value,缺失值：缺失哨兵(空串/NaN/empty 等),,
196,sched_dep_time,,MV,missing_value,缺失值：缺失哨兵(空串/NaN/empty 等),,
200,sched_dep_time,,MV,missing_value,缺失值：缺失哨兵(空串/NaN/empty 等),,
202,sched_dep_time,,MV,missing_value,缺失值：缺失哨兵(空串/NaN/empty 等),,
204,sched_dep_time,,MV,missing_value,缺失值：缺失哨兵(空串/NaN/empty 等),,
205,sched_dep_time,,MV,missing_value,缺失值：缺失哨兵(空串/NaN/empty 等),,
209,sched_dep_time,,MV,missing_value,缺失值：缺失哨兵(空串/NaN/empty 等),,
216,sched_dep_time,,MV,missing_value,缺失值：缺失哨兵(空串/NaN/empty 等),,
218,sched_dep_time,,MV,missing_value,缺失值：缺失哨兵(空串/NaN/empty 等),,
219,sched_dep_time,,MV,missing_value,缺失值：缺失哨兵(空串/NaN/empty 等),,
222,sched_dep_time,,MV,missing_value,缺失值：缺失哨兵(空串/NaN/empty 等),,
223,sched_dep_time,,MV,missing_value,缺失值：缺失哨兵(空串/NaN/empty 等),,
224,sched_dep_time,,MV,missing_value,缺失值：缺失哨兵(空串/NaN/empty 等),,
225,sched_dep_time,,MV,missing_value,缺失值：缺失哨兵(空串/NaN/empty 等),,
226,sched_dep_time,,MV,missing_value,缺失值：缺失哨兵(空串/NaN/empty 等),,
227,sched_dep_time,,MV,missing_value,缺失值：缺失哨兵(空串/NaN/empty 等),,
233,sched_dep_time,,MV,missing_value,缺失值：缺失哨兵(空串/NaN/empty 等),,
235,sched_dep_time,,MV,missing_value,缺失值：缺失哨兵(空串/NaN/empty 等),,
238,sched_dep_time,,MV,missing_value,缺失值：缺失哨兵(空串/NaN/empty 等),,
242,sched_dep_time,,MV,missing_value,缺失值：缺失哨兵(空串/NaN/empty 等),,
337,sched_dep_time,,MV,missing_value,缺失值：缺失哨兵(空串/NaN/empty 等),,
339,sched_dep_time,,MV,missing_value,缺失值：缺失哨兵(空串/NaN/empty 等),,
340,sched_dep_time,,MV,missing_value,缺失值：缺失哨兵(空串/NaN/empty 等),,
341,sched_dep_time,,MV,missing_value,缺失值：缺失哨兵(空串/NaN/empty 等),,
342,sched_dep_time,,MV,missing_value,缺失值：缺失哨兵(空串/NaN/empty 等),,
343,sched_dep_time,,MV,missing_value,缺失值：缺失哨兵(空串/NaN/empty 等),,
345,sched_dep_time,,MV,missing_value,缺失值：缺失哨兵(空串/NaN/empty 等),,
346,sched_dep_time,,MV,missing_value,缺失值：缺失哨兵(空串/NaN/empty 等),,
347,sched_dep_time,,MV,missing_value,缺失值：缺失哨兵(空串/NaN/empty 等),,
348,sched_dep_time,,MV,missing_value,缺失值：缺失哨兵(空串/NaN/empty 等),,
350,sched_dep_time,,MV,missing_value,缺失值：缺失哨兵(空串/NaN/empty 等),,
353,sched_dep_time,,MV,missing_value,缺失值：缺失哨兵(空串/NaN/empty 等),,
354,sched_dep_time,,MV,missing_value,缺失值：缺失哨兵(空串/NaN/empty 等),,
355,sched_dep_time,,MV,missing_value,缺失值：缺失哨兵(空串/NaN/empty 等),,
356,sched_dep_time,,MV,missing_value,缺失值：缺失哨兵(空串/NaN/empty 等),,
357,sched_dep_time,,MV,missing_value,缺失值：缺失哨兵(空串/NaN/empty 等),,
360,sched_dep_time,,MV,missing_value,缺失值：缺失哨兵(空串/NaN/empty 等),,
361,sched_dep_time,,MV,missing_value,缺失值：缺失哨兵(空串/NaN/empty 等),,
363,sched_dep_time,,MV,missing_value,缺失值：缺失哨兵(空串/NaN/empty 等),,
364,sched_dep_time,,MV,missing_value,缺失值：缺失哨兵(空串/NaN/empty 等),,
367,sched_dep_time,,MV,missing_value,缺失值：缺失哨兵(空串/NaN/empty 等),,
368,sched_dep_time,,MV,missing_value,缺失值：缺失哨兵(空串/NaN/empty 等),,
369,sched_dep_time,,MV,missing_value,缺失值：缺失哨兵(空串/NaN/empty 等),,
370,sched_dep_time,,MV,missing_value,缺失值：缺失哨兵(空串/NaN/empty 等),,
371,sched_dep_time,,MV,missing_value,缺失值：缺失哨兵(空串/NaN/empty 等),,
372,sched_dep_time,,MV,missing_value,缺失值：缺失哨兵(空串/NaN/empty 等),,
373,sched_dep_time,,MV,missing_value,缺失值：缺失哨兵(空串/NaN/empty 等),,
376,sched_dep_time,,MV,missing_value,缺失值：缺失哨兵(空串/NaN/empty 等),,
377,sched_dep_time,,MV,missing_value,缺失值：缺失哨兵(空串/NaN/empty 等),,
379,sched_dep_time,,MV,missing_value,缺失值：缺失哨兵(空串/NaN/empty 等),,
380,sched_dep_time,,MV,missing_value,缺失值：缺失哨兵(空串/NaN/empty 等),,
381,sched_dep_time,,MV,missing_value,缺失值：缺失哨兵(空串/NaN/empty 等),,
382,sched_dep_time,,MV,missing_value,缺失值：缺失哨兵(空串/NaN/empty 等),,
384,sched_dep_time,,MV,missing_value,缺失值：缺失哨兵(空串/NaN/empty 等),,
386,sched_dep_time,,MV,missing_value,缺失值：缺失哨兵(空串/NaN/empty 等),,
387,sched_dep_time,,MV,missing_value,缺失值：缺失哨兵(空串/NaN/empty 等),,
388,sched_dep_time,,MV,missing_value,缺失值：缺失哨兵(空串/NaN/empty 等),,
389,sched_dep_time,,MV,missing_value,缺失值：缺失哨兵(空串/NaN/empty 等),,
390,sched_dep_time,,MV,missing_value,缺失值：缺失哨兵(空串/NaN/empty 等),,
391,sched_dep_time,,MV,missing_value,缺失值：缺失哨兵(空串/NaN/empty 等),,
392,sched_dep_time,,MV,missing_value,缺失值：缺失哨兵(空串/NaN/empty 等),,
394,sched_dep_time,,MV,missing_value,缺失值：缺失哨兵(空串/NaN/empty 等),,
395,sched_dep_time,,MV,missing_value,缺失值：缺失哨兵(空串/NaN/empty 等),,
396,sched_dep_time,,MV,missing_value,缺失值：缺失哨兵(空串/NaN/empty 等),,
397,sched_dep_time,,MV,missing_value,缺失值：缺失哨兵(空串/NaN/empty 等),,
399,sched_dep_time,,MV,missing_value,缺失值：缺失哨兵(空串/NaN/empty 等),,
400,sched_dep_time,,MV,missing_value,缺失值：缺失哨兵(空串/NaN/empty 等),,
401,sched_dep_time,,MV,missing_value,缺失值：缺失哨兵(空串/NaN/empty 等),,
402,sched_dep_time,,MV,missing_value,缺失值：缺失哨兵(空串/NaN/empty 等),,
403,sched_dep_time,,MV,missing_value,缺失值：缺失哨兵(空串/NaN/empty 等),,
404,sched_dep_time,,MV,missing_value,缺失值：缺失哨兵(空串/NaN/empty 等),,
405,sched_dep_time,,MV,missing_value,缺失值：缺失哨兵(空串/NaN/empty 等),,
406,sched_dep_time,,MV,missing_value,缺失值：缺失哨兵(空串/NaN/empty 等),,
408,sched_dep_time,,MV,missing_value,缺失值：缺失哨兵(空串/NaN/empty 等),,
410,sched_dep_time,,MV,missing_value,缺失值：缺失哨兵(空串/NaN/empty 等),,
411,sched_dep_time,,MV,missing_value,缺失值：缺失哨兵(空串/NaN/empty 等),,
412,sched_dep_time,,MV,missing_value,缺失值：缺失哨兵(空串/NaN/empty 等),,
413,sched_dep_time,,MV,missing_value,缺失值：缺失哨兵(空串/NaN/empty 等),,
414,sched_dep_time,,MV,missing_value,缺失值：缺失哨兵(空串/NaN/empty 等),,
417,sched_dep_time,,MV,missing_value,缺失值：缺失哨兵(空串/NaN/empty 等),,
418,sched_dep_time,,MV,missing_value,缺失值：缺失哨兵(空串/NaN/empty 等),,
419,sched_dep_time,,MV,missing_value,缺失值：缺失哨兵(空串/NaN/empty 等),,
420,sched_dep_time,,MV,missing_value,缺失值：缺失哨兵(空串/NaN/empty 等),,
421,sched_dep_time,,MV,missing_value,缺失值：缺失哨兵(空串/NaN/empty 等),,
423,sched_dep_time,,MV,missing_value,缺失值：缺失哨兵(空串/NaN/empty 等),,
424,sched_dep_time,,MV,missing_value,缺失值：缺失哨兵(空串/NaN/empty 等),,
425,sched_dep_time,,MV,missing_value,缺失值：缺失哨兵(空串/NaN/empty 等),,
426,sched_dep_time,,MV,missing_value,缺失值：缺失哨兵(空串/NaN/empty 等),,
427,sched_dep_time,,MV,missing_value,缺失值：缺失哨兵(空串/NaN/empty 等),,
428,sched_dep_time,,MV,missing_value,缺失值：缺失哨兵(空串/NaN/empty 等),,
430,sched_dep_time,,MV,missing_value,缺失值：缺失哨兵(空串/NaN/empty 等),,
431,sched_dep_time,,MV,missing_value,缺失值：缺失哨兵(空串/NaN/empty 等),,
432,sched_dep_time,,MV,missing_value,缺失值：缺失哨兵(空串/NaN/empty 等),,
434,sched_dep_time,,MV,missing_value,缺失值：缺失哨兵(空串/NaN/empty 等),,
435,sched_dep_time,,MV,missing_value,缺失值：缺失哨兵(空串/NaN/empty 等),,
436,sched_dep_time,,MV,missing_value,缺失值：缺失哨兵(空串/NaN/empty 等),,
438,sched_dep_time,,MV,missing_value,缺失值：缺失哨兵(空串/NaN/empty 等),,
441,sched_dep_time,,MV,missing_value,缺失值：缺失哨兵(空串/NaN/empty 等),,
445,sched_dep_time,,MV,missing_value,缺失值：缺失哨兵(空串/NaN/empty 等),,
446,sched_dep_time,,MV,missing_value,缺失值：缺失哨兵(空串/NaN/empty 等),,
448,sched_dep_time,,MV,missing_value,缺失值：缺失哨兵(空串/NaN/empty 等),,
449,sched_dep_time,,MV,missing_value,缺失值：缺失哨兵(空串/NaN/empty 等),,
451,sched_dep_time,,MV,missing_value,缺失值：缺失哨兵(空串/NaN/empty 等),,
452,sched_dep_time,,MV,missing_value,缺失值：缺失哨兵(空串/NaN/empty 等),,
454,sched_dep_time,,MV,missing_value,缺失值：缺失哨兵(空串/NaN/empty 等),,
457,sched_dep_time,,MV,missing_value,缺失值：缺失哨兵(空串/NaN/empty 等),,
458,sched_dep_time,,MV,missing_value,缺失值：缺失哨兵(空串/NaN/empty 等),,
459,sched_dep_time,,MV,missing_value,缺失值：缺失哨兵(空串/NaN/empty 等),,
460,sched_dep_time,,MV,missing_value,缺失值：缺失哨兵(空串/NaN/empty 等),,
462,sched_dep_time,,MV,missing_value,缺失值：缺失哨兵(空串/NaN/empty 等),,
465,sched_dep_time,,MV,missing_value,缺失值：缺失哨兵(空串/NaN/empty 等),,
466,sched_dep_time,,MV,missing_value,缺失值：缺失哨兵(空串/NaN/empty 等),,
469,sched_dep_time,,MV,missing_value,缺失值：缺失哨兵(空串/NaN/empty 等),,
470,sched_dep_time,,MV,missing_value,缺失值：缺失哨兵(空串/NaN/empty 等),,
471,sched_dep_time,,MV,missing_value,缺失值：缺失哨兵(空串/NaN/empty 等),,
474,sched_dep_time,,MV,missing_value,缺失值：缺失哨兵(空串/NaN/empty 等),,
475,sched_dep_time,,MV,missing_value,缺失值：缺失哨兵(空串/NaN/empty 等),,
477,sched_dep_time,,MV,missing_value,缺失值：缺失哨兵(空串/NaN/empty 等),,
478,sched_dep_time,,MV,missing_value,缺失值：缺失哨兵(空串/NaN/empty 等),,
483,sched_dep_time,,MV,missing_value,缺失值：缺失哨兵(空串/NaN/empty 等),,
487,sched_dep_time,,MV,missing_value,缺失值：缺失哨兵(空串/NaN/empty 等),,
489,sched_dep_time,,MV,missing_value,缺失值：缺失哨兵(空串/NaN/empty 等),,
491,sched_dep_time,,MV,missing_value,缺失值：缺失哨兵(空串/NaN/empty 等),,
492,sched_dep_time,,MV,missing_value,缺失值：缺失哨兵(空串/NaN/empty 等),,
496,sched_dep_time,,MV,missing_value,缺失值：缺失哨兵(空串/NaN/empty 等),,
503,sched_dep_time,,MV,missing_value,缺失值：缺失哨兵(空串/NaN/empty 等),,
505,sched_dep_time,,MV,missing_value,缺失值：缺失哨兵(空串/NaN/empty 等),,
506,sched_dep_time,,MV,missing_value,缺失值：缺失哨兵(空串/NaN/empty 等),,
509,sched_dep_time,,MV,missing_value,缺失值：缺失哨兵(空串/NaN/empty 等),,
510,sched_dep_time,,MV,missing_value,缺失值：缺失哨兵(空串/NaN/empty 等),,
511,sched_dep_time,,MV,missing_value,缺失值：缺失哨兵(空串/NaN/empty 等),,
512,sched_dep_time,,MV,missing_value,缺失值：缺失哨兵(空串/NaN/empty 等),,
513,sched_dep_time,,MV,missing_value,缺失值：缺失哨兵(空串/NaN/empty 等),,
514,sched_dep_time,,MV,missing_value,缺失值：缺失哨兵(空串/NaN/empty 等),,
520,sched_dep_time,,MV,missing_value,缺失值：缺失哨兵(空串/NaN/empty 等),,
522,sched_dep_time,,MV,missing_value,缺失值：缺失哨兵(空串/NaN/empty 等),,
525,sched_dep_time,,MV,missing_value,缺失值：缺失哨兵(空串/NaN/empty 等),,
529,sched_dep_time,,MV,missing_value,缺失值：缺失哨兵(空串/NaN/empty 等),,
630,sched_dep_time,,MV,missing_value,缺失值：缺失哨兵(空串/NaN/empty 等),,
633,sched_dep_time,,MV,missing_value,缺失值：缺失哨兵(空串/NaN/empty 等),,
637,sched_dep_time,,MV,missing_value,缺失值：缺失哨兵(空串/NaN/empty 等),,
638,sched_dep_time,,MV,missing_value,缺失值：缺失哨兵(空串/NaN/empty 等),,
640,sched_dep_time,,MV,missing_value,缺失值：缺失哨兵(空串/NaN/empty 等),,
641,sched_dep_time,,MV,missing_value,缺失值：缺失哨兵(空串/NaN/empty 等),,
643,sched_dep_time,,MV,missing_value,缺失值：缺失哨兵(空串/NaN/empty 等),,
644,sched_dep_time,,MV,missing_value,缺失值：缺失哨兵(空串/NaN/empty 等),,
646,sched_dep_time,,MV,missing_value,缺失值：缺失哨兵(空串/NaN/empty 等),,
649,sched_dep_time,,MV,missing_value,缺失值：缺失哨兵(空串/NaN/empty 等),,
650,sched_dep_time,,MV,missing_value,缺失值：缺失哨兵(空串/NaN/empty 等),,
651,sched_dep_time,,MV,missing_value,缺失值：缺失哨兵(空串/NaN/empty 等),,
652,sched_dep_time,,MV,missing_value,缺失值：缺失哨兵(空串/NaN/empty 等),,
654,sched_dep_time,,MV,missing_value,缺失值：缺失哨兵(空串/NaN/empty 等),,
657,sched_dep_time,,MV,missing_value,缺失值：缺失哨兵(空串/NaN/empty 等),,
658,sched_dep_time,,MV,missing_value,缺失值：缺失哨兵(空串/NaN/empty 等),,
661,sched_dep_time,,MV,missing_value,缺失值：缺失哨兵(空串/NaN/empty 等),,
662,sched_dep_time,,MV,missing_value,缺失值：缺失哨兵(空串/NaN/empty 等),,
663,sched_dep_time,,MV,missing_value,缺失值：缺失哨兵(空串/NaN/empty 等),,
666,sched_dep_time,,MV,missing_value,缺失值：缺失哨兵(空串/NaN/empty 等),,
667,sched_dep_time,,MV,missing_value,缺失值：缺失哨兵(空串/NaN/empty 等),,
669,sched_dep_time,,MV,missing_value,缺失值：缺失哨兵(空串/NaN/empty 等),,
670,sched_dep_time,,MV,missing_value,缺失值：缺失哨兵(空串/NaN/empty 等),,
675,sched_dep_time,,MV,missing_value,缺失值：缺失哨兵(空串/NaN/empty 等),,
679,sched_dep_time,,MV,missing_value,缺失值：缺失哨兵(空串/NaN/empty 等),,
681,sched_dep_time,,MV,missing_value,缺失值：缺失哨兵(空串/NaN/empty 等),,
683,sched_dep_time,,MV,missing_value,缺失值：缺失哨兵(空串/NaN/empty 等),,
684,sched_dep_time,,MV,missing_value,缺失值：缺失哨兵(空串/NaN/empty 等),,
688,sched_dep_time,,MV,missing_value,缺失值：缺失哨兵(空串/NaN/empty 等),,
695,sched_dep_time,,MV,missing_value,缺失值：缺失哨兵(空串/NaN/empty 等),,
697,sched_dep_time,,MV,missing_value,缺失值：缺失哨兵(空串/NaN/empty 等),,
698,sched_dep_time,,MV,missing_value,缺失值：缺失哨兵(空串/NaN/empty 等),,
701,sched_dep_time,,MV,missing_value,缺失值：缺失哨兵(空串/NaN/empty 等),,
702,sched_dep_time,,MV,missing_value,缺失值：缺失哨兵(空串/NaN/empty 等),,
703,sched_dep_time,,MV,missing_value,缺失值：缺失哨兵(空串/NaN/empty 等),,
704,sched_dep_time,,MV,missing_value,缺失值：缺失哨兵(空串/NaN/empty 等),,
705,sched_dep_time,,MV,missing_value,缺失值：缺失哨兵(空串/NaN/empty 等),,
706,sched_dep_time,,MV,missing_value,缺失值：缺失哨兵(空串/NaN/empty 等),,
712,sched_dep_time,,MV,missing_value,缺失值：缺失哨兵(空串/NaN/empty 等),,
714,sched_dep_time,,MV,missing_value,缺失值：缺失哨兵(空串/NaN/empty 等),,
717,sched_dep_time,,MV,missing_value,缺失值：缺失哨兵(空串/NaN/empty 等),,
721,sched_dep_time,,MV,missing_value,缺失值：缺失哨兵(空串/NaN/empty 等),,
729,sched_dep_time,,MV,missing_value,缺失值：缺失哨兵(空串/NaN/empty 等),,
730,sched_dep_time,,MV,missing_value,缺失值：缺失哨兵(空串/NaN/empty 等),,
731,sched_dep_time,,MV,missing_value,缺失值：缺失哨兵(空串/NaN/empty 等),,
732,sched_dep_time,,MV,missing_value,缺失值：缺失哨兵(空串/NaN/empty 等),,
733,sched_dep_time,,MV,missing_value,缺失值：缺失哨兵(空串/NaN/empty 等),,
735,sched_dep_time,,MV,missing_value,缺失值：缺失哨兵(空串/NaN/empty 等),,
736,sched_dep_time,,MV,missing_value,缺失值：缺失哨兵(空串/NaN/empty 等),,
738,sched_dep_time,,MV,missing_value,缺失值：缺失哨兵(空串/NaN/empty 等),,
739,sched_dep_time,,MV,missing_value,缺失值：缺失哨兵(空串/NaN/empty 等),,
740,sched_dep_time,,MV,missing_value,缺失值：缺失哨兵(空串/NaN/empty 等),,
741,sched_dep_time,,MV,missing_value,缺失值：缺失哨兵(空串/NaN/empty 等),,
742,sched_dep_time,,MV,missing_value,缺失值：缺失哨兵(空串/NaN/empty 等),,
743,sched_dep_time,,MV,missing_value,缺失值：缺失哨兵(空串/NaN/empty 等),,
744,sched_dep_time,,MV,missing_value,缺失值：缺失哨兵(空串/NaN/empty 等),,
745,sched_dep_time,,MV,missing_value,缺失值：缺失哨兵(空串/NaN/empty 等),,
746,sched_dep_time,,MV,missing_value,缺失值：缺失哨兵(空串/NaN/empty 等),,
747,sched_dep_time,,MV,missing_value,缺失值：缺失哨兵(空串/NaN/empty 等),,
748,sched_dep_time,,MV,missing_value,缺失值：缺失哨兵(空串/NaN/empty 等),,
749,sched_dep_time,,MV,missing_value,缺失值：缺失哨兵(空串/NaN/empty 等),,
750,sched_dep_time,,MV,missing_value,缺失值：缺失哨兵(空串/NaN/empty 等),,
751,sched_dep_time,,MV,missing_value,缺失值：缺失哨兵(空串/NaN/empty 等),,
752,sched_dep_time,,MV,missing_value,缺失值：缺失哨兵(空串/NaN/empty 等),,
753,sched_dep_time,,MV,missing_value,缺失值：缺失哨兵(空串/NaN/empty 等),,
754,sched_dep_time,,MV,missing_value,缺失值：缺失哨兵(空串/NaN/empty 等),,
755,sched_dep_time,,MV,missing_value,缺失值：缺失哨兵(空串/NaN/empty 等),,
757,sched_dep_time,,MV,missing_value,缺失值：缺失哨兵(空串/NaN/empty 等),,
758,sched_dep_time,,MV,missing_value,缺失值：缺失哨兵(空串/NaN/empty 等),,
759,sched_dep_time,,MV,missing_value,缺失值：缺失哨兵(空串/NaN/empty 等),,
760,sched_dep_time,,MV,missing_value,缺失值：缺失哨兵(空串/NaN/empty 等),,
761,sched_dep_time,,MV,missing_value,缺失值：缺失哨兵(空串/NaN/empty 等),,
762,sched_dep_time,,MV,missing_value,缺失值：缺失哨兵(空串/NaN/empty 等),,
763,sched_dep_time,,MV,missing_value,缺失值：缺失哨兵(空串/NaN/empty 等),,
764,sched_dep_time,,MV,missing_value,缺失值：缺失哨兵(空串/NaN/empty 等),,
765,sched_dep_time,,MV,missing_value,缺失值：缺失哨兵(空串/NaN/empty 等),,
766,sched_dep_time,,MV,missing_value,缺失值：缺失哨兵(空串/NaN/empty 等),,
767,sched_dep_time,,MV,missing_value,缺失值：缺失哨兵(空串/NaN/empty 等),,
768,sched_dep_time,,MV,missing_value,缺失值：缺失哨兵(空串/NaN/empty 等),,
769,sched_dep_time,,MV,missing_value,缺失值：缺失哨兵(空串/NaN/empty 等),,
770,sched_dep_time,,MV,missing_value,缺失值：缺失哨兵(空串/NaN/empty 等),,
774,sched_dep_time,,MV,missing_value,缺失值：缺失哨兵(空串/NaN/empty 等),,
775,sched_dep_time,,MV,missing_value,缺失值：缺失哨兵(空串/NaN/empty 等),,
776,sched_dep_time,,MV,missing_value,缺失值：缺失哨兵(空串/NaN/empty 等),,
778,sched_dep_time,,MV,missing_value,缺失值：缺失哨兵(空串/NaN/empty 等),,
780,sched_dep_time,,MV,missing_value,缺失值：缺失哨兵(空串/NaN/empty 等),,
781,sched_dep_time,,MV,missing_value,缺失值：缺失哨兵(空串/NaN/empty 等),,
782,sched_dep_time,,MV,missing_value,缺失值：缺失哨兵(空串/NaN/empty 等),,
784,sched_dep_time,,MV,missing_value,缺失值：缺失哨兵(空串/NaN/empty 等),,
785,sched_dep_time,,MV,missing_value,缺失值：缺失哨兵(空串/NaN/empty 等),,
786,sched_dep_time,,MV,missing_value,缺失值：缺失哨兵(空串/NaN/empty 等),,
787,sched_dep_time,,MV,missing_value,缺失值：缺失哨兵(空串/NaN/empty 等),,
788,sched_dep_time,,MV,missing_value,缺失值：缺失哨兵(空串/NaN/empty 等),,
789,sched_dep_time,,MV,missing_value,缺失值：缺失哨兵(空串/NaN/empty 等),,
790,sched_dep_time,,MV,missing_value,缺失值：缺失哨兵(空串/NaN/empty 等),,
791,sched_dep_time,,MV,missing_value,缺失值：缺失哨兵(空串/NaN/empty 等),,
792,sched_dep_time,,MV,missing_value,缺失值：缺失哨兵(空串/NaN/empty 等),,
793,sched_dep_time,,MV,missing_value,缺失值：缺失哨兵(空串/NaN/empty 等),,
794,sched_dep_time,,MV,missing_value,缺失值：缺失哨兵(空串/NaN/empty 等),,
795,sched_dep_time,,MV,missing_value,缺失值：缺失哨兵(空串/NaN/empty 等),,
796,sched_dep_time,,MV,missing_value,缺失值：缺失哨兵(空串/NaN/empty 等),,
803,sched_dep_time,,MV,missing_value,缺失值：缺失哨兵(空串/NaN/empty 等),,
804,sched_dep_time,,MV,missing_value,缺失值：缺失哨兵(空串/NaN/empty 等),,
805,sched_dep_time,,MV,missing_value,缺失值：缺失哨兵(空串/NaN/empty 等),,
806,sched_dep_time,,MV,missing_value,缺失值：缺失哨兵(空串/NaN/empty 等),,
807,sched_dep_time,,MV,missing_value,缺失值：缺失哨兵(空串/NaN/empty 等),,
808,sched_dep_time,Thu  20:00,FI,regex,列值主要为 12 小时制时间格式，可选 AM/PM 及带括号的时区偏移，少数异常值将被标记,,
809,sched_dep_time,,MV,missing_value,缺失值：缺失哨兵(空串/NaN/empty 等),,
810,sched_dep_time,,MV,missing_value,缺失值：缺失哨兵(空串/NaN/empty 等),,
812,sched_dep_time,,MV,missing_value,缺失值：缺失哨兵(空串/NaN/empty 等),,
815,sched_dep_time,,MV,missing_value,缺失值：缺失哨兵(空串/NaN/empty 等),,
819,sched_dep_time,,MV,missing_value,缺失值：缺失哨兵(空串/NaN/empty 等),,
820,sched_dep_time,,MV,missing_value,缺失值：缺失哨兵(空串/NaN/empty 等),,
822,sched_dep_time,,MV,missing_value,缺失值：缺失哨兵(空串/NaN/empty 等),,
823,sched_dep_time,,MV,missing_value,缺失值：缺失哨兵(空串/NaN/empty 等),,
825,sched_dep_time,,MV,missing_value,缺失值：缺失哨兵(空串/NaN/empty 等),,
826,sched_dep_time,,MV,missing_value,缺失值：缺失哨兵(空串/NaN/empty 等),,
828,sched_dep_time,,MV,missing_value,缺失值：缺失哨兵(空串/NaN/empty 等),,
831,sched_dep_time,,MV,missing_value,缺失值：缺失哨兵(空串/NaN/empty 等),,
832,sched_dep_time,,MV,missing_value,缺失值：缺失哨兵(空串/NaN/empty 等),,
833,sched_dep_time,,MV,missing_value,缺失值：缺失哨兵(空串/NaN/empty 等),,
834,sched_dep_time,,MV,missing_value,缺失值：缺失哨兵(空串/NaN/empty 等),,
836,sched_dep_time,,MV,missing_value,缺失值：缺失哨兵(空串/NaN/empty 等),,
839,sched_dep_time,,MV,missing_value,缺失值：缺失哨兵(空串/NaN/empty 等),,
840,sched_dep_time,,MV,missing_value,缺失值：缺失哨兵(空串/NaN/empty 等),,
843,sched_dep_time,,MV,missing_value,缺失值：缺失哨兵(空串/NaN/empty 等),,
844,sched_dep_time,,MV,missing_value,缺失值：缺失哨兵(空串/NaN/empty 等),,
845,sched_dep_time,,MV,missing_value,缺失值：缺失哨兵(空串/NaN/empty 等),,
848,sched_dep_time,,MV,missing_value,缺失值：缺失哨兵(空串/NaN/empty 等),,
849,sched_dep_time,,MV,missing_value,缺失值：缺失哨兵(空串/NaN/empty 等),,
851,sched_dep_time,,MV,missing_value,缺失值：缺失哨兵(空串/NaN/empty 等),,
852,sched_dep_time,,MV,missing_value,缺失值：缺失哨兵(空串/NaN/empty 等),,
857,sched_dep_time,,MV,missing_value,缺失值：缺失哨兵(空串/NaN/empty 等),,
861,sched_dep_time,,MV,missing_value,缺失值：缺失哨兵(空串/NaN/empty 等),,
863,sched_dep_time,,MV,missing_value,缺失值：缺失哨兵(空串/NaN/empty 等),,
865,sched_dep_time,,MV,missing_value,缺失值：缺失哨兵(空串/NaN/empty 等),,
866,sched_dep_time,,MV,missing_value,缺失值：缺失哨兵(空串/NaN/empty 等),,
867,sched_dep_time,,MV,missing_value,缺失值：缺失哨兵(空串/NaN/empty 等),,
870,sched_dep_time,,MV,missing_value,缺失值：缺失哨兵(空串/NaN/empty 等),,
877,sched_dep_time,,MV,missing_value,缺失值：缺失哨兵(空串/NaN/empty 等),,
879,sched_dep_time,,MV,missing_value,缺失值：缺失哨兵(空串/NaN/empty 等),,
880,sched_dep_time,,MV,missing_value,缺失值：缺失哨兵(空串/NaN/empty 等),,
883,sched_dep_time,,MV,missing_value,缺失值：缺失哨兵(空串/NaN/empty 等),,
884,sched_dep_time,,MV,missing_value,缺失值：缺失哨兵(空串/NaN/empty 等),,
885,sched_dep_time,,MV,missing_value,缺失值：缺失哨兵(空串/NaN/empty 等),,
886,sched_dep_time,,MV,missing_value,缺失值：缺失哨兵(空串/NaN/empty 等),,
887,sched_dep_time,,MV,missing_value,缺失值：缺失哨兵(空串/NaN/empty 等),,
888,sched_dep_time,,MV,missing_value,缺失值：缺失哨兵(空串/NaN/empty 等),,
894,sched_dep_time,,MV,missing_value,缺失值：缺失哨兵(空串/NaN/empty 等),,
896,sched_dep_time,,MV,missing_value,缺失值：缺失哨兵(空串/NaN/empty 等),,
899,sched_dep_time,,MV,missing_value,缺失值：缺失哨兵(空串/NaN/empty 等),,
903,sched_dep_time,,MV,missing_value,缺失值：缺失哨兵(空串/NaN/empty 等),,
914,sched_dep_time,,MV,missing_value,缺失值：缺失哨兵(空串/NaN/empty 等),,
917,sched_dep_time,,MV,missing_value,缺失值：缺失哨兵(空串/NaN/empty 等),,
925,sched_dep_time,,MV,missing_value,缺失值：缺失哨兵(空串/NaN/empty 等),,
926,sched_dep_time,,MV,missing_value,缺失值：缺失哨兵(空串/NaN/empty 等),,
935,sched_dep_time,,MV,missing_value,缺失值：缺失哨兵(空串/NaN/empty 等),,
938,sched_dep_time,,MV,missing_value,缺失值：缺失哨兵(空串/NaN/empty 等),,
950,sched_dep_time,,MV,missing_value,缺失值：缺失哨兵(空串/NaN/empty 等),,
952,sched_dep_time,,MV,missing_value,缺失值：缺失哨兵(空串/NaN/empty 等),,
953,sched_dep_time,,MV,missing_value,缺失值：缺失哨兵(空串/NaN/empty 等),,
960,sched_dep_time,,MV,missing_value,缺失值：缺失哨兵(空串/NaN/empty 等),,
964,sched_dep_time,,MV,missing_value,缺失值：缺失哨兵(空串/NaN/empty 等),,
991,sched_dep_time,Not Available,FI,regex,列值主要为 12 小时制时间格式，可选 AM/PM 及带括号的时区偏移，少数异常值将被标记,,
992,sched_dep_time,Not Available,FI,regex,列值主要为 12 小时制时间格式，可选 AM/PM 及带括号的时区偏移，少数异常值将被标记,,
995,sched_dep_time,12:00noon,FI,regex,列值主要为 12 小时制时间格式，可选 AM/PM 及带括号的时区偏移，少数异常值将被标记,,
999,sched_dep_time,Not Available,FI,regex,列值主要为 12 小时制时间格式，可选 AM/PM 及带括号的时区偏移，少数异常值将被标记,,
1003,sched_dep_time,Not Available,FI,regex,列值主要为 12 小时制时间格式，可选 AM/PM 及带括号的时区偏移，少数异常值将被标记,,
1018,sched_dep_time,12:00noon,FI,regex,列值主要为 12 小时制时间格式，可选 AM/PM 及带括号的时区偏移，少数异常值将被标记,,
1026,sched_dep_time,Not Available,FI,regex,列值主要为 12 小时制时间格式，可选 AM/PM 及带括号的时区偏移，少数异常值将被标记,,
1034,sched_dep_time,Not Available,FI,regex,列值主要为 12 小时制时间格式，可选 AM/PM 及带括号的时区偏移，少数异常值将被标记,,
1041,sched_dep_time,Not Available,FI,regex,列值主要为 12 小时制时间格式，可选 AM/PM 及带括号的时区偏移，少数异常值将被标记,,
1042,sched_dep_time,Not Available,FI,regex,列值主要为 12 小时制时间格式，可选 AM/PM 及带括号的时区偏移，少数异常值将被标记,,
1045,sched_dep_time,Not Available,FI,regex,列值主要为 12 小时制时间格式，可选 AM/PM 及带括号的时区偏移，少数异常值将被标记,,
1046,sched_dep_time,Not Available,FI,regex,列值主要为 12 小时制时间格式，可选 AM/PM 及带括号的时区偏移，少数异常值将被标记,,
1058,sched_dep_time,Not Available,FI,regex,列值主要为 12 小时制时间格式，可选 AM/PM 及带括号的时区偏移，少数异常值将被标记,,
1071,sched_dep_time,,MV,missing_value,缺失值：缺失哨兵(空串/NaN/empty 等),,
1074,sched_dep_time,,MV,missing_value,缺失值：缺失哨兵(空串/NaN/empty 等),,
1078,sched_dep_time,,MV,missing_value,缺失值：缺失哨兵(空串/NaN/empty 等),,
1079,sched_dep_time,,MV,missing_value,缺失值：缺失哨兵(空串/NaN/empty 等),,
1081,sched_dep_time,,MV,missing_value,缺失值：缺失哨兵(空串/NaN/empty 等),,
1082,sched_dep_time,,MV,missing_value,缺失值：缺失哨兵(空串/NaN/empty 等),,
1084,sched_dep_time,,MV,missing_value,缺失值：缺失哨兵(空串/NaN/empty 等),,
1085,sched_dep_time,,MV,missing_value,缺失值：缺失哨兵(空串/NaN/empty 等),,
1087,sched_dep_time,,MV,missing_value,缺失值：缺失哨兵(空串/NaN/empty 等),,
1090,sched_dep_time,,MV,missing_value,缺失值：缺失哨兵(空串/NaN/empty 等),,
1091,sched_dep_time,,MV,missing_value,缺失值：缺失哨兵(空串/NaN/empty 等),,
1092,sched_dep_time,,MV,missing_value,缺失值：缺失哨兵(空串/NaN/empty 等),,
1093,sched_dep_time,,MV,missing_value,缺失值：缺失哨兵(空串/NaN/empty 等),,
1095,sched_dep_time,,MV,missing_value,缺失值：缺失哨兵(空串/NaN/empty 等),,
1098,sched_dep_time,,MV,missing_value,缺失值：缺失哨兵(空串/NaN/empty 等),,
1099,sched_dep_time,,MV,missing_value,缺失值：缺失哨兵(空串/NaN/empty 等),,
1102,sched_dep_time,,MV,missing_value,缺失值：缺失哨兵(空串/NaN/empty 等),,
1103,sched_dep_time,,MV,missing_value,缺失值：缺失哨兵(空串/NaN/empty 等),,
1104,sched_dep_time,,MV,missing_value,缺失值：缺失哨兵(空串/NaN/empty 等),,
1107,sched_dep_time,,MV,missing_value,缺失值：缺失哨兵(空串/NaN/empty 等),,
1108,sched_dep_time,,MV,missing_value,缺失值：缺失哨兵(空串/NaN/empty 等),,
1110,sched_dep_time,,MV,missing_value,缺失值：缺失哨兵(空串/NaN/empty 等),,
1111,sched_dep_time,,MV,missing_value,缺失值：缺失哨兵(空串/NaN/empty 等),,
1116,sched_dep_time,,MV,missing_value,缺失值：缺失哨兵(空串/NaN/empty 等),,
1120,sched_dep_time,,MV,missing_value,缺失值：缺失哨兵(空串/NaN/empty 等),,
1122,sched_dep_time,,MV,missing_value,缺失值：缺失哨兵(空串/NaN/empty 等),,
1124,sched_dep_time,,MV,missing_value,缺失值：缺失哨兵(空串/NaN/empty 等),,
1125,sched_dep_time,,MV,missing_value,缺失值：缺失哨兵(空串/NaN/empty 等),,
1129,sched_dep_time,,MV,missing_value,缺失值：缺失哨兵(空串/NaN/empty 等),,
1136,sched_dep_time,,MV,missing_value,缺失值：缺失哨兵(空串/NaN/empty 等),,
1138,sched_dep_time,,MV,missing_value,缺失值：缺失哨兵(空串/NaN/empty 等),,
1139,sched_dep_time,,MV,missing_value,缺失值：缺失哨兵(空串/NaN/empty 等),,
1142,sched_dep_time,,MV,missing_value,缺失值：缺失哨兵(空串/NaN/empty 等),,
1143,sched_dep_time,,MV,missing_value,缺失值：缺失哨兵(空串/NaN/empty 等),,
1144,sched_dep_time,,MV,missing_value,缺失值：缺失哨兵(空串/NaN/empty 等),,
1145,sched_dep_time,,MV,missing_value,缺失值：缺失哨兵(空串/NaN/empty 等),,
1146,sched_dep_time,,MV,missing_value,缺失值：缺失哨兵(空串/NaN/empty 等),,
1147,sched_dep_time,,MV,missing_value,缺失值：缺失哨兵(空串/NaN/empty 等),,
1153,sched_dep_time,,MV,missing_value,缺失值：缺失哨兵(空串/NaN/empty 等),,
1155,sched_dep_time,,MV,missing_value,缺失值：缺失哨兵(空串/NaN/empty 等),,
1158,sched_dep_time,,MV,missing_value,缺失值：缺失哨兵(空串/NaN/empty 等),,
1162,sched_dep_time,,MV,missing_value,缺失值：缺失哨兵(空串/NaN/empty 等),,
1172,sched_dep_time,,MV,missing_value,缺失值：缺失哨兵(空串/NaN/empty 等),,
1175,sched_dep_time,,MV,missing_value,缺失值：缺失哨兵(空串/NaN/empty 等),,
1176,sched_dep_time,,MV,missing_value,缺失值：缺失哨兵(空串/NaN/empty 等),,
1179,sched_dep_time,,MV,missing_value,缺失值：缺失哨兵(空串/NaN/empty 等),,
1186,sched_dep_time,,MV,missing_value,缺失值：缺失哨兵(空串/NaN/empty 等),,
1193,sched_dep_time,,MV,missing_value,缺失值：缺失哨兵(空串/NaN/empty 等),,
1202,sched_dep_time,,MV,missing_value,缺失值：缺失哨兵(空串/NaN/empty 等),,
1203,sched_dep_time,,MV,missing_value,缺失值：缺失哨兵(空串/NaN/empty 等),,
1206,sched_dep_time,,MV,missing_value,缺失值：缺失哨兵(空串/NaN/empty 等),,
1207,sched_dep_time,,MV,missing_value,缺失值：缺失哨兵(空串/NaN/empty 等),,
1208,sched_dep_time,,MV,missing_value,缺失值：缺失哨兵(空串/NaN/empty 等),,
1223,sched_dep_time,,MV,missing_value,缺失值：缺失哨兵(空串/NaN/empty 等),,
1225,sched_dep_time,,MV,missing_value,缺失值：缺失哨兵(空串/NaN/empty 等),,
1226,sched_dep_time,,MV,missing_value,缺失值：缺失哨兵(空串/NaN/empty 等),,
1227,sched_dep_time,,MV,missing_value,缺失值：缺失哨兵(空串/NaN/empty 等),,
1228,sched_dep_time,,MV,missing_value,缺失值：缺失哨兵(空串/NaN/empty 等),,
1229,sched_dep_time,,MV,missing_value,缺失值：缺失哨兵(空串/NaN/empty 等),,
1231,sched_dep_time,,MV,missing_value,缺失值：缺失哨兵(空串/NaN/empty 等),,
1232,sched_dep_time,,MV,missing_value,缺失值：缺失哨兵(空串/NaN/empty 等),,
1233,sched_dep_time,,MV,missing_value,缺失值：缺失哨兵(空串/NaN/empty 等),,
1234,sched_dep_time,,MV,missing_value,缺失值：缺失哨兵(空串/NaN/empty 等),,
1236,sched_dep_time,,MV,missing_value,缺失值：缺失哨兵(空串/NaN/empty 等),,
1239,sched_dep_time,,MV,missing_value,缺失值：缺失哨兵(空串/NaN/empty 等),,
1240,sched_dep_time,,MV,missing_value,缺失值：缺失哨兵(空串/NaN/empty 等),,
1241,sched_dep_time,,MV,missing_value,缺失值：缺失哨兵(空串/NaN/empty 等),,
1242,sched_dep_time,,MV,missing_value,缺失值：缺失哨兵(空串/NaN/empty 等),,
1243,sched_dep_time,,MV,missing_value,缺失值：缺失哨兵(空串/NaN/empty 等),,
1246,sched_dep_time,,MV,missing_value,缺失值：缺失哨兵(空串/NaN/empty 等),,
1247,sched_dep_time,,MV,missing_value,缺失值：缺失哨兵(空串/NaN/empty 等),,
1249,sched_dep_time,,MV,missing_value,缺失值：缺失哨兵(空串/NaN/empty 等),,
1250,sched_dep_time,,MV,missing_value,缺失值：缺失哨兵(空串/NaN/empty 等),,
1253,sched_dep_time,,MV,missing_value,缺失值：缺失哨兵(空串/NaN/empty 等),,
1254,sched_dep_time,,MV,missing_value,缺失值：缺失哨兵(空串/NaN/empty 等),,
1255,sched_dep_time,,MV,missing_value,缺失值：缺失哨兵(空串/NaN/empty 等),,
1256,sched_dep_time,,MV,missing_value,缺失值：缺失哨兵(空串/NaN/empty 等),,
1257,sched_dep_time,,MV,missing_value,缺失值：缺失哨兵(空串/NaN/empty 等),,
1258,sched_dep_time,,MV,missing_value,缺失值：缺失哨兵(空串/NaN/empty 等),,
1259,sched_dep_time,,MV,missing_value,缺失值：缺失哨兵(空串/NaN/empty 等),,
1262,sched_dep_time,,MV,missing_value,缺失值：缺失哨兵(空串/NaN/empty 等),,
1263,sched_dep_time,,MV,missing_value,缺失值：缺失哨兵(空串/NaN/empty 等),,
1265,sched_dep_time,,MV,missing_value,缺失值：缺失哨兵(空串/NaN/empty 等),,
1266,sched_dep_time,,MV,missing_value,缺失值：缺失哨兵(空串/NaN/empty 等),,
1267,sched_dep_time,,MV,missing_value,缺失值：缺失哨兵(空串/NaN/empty 等),,
1268,sched_dep_time,,MV,missing_value,缺失值：缺失哨兵(空串/NaN/empty 等),,
1270,sched_dep_time,,MV,missing_value,缺失值：缺失哨兵(空串/NaN/empty 等),,
1272,sched_dep_time,,MV,missing_value,缺失值：缺失哨兵(空串/NaN/empty 等),,
1273,sched_dep_time,,MV,missing_value,缺失值：缺失哨兵(空串/NaN/empty 等),,
1274,sched_dep_time,,MV,missing_value,缺失值：缺失哨兵(空串/NaN/empty 等),,
1275,sched_dep_time,,MV,missing_value,缺失值：缺失哨兵(空串/NaN/empty 等),,
1276,sched_dep_time,,MV,missing_value,缺失值：缺失哨兵(空串/NaN/empty 等),,
1277,sched_dep_time,,MV,missing_value,缺失值：缺失哨兵(空串/NaN/empty 等),,
1278,sched_dep_time,,MV,missing_value,缺失值：缺失哨兵(空串/NaN/empty 等),,
1280,sched_dep_time,,MV,missing_value,缺失值：缺失哨兵(空串/NaN/empty 等),,
1281,sched_dep_time,,MV,missing_value,缺失值：缺失哨兵(空串/NaN/empty 等),,
1282,sched_dep_time,,MV,missing_value,缺失值：缺失哨兵(空串/NaN/empty 等),,
1283,sched_dep_time,,MV,missing_value,缺失值：缺失哨兵(空串/NaN/empty 等),,
1285,sched_dep_time,,MV,missing_value,缺失值：缺失哨兵(空串/NaN/empty 等),,
1286,sched_dep_time,,MV,missing_value,缺失值：缺失哨兵(空串/NaN/empty 等),,
1287,sched_dep_time,,MV,missing_value,缺失值：缺失哨兵(空串/NaN/empty 等),,
1288,sched_dep_time,,MV,missing_value,缺失值：缺失哨兵(空串/NaN/empty 等),,
1289,sched_dep_time,,MV,missing_value,缺失值：缺失哨兵(空串/NaN/empty 等),,
1290,sched_dep_time,,MV,missing_value,缺失值：缺失哨兵(空串/NaN/empty 等),,
1291,sched_dep_time,,MV,missing_value,缺失值：缺失哨兵(空串/NaN/empty 等),,
1292,sched_dep_time,,MV,missing_value,缺失值：缺失哨兵(空串/NaN/empty 等),,
1294,sched_dep_time,,MV,missing_value,缺失值：缺失哨兵(空串/NaN/empty 等),,
1296,sched_dep_time,,MV,missing_value,缺失值：缺失哨兵(空串/NaN/empty 等),,
1297,sched_dep_time,,MV,missing_value,缺失值：缺失哨兵(空串/NaN/empty 等),,
1298,sched_dep_time,,MV,missing_value,缺失值：缺失哨兵(空串/NaN/empty 等),,
1299,sched_dep_time,,MV,missing_value,缺失值：缺失哨兵(空串/NaN/empty 等),,
1300,sched_dep_time,,MV,missing_value,缺失值：缺失哨兵(空串/NaN/empty 等),,
1303,sched_dep_time,,MV,missing_value,缺失值：缺失哨兵(空串/NaN/empty 等),,
1304,sched_dep_time,,MV,missing_value,缺失值：缺失哨兵(空串/NaN/empty 等),,
1305,sched_dep_time,,MV,missing_value,缺失值：缺失哨兵(空串/NaN/empty 等),,
1306,sched_dep_time,,MV,missing_value,缺失值：缺失哨兵(空串/NaN/empty 等),,
1307,sched_dep_time,,MV,missing_value,缺失值：缺失哨兵(空串/NaN/empty 等),,
1309,sched_dep_time,,MV,missing_value,缺失值：缺失哨兵(空串/NaN/empty 等),,
1310,sched_dep_time,,MV,missing_value,缺失值：缺失哨兵(空串/NaN/empty 等),,
1311,sched_dep_time,,MV,missing_value,缺失值：缺失哨兵(空串/NaN/empty 等),,
1312,sched_dep_time,,MV,missing_value,缺失值：缺失哨兵(空串/NaN/empty 等),,
1313,sched_dep_time,,MV,missing_value,缺失值：缺失哨兵(空串/NaN/empty 等),,
1314,sched_dep_time,,MV,missing_value,缺失值：缺失哨兵(空串/NaN/empty 等),,
1316,sched_dep_time,,MV,missing_value,缺失值：缺失哨兵(空串/NaN/empty 等),,
1317,sched_dep_time,,MV,missing_value,缺失值：缺失哨兵(空串/NaN/empty 等),,
1318,sched_dep_time,,MV,missing_value,缺失值：缺失哨兵(空串/NaN/empty 等),,
1320,sched_dep_time,,MV,missing_value,缺失值：缺失哨兵(空串/NaN/empty 等),,
1321,sched_dep_time,,MV,missing_value,缺失值：缺失哨兵(空串/NaN/empty 等),,
1322,sched_dep_time,,MV,missing_value,缺失值：缺失哨兵(空串/NaN/empty 等),,
1323,sched_dep_time,7:10aDec 1,FI,regex,列值主要为 12 小时制时间格式，可选 AM/PM 及带括号的时区偏移，少数异常值将被标记,,
1325,sched_dep_time,6:40aDec 1,FI,regex,列值主要为 12 小时制时间格式，可选 AM/PM 及带括号的时区偏移，少数异常值将被标记,,
1326,sched_dep_time,8:19aDec 1,FI,regex,列值主要为 12 小时制时间格式，可选 AM/PM 及带括号的时区偏移，少数异常值将被标记,,
1327,sched_dep_time,8:41aDec 1,FI,regex,列值主要为 12 小时制时间格式，可选 AM/PM 及带括号的时区偏移，少数异常值将被标记,,
1331,sched_dep_time,11:25aDec 1,FI,regex,列值主要为 12 小时制时间格式，可选 AM/PM 及带括号的时区偏移，少数异常值将被标记,,
1332,sched_dep_time,10:39aDec 1,FI,regex,列值主要为 12 小时制时间格式，可选 AM/PM 及带括号的时区偏移，少数异常值将被标记,,
1334,sched_dep_time,6:14aDec 1,FI,regex,列值主要为 12 小时制时间格式，可选 AM/PM 及带括号的时区偏移，少数异常值将被标记,,
1335,sched_dep_time,12:30aDec 1,FI,regex,列值主要为 12 小时制时间格式，可选 AM/PM 及带括号的时区偏移，少数异常值将被标记,,
1337,sched_dep_time,7:35aDec 1,FI,regex,列值主要为 12 小时制时间格式，可选 AM/PM 及带括号的时区偏移，少数异常值将被标记,,
1338,sched_dep_time,9:45aDec 1,FI,regex,列值主要为 12 小时制时间格式，可选 AM/PM 及带括号的时区偏移，少数异常值将被标记,,
1339,sched_dep_time,10:00aDec 1,FI,regex,列值主要为 12 小时制时间格式，可选 AM/PM 及带括号的时区偏移，少数异常值将被标记,,
1340,sched_dep_time,8:15aDec 1,FI,regex,列值主要为 12 小时制时间格式，可选 AM/PM 及带括号的时区偏移，少数异常值将被标记,,
1341,sched_dep_time,7:00aDec 1,FI,regex,列值主要为 12 小时制时间格式，可选 AM/PM 及带括号的时区偏移，少数异常值将被标记,,
1343,sched_dep_time,10:45aDec 1,FI,regex,列值主要为 12 小时制时间格式，可选 AM/PM 及带括号的时区偏移，少数异常值将被标记,,
1345,sched_dep_time,8:05aDec 1,FI,regex,列值主要为 12 小时制时间格式，可选 AM/PM 及带括号的时区偏移，少数异常值将被标记,,
1347,sched_dep_time,11:50aDec 1,FI,regex,列值主要为 12 小时制时间格式，可选 AM/PM 及带括号的时区偏移，少数异常值将被标记,,
1348,sched_dep_time,11:40aDec 1,FI,regex,列值主要为 12 小时制时间格式，可选 AM/PM 及带括号的时区偏移，少数异常值将被标记,,
1349,sched_dep_time,6:00aDec 1,FI,regex,列值主要为 12 小时制时间格式，可选 AM/PM 及带括号的时区偏移，少数异常值将被标记,,
1350,sched_dep_time,11:05aDec 1,FI,regex,列值主要为 12 小时制时间格式，可选 AM/PM 及带括号的时区偏移，少数异常值将被标记,,
1351,sched_dep_time,6:00aDec 1,FI,regex,列值主要为 12 小时制时间格式，可选 AM/PM 及带括号的时区偏移，少数异常值将被标记,,
1352,sched_dep_time,8:40aDec 1,FI,regex,列值主要为 12 小时制时间格式，可选 AM/PM 及带括号的时区偏移，少数异常值将被标记,,
1353,sched_dep_time,10:15aDec 1,FI,regex,列值主要为 12 小时制时间格式，可选 AM/PM 及带括号的时区偏移，少数异常值将被标记,,
1355,sched_dep_time,7:53aDec 1,FI,regex,列值主要为 12 小时制时间格式，可选 AM/PM 及带括号的时区偏移，少数异常值将被标记,,
1357,sched_dep_time,11:45aDec 1,FI,regex,列值主要为 12 小时制时间格式，可选 AM/PM 及带括号的时区偏移，少数异常值将被标记,,
1362,sched_dep_time,10:40aDec 1,FI,regex,列值主要为 12 小时制时间格式，可选 AM/PM 及带括号的时区偏移，少数异常值将被标记,,
1365,sched_dep_time,7:15aDec 1,FI,regex,列值主要为 12 小时制时间格式，可选 AM/PM 及带括号的时区偏移，少数异常值将被标记,,
1370,sched_dep_time,9:15aDec 1,FI,regex,列值主要为 12 小时制时间格式，可选 AM/PM 及带括号的时区偏移，少数异常值将被标记,,
1371,sched_dep_time,6:00aDec 1,FI,regex,列值主要为 12 小时制时间格式，可选 AM/PM 及带括号的时区偏移，少数异常值将被标记,,
1372,sched_dep_time,7:10aDec 1,FI,regex,列值主要为 12 小时制时间格式，可选 AM/PM 及带括号的时区偏移，少数异常值将被标记,,
1377,sched_dep_time,10:25aDec 1,FI,regex,列值主要为 12 小时制时间格式，可选 AM/PM 及带括号的时区偏移，少数异常值将被标记,,
1378,sched_dep_time,7:05aDec 1,FI,regex,列值主要为 12 小时制时间格式，可选 AM/PM 及带括号的时区偏移，少数异常值将被标记,,
1379,sched_dep_time,10:40aDec 1,FI,regex,列值主要为 12 小时制时间格式，可选 AM/PM 及带括号的时区偏移，少数异常值将被标记,,
1387,sched_dep_time,6:59aDec 1,FI,regex,列值主要为 12 小时制时间格式，可选 AM/PM 及带括号的时区偏移，少数异常值将被标记,,
1388,sched_dep_time,8:35aDec 1,FI,regex,列值主要为 12 小时制时间格式，可选 AM/PM 及带括号的时区偏移，少数异常值将被标记,,
1391,sched_dep_time,7:35aDec 1,FI,regex,列值主要为 12 小时制时间格式，可选 AM/PM 及带括号的时区偏移，少数异常值将被标记,,
1395,sched_dep_time,11:15aDec 1,FI,regex,列值主要为 12 小时制时间格式，可选 AM/PM 及带括号的时区偏移，少数异常值将被标记,,
1399,sched_dep_time,8:55aDec 1,FI,regex,列值主要为 12 小时制时间格式，可选 AM/PM 及带括号的时区偏移，少数异常值将被标记,,
1402,sched_dep_time,7:15aDec 1,FI,regex,列值主要为 12 小时制时间格式，可选 AM/PM 及带括号的时区偏移，少数异常值将被标记,,
1404,sched_dep_time,7:55aDec 1,FI,regex,列值主要为 12 小时制时间格式，可选 AM/PM 及带括号的时区偏移，少数异常值将被标记,,
1405,sched_dep_time,9:05aDec 1,FI,regex,列值主要为 12 小时制时间格式，可选 AM/PM 及带括号的时区偏移，少数异常值将被标记,,
1407,sched_dep_time,8:35aDec 1,FI,regex,列值主要为 12 小时制时间格式，可选 AM/PM 及带括号的时区偏移，少数异常值将被标记,,
1409,sched_dep_time,7:30aDec 1,FI,regex,列值主要为 12 小时制时间格式，可选 AM/PM 及带括号的时区偏移，少数异常值将被标记,,
1410,sched_dep_time,11:25aDec 1,FI,regex,列值主要为 12 小时制时间格式，可选 AM/PM 及带括号的时区偏移，少数异常值将被标记,,
1412,sched_dep_time,11:35aDec 1,FI,regex,列值主要为 12 小时制时间格式，可选 AM/PM 及带括号的时区偏移，少数异常值将被标记,,
1413,sched_dep_time,7:25aDec 1,FI,regex,列值主要为 12 小时制时间格式，可选 AM/PM 及带括号的时区偏移，少数异常值将被标记,,
1415,sched_dep_time,11:55aDec 1,FI,regex,列值主要为 12 小时制时间格式，可选 AM/PM 及带括号的时区偏移，少数异常值将被标记,,
1416,sched_dep_time,10:40aDec 1,FI,regex,列值主要为 12 小时制时间格式，可选 AM/PM 及带括号的时区偏移，少数异常值将被标记,,
1417,sched_dep_time,6:45aDec 1,FI,regex,列值主要为 12 小时制时间格式，可选 AM/PM 及带括号的时区偏移，少数异常值将被标记,,
1419,sched_dep_time,6:00aDec 1,FI,regex,列值主要为 12 小时制时间格式，可选 AM/PM 及带括号的时区偏移，少数异常值将被标记,,
1420,sched_dep_time,7:10aDec 1,FI,regex,列值主要为 12 小时制时间格式，可选 AM/PM 及带括号的时区偏移，少数异常值将被标记,,
1421,sched_dep_time,7:10aDec 1,FI,regex,列值主要为 12 小时制时间格式，可选 AM/PM 及带括号的时区偏移，少数异常值将被标记,,
1422,sched_dep_time,,MV,missing_value,缺失值：缺失哨兵(空串/NaN/empty 等),,
1423,sched_dep_time,,MV,missing_value,缺失值：缺失哨兵(空串/NaN/empty 等),,
1425,sched_dep_time,,MV,missing_value,缺失值：缺失哨兵(空串/NaN/empty 等),,
1481,sched_dep_time,,MV,missing_value,缺失值：缺失哨兵(空串/NaN/empty 等),,
1482,sched_dep_time,,MV,missing_value,缺失值：缺失哨兵(空串/NaN/empty 等),,
1483,sched_dep_time,,MV,missing_value,缺失值：缺失哨兵(空串/NaN/empty 等),,
1484,sched_dep_time,,MV,missing_value,缺失值：缺失哨兵(空串/NaN/empty 等),,
1485,sched_dep_time,,MV,missing_value,缺失值：缺失哨兵(空串/NaN/empty 等),,
1486,sched_dep_time,,MV,missing_value,缺失值：缺失哨兵(空串/NaN/empty 等),,
1487,sched_dep_time,,MV,missing_value,缺失值：缺失哨兵(空串/NaN/empty 等),,
1489,sched_dep_time,,MV,missing_value,缺失值：缺失哨兵(空串/NaN/empty 等),,
1490,sched_dep_time,,MV,missing_value,缺失值：缺失哨兵(空串/NaN/empty 等),,
1491,sched_dep_time,,MV,missing_value,缺失值：缺失哨兵(空串/NaN/empty 等),,
1492,sched_dep_time,,MV,missing_value,缺失值：缺失哨兵(空串/NaN/empty 等),,
1493,sched_dep_time,,MV,missing_value,缺失值：缺失哨兵(空串/NaN/empty 等),,
1495,sched_dep_time,,MV,missing_value,缺失值：缺失哨兵(空串/NaN/empty 等),,
1496,sched_dep_time,,MV,missing_value,缺失值：缺失哨兵(空串/NaN/empty 等),,
1497,sched_dep_time,,MV,missing_value,缺失值：缺失哨兵(空串/NaN/empty 等),,
1498,sched_dep_time,,MV,missing_value,缺失值：缺失哨兵(空串/NaN/empty 等),,
1500,sched_dep_time,,MV,missing_value,缺失值：缺失哨兵(空串/NaN/empty 等),,
1503,sched_dep_time,,MV,missing_value,缺失值：缺失哨兵(空串/NaN/empty 等),,
1504,sched_dep_time,,MV,missing_value,缺失值：缺失哨兵(空串/NaN/empty 等),,
1505,sched_dep_time,,MV,missing_value,缺失值：缺失哨兵(空串/NaN/empty 等),,
1506,sched_dep_time,,MV,missing_value,缺失值：缺失哨兵(空串/NaN/empty 等),,
1507,sched_dep_time,,MV,missing_value,缺失值：缺失哨兵(空串/NaN/empty 等),,
1510,sched_dep_time,,MV,missing_value,缺失值：缺失哨兵(空串/NaN/empty 等),,
1511,sched_dep_time,,MV,missing_value,缺失值：缺失哨兵(空串/NaN/empty 等),,
1513,sched_dep_time,,MV,missing_value,缺失值：缺失哨兵(空串/NaN/empty 等),,
1514,sched_dep_time,,MV,missing_value,缺失值：缺失哨兵(空串/NaN/empty 等),,
1517,sched_dep_time,,MV,missing_value,缺失值：缺失哨兵(空串/NaN/empty 等),,
1518,sched_dep_time,,MV,missing_value,缺失值：缺失哨兵(空串/NaN/empty 等),,
1519,sched_dep_time,,MV,missing_value,缺失值：缺失哨兵(空串/NaN/empty 等),,
1520,sched_dep_time,,MV,missing_value,缺失值：缺失哨兵(空串/NaN/empty 等),,
1521,sched_dep_time,,MV,missing_value,缺失值：缺失哨兵(空串/NaN/empty 等),,
1522,sched_dep_time,,MV,missing_value,缺失值：缺失哨兵(空串/NaN/empty 等),,
1523,sched_dep_time,,MV,missing_value,缺失值：缺失哨兵(空串/NaN/empty 等),,
1526,sched_dep_time,,MV,missing_value,缺失值：缺失哨兵(空串/NaN/empty 等),,
1527,sched_dep_time,,MV,missing_value,缺失值：缺失哨兵(空串/NaN/empty 等),,
1529,sched_dep_time,,MV,missing_value,缺失值：缺失哨兵(空串/NaN/empty 等),,
1530,sched_dep_time,,MV,missing_value,缺失值：缺失哨兵(空串/NaN/empty 等),,
1531,sched_dep_time,,MV,missing_value,缺失值：缺失哨兵(空串/NaN/empty 等),,
1532,sched_dep_time,,MV,missing_value,缺失值：缺失哨兵(空串/NaN/empty 等),,
1534,sched_dep_time,,MV,missing_value,缺失值：缺失哨兵(空串/NaN/empty 等),,
1536,sched_dep_time,,MV,missing_value,缺失值：缺失哨兵(空串/NaN/empty 等),,
1537,sched_dep_time,,MV,missing_value,缺失值：缺失哨兵(空串/NaN/empty 等),,
1538,sched_dep_time,,MV,missing_value,缺失值：缺失哨兵(空串/NaN/empty 等),,
1539,sched_dep_time,,MV,missing_value,缺失值：缺失哨兵(空串/NaN/empty 等),,
1540,sched_dep_time,,MV,missing_value,缺失值：缺失哨兵(空串/NaN/empty 等),,
1541,sched_dep_time,,MV,missing_value,缺失值：缺失哨兵(空串/NaN/empty 等),,
1542,sched_dep_time,,MV,missing_value,缺失值：缺失哨兵(空串/NaN/empty 等),,
1544,sched_dep_time,,MV,missing_value,缺失值：缺失哨兵(空串/NaN/empty 等),,
1545,sched_dep_time,,MV,missing_value,缺失值：缺失哨兵(空串/NaN/empty 等),,
1546,sched_dep_time,,MV,missing_value,缺失值：缺失哨兵(空串/NaN/empty 等),,
1547,sched_dep_time,,MV,missing_value,缺失值：缺失哨兵(空串/NaN/empty 等),,
1549,sched_dep_time,,MV,missing_value,缺失值：缺失哨兵(空串/NaN/empty 等),,
1550,sched_dep_time,,MV,missing_value,缺失值：缺失哨兵(空串/NaN/empty 等),,
1551,sched_dep_time,,MV,missing_value,缺失值：缺失哨兵(空串/NaN/empty 等),,
1552,sched_dep_time,,MV,missing_value,缺失值：缺失哨兵(空串/NaN/empty 等),,
1553,sched_dep_time,,MV,missing_value,缺失值：缺失哨兵(空串/NaN/empty 等),,
1554,sched_dep_time,,MV,missing_value,缺失值：缺失哨兵(空串/NaN/empty 等),,
1555,sched_dep_time,,MV,missing_value,缺失值：缺失哨兵(空串/NaN/empty 等),,
1556,sched_dep_time,,MV,missing_value,缺失值：缺失哨兵(空串/NaN/empty 等),,
1558,sched_dep_time,,MV,missing_value,缺失值：缺失哨兵(空串/NaN/empty 等),,
1560,sched_dep_time,,MV,missing_value,缺失值：缺失哨兵(空串/NaN/empty 等),,
1561,sched_dep_time,,MV,missing_value,缺失值：缺失哨兵(空串/NaN/empty 等),,
1562,sched_dep_time,,MV,missing_value,缺失值：缺失哨兵(空串/NaN/empty 等),,
1563,sched_dep_time,,MV,missing_value,缺失值：缺失哨兵(空串/NaN/empty 等),,
1564,sched_dep_time,,MV,missing_value,缺失值：缺失哨兵(空串/NaN/empty 等),,
1567,sched_dep_time,,MV,missing_value,缺失值：缺失哨兵(空串/NaN/empty 等),,
1568,sched_dep_time,,MV,missing_value,缺失值：缺失哨兵(空串/NaN/empty 等),,
1569,sched_dep_time,,MV,missing_value,缺失值：缺失哨兵(空串/NaN/empty 等),,
1570,sched_dep_time,,MV,missing_value,缺失值：缺失哨兵(空串/NaN/empty 等),,
1571,sched_dep_time,,MV,missing_value,缺失值：缺失哨兵(空串/NaN/empty 等),,
1573,sched_dep_time,,MV,missing_value,缺失值：缺失哨兵(空串/NaN/empty 等),,
1574,sched_dep_time,,MV,missing_value,缺失值：缺失哨兵(空串/NaN/empty 等),,
1575,sched_dep_time,,MV,missing_value,缺失值：缺失哨兵(空串/NaN/empty 等),,
1576,sched_dep_time,,MV,missing_value,缺失值：缺失哨兵(空串/NaN/empty 等),,
1577,sched_dep_time,,MV,missing_value,缺失值：缺失哨兵(空串/NaN/empty 等),,
1578,sched_dep_time,,MV,missing_value,缺失值：缺失哨兵(空串/NaN/empty 等),,
1580,sched_dep_time,,MV,missing_value,缺失值：缺失哨兵(空串/NaN/empty 等),,
1581,sched_dep_time,,MV,missing_value,缺失值：缺失哨兵(空串/NaN/empty 等),,
1582,sched_dep_time,,MV,missing_value,缺失值：缺失哨兵(空串/NaN/empty 等),,
1584,sched_dep_time,,MV,missing_value,缺失值：缺失哨兵(空串/NaN/empty 等),,
1585,sched_dep_time,,MV,missing_value,缺失值：缺失哨兵(空串/NaN/empty 等),,
1586,sched_dep_time,,MV,missing_value,缺失值：缺失哨兵(空串/NaN/empty 等),,
1589,sched_dep_time,8:41aDec 1,FI,regex,列值主要为 12 小时制时间格式，可选 AM/PM 及带括号的时区偏移，少数异常值将被标记,,
1592,sched_dep_time,10:39aDec 1,FI,regex,列值主要为 12 小时制时间格式，可选 AM/PM 及带括号的时区偏移，少数异常值将被标记,,
1594,sched_dep_time,12:30aDec 1,FI,regex,列值主要为 12 小时制时间格式，可选 AM/PM 及带括号的时区偏移，少数异常值将被标记,,
1596,sched_dep_time,9:45aDec 1,FI,regex,列值主要为 12 小时制时间格式，可选 AM/PM 及带括号的时区偏移，少数异常值将被标记,,
1597,sched_dep_time,7:00aDec 1,FI,regex,列值主要为 12 小时制时间格式，可选 AM/PM 及带括号的时区偏移，少数异常值将被标记,,
1599,sched_dep_time,11:40aDec 1,FI,regex,列值主要为 12 小时制时间格式，可选 AM/PM 及带括号的时区偏移，少数异常值将被标记,,
1600,sched_dep_time,6:00aDec 1,FI,regex,列值主要为 12 小时制时间格式，可选 AM/PM 及带括号的时区偏移，少数异常值将被标记,,
1601,sched_dep_time,11:05aDec 1,FI,regex,列值主要为 12 小时制时间格式，可选 AM/PM 及带括号的时区偏移，少数异常值将被标记,,
1603,sched_dep_time,7:30aDec 1,FI,regex,列值主要为 12 小时制时间格式，可选 AM/PM 及带括号的时区偏移，少数异常值将被标记,,
1606,sched_dep_time,11:45aDec 1,FI,regex,列值主要为 12 小时制时间格式，可选 AM/PM 及带括号的时区偏移，少数异常值将被标记,,
1610,sched_dep_time,6:00aDec 1,FI,regex,列值主要为 12 小时制时间格式，可选 AM/PM 及带括号的时区偏移，少数异常值将被标记,,
1611,sched_dep_time,7:10aDec 1,FI,regex,列值主要为 12 小时制时间格式，可选 AM/PM 及带括号的时区偏移，少数异常值将被标记,,
1613,sched_dep_time,7:25aDec 1,FI,regex,列值主要为 12 小时制时间格式，可选 AM/PM 及带括号的时区偏移，少数异常值将被标记,,
1615,sched_dep_time,7:05aDec 1,FI,regex,列值主要为 12 小时制时间格式，可选 AM/PM 及带括号的时区偏移，少数异常值将被标记,,
1620,sched_dep_time,6:59aDec 1,FI,regex,列值主要为 12 小时制时间格式，可选 AM/PM 及带括号的时区偏移，少数异常值将被标记,,
1621,sched_dep_time,8:35aDec 1,FI,regex,列值主要为 12 小时制时间格式，可选 AM/PM 及带括号的时区偏移，少数异常值将被标记,,
1622,sched_dep_time,Not Available,FI,regex,列值主要为 12 小时制时间格式，可选 AM/PM 及带括号的时区偏移，少数异常值将被标记,,
1628,sched_dep_time,Not Available,FI,regex,列值主要为 12 小时制时间格式，可选 AM/PM 及带括号的时区偏移，少数异常值将被标记,,
1630,sched_dep_time,9:05aDec 1,FI,regex,列值主要为 12 小时制时间格式，可选 AM/PM 及带括号的时区偏移，少数异常值将被标记,,
1631,sched_dep_time,7:10aDec 1,FI,regex,列值主要为 12 小时制时间格式，可选 AM/PM 及带括号的时区偏移，少数异常值将被标记,,
1632,sched_dep_time,8:35aDec 1,FI,regex,列值主要为 12 小时制时间格式，可选 AM/PM 及带括号的时区偏移，少数异常值将被标记,,
1633,sched_dep_time,11:25aDec 1,FI,regex,列值主要为 12 小时制时间格式，可选 AM/PM 及带括号的时区偏移，少数异常值将被标记,,
1636,sched_dep_time,6:45aDec 1,FI,regex,列值主要为 12 小时制时间格式，可选 AM/PM 及带括号的时区偏移，少数异常值将被标记,,
1642,sched_dep_time,11/30 8:00 p.m.,FI,regex,列值主要为 12 小时制时间格式，可选 AM/PM 及带括号的时区偏移，少数异常值将被标记,,
1643,sched_dep_time,11/30 4:16 p.m.,FI,regex,列值主要为 12 小时制时间格式，可选 AM/PM 及带括号的时区偏移，少数异常值将被标记,,
1645,sched_dep_time,11/30 6:45 p.m.,FI,regex,列值主要为 12 小时制时间格式，可选 AM/PM 及带括号的时区偏移，少数异常值将被标记,,
1649,sched_dep_time,11/30 4:00 p.m.,FI,regex,列值主要为 12 小时制时间格式，可选 AM/PM 及带括号的时区偏移，少数异常值将被标记,,
1650,sched_dep_time,11/30 11:55 p.m.,FI,regex,列值主要为 12 小时制时间格式，可选 AM/PM 及带括号的时区偏移，少数异常值将被标记,,
1651,sched_dep_time,11/30 11:25 a.m.,FI,regex,列值主要为 12 小时制时间格式，可选 AM/PM 及带括号的时区偏移，少数异常值将被标记,,
1653,sched_dep_time,11/30 7:45 p.m.,FI,regex,列值主要为 12 小时制时间格式，可选 AM/PM 及带括号的时区偏移，少数异常值将被标记,,
1655,sched_dep_time,11/30 11:08 p.m.,FI,regex,列值主要为 12 小时制时间格式，可选 AM/PM 及带括号的时区偏移，少数异常值将被标记,,
1657,sched_dep_time,11/30 12:57 p.m.,FI,regex,列值主要为 12 小时制时间格式，可选 AM/PM 及带括号的时区偏移，少数异常值将被标记,,
1660,sched_dep_time,11/30 1:55 p.m.,FI,regex,列值主要为 12 小时制时间格式，可选 AM/PM 及带括号的时区偏移，少数异常值将被标记,,
1759,sched_dep_time,,MV,missing_value,缺失值：缺失哨兵(空串/NaN/empty 等),,
1762,sched_dep_time,,MV,missing_value,缺失值：缺失哨兵(空串/NaN/empty 等),,
1766,sched_dep_time,,MV,missing_value,缺失值：缺失哨兵(空串/NaN/empty 等),,
1767,sched_dep_time,,MV,missing_value,缺失值：缺失哨兵(空串/NaN/empty 等),,
1769,sched_dep_time,,MV,missing_value,缺失值：缺失哨兵(空串/NaN/empty 等),,
1770,sched_dep_time,,MV,missing_value,缺失值：缺失哨兵(空串/NaN/empty 等),,
1772,sched_dep_time,,MV,missing_value,缺失值：缺失哨兵(空串/NaN/empty 等),,
1773,sched_dep_time,,MV,missing_value,缺失值：缺失哨兵(空串/NaN/empty 等),,
1775,sched_dep_time,,MV,missing_value,缺失值：缺失哨兵(空串/NaN/empty 等),,
1778,sched_dep_time,,MV,missing_value,缺失值：缺失哨兵(空串/NaN/empty 等),,
1779,sched_dep_time,,MV,missing_value,缺失值：缺失哨兵(空串/NaN/empty 等),,
1780,sched_dep_time,,MV,missing_value,缺失值：缺失哨兵(空串/NaN/empty 等),,
1781,sched_dep_time,,MV,missing_value,缺失值：缺失哨兵(空串/NaN/empty 等),,
1783,sched_dep_time,,MV,missing_value,缺失值：缺失哨兵(空串/NaN/empty 等),,
1786,sched_dep_time,,MV,missing_value,缺失值：缺失哨兵(空串/NaN/empty 等),,
1787,sched_dep_time,,MV,missing_value,缺失值：缺失哨兵(空串/NaN/empty 等),,
1790,sched_dep_time,,MV,missing_value,缺失值：缺失哨兵(空串/NaN/empty 等),,
1791,sched_dep_time,,MV,missing_value,缺失值：缺失哨兵(空串/NaN/empty 等),,
1792,sched_dep_time,,MV,missing_value,缺失值：缺失哨兵(空串/NaN/empty 等),,
1795,sched_dep_time,,MV,missing_value,缺失值：缺失哨兵(空串/NaN/empty 等),,
1796,sched_dep_time,,MV,missing_value,缺失值：缺失哨兵(空串/NaN/empty 等),,
1798,sched_dep_time,,MV,missing_value,缺失值：缺失哨兵(空串/NaN/empty 等),,
1799,sched_dep_time,,MV,missing_value,缺失值：缺失哨兵(空串/NaN/empty 等),,
1804,sched_dep_time,,MV,missing_value,缺失值：缺失哨兵(空串/NaN/empty 等),,
1808,sched_dep_time,,MV,missing_value,缺失值：缺失哨兵(空串/NaN/empty 等),,
1810,sched_dep_time,,MV,missing_value,缺失值：缺失哨兵(空串/NaN/empty 等),,
1812,sched_dep_time,,MV,missing_value,缺失值：缺失哨兵(空串/NaN/empty 等),,
1813,sched_dep_time,,MV,missing_value,缺失值：缺失哨兵(空串/NaN/empty 等),,
1814,sched_dep_time,,MV,missing_value,缺失值：缺失哨兵(空串/NaN/empty 等),,
1817,sched_dep_time,,MV,missing_value,缺失值：缺失哨兵(空串/NaN/empty 等),,
1824,sched_dep_time,,MV,missing_value,缺失值：缺失哨兵(空串/NaN/empty 等),,
1826,sched_dep_time,,MV,missing_value,缺失值：缺失哨兵(空串/NaN/empty 等),,
1827,sched_dep_time,,MV,missing_value,缺失值：缺失哨兵(空串/NaN/empty 等),,
1830,sched_dep_time,,MV,missing_value,缺失值：缺失哨兵(空串/NaN/empty 等),,
1831,sched_dep_time,,MV,missing_value,缺失值：缺失哨兵(空串/NaN/empty 等),,
1832,sched_dep_time,,MV,missing_value,缺失值：缺失哨兵(空串/NaN/empty 等),,
1833,sched_dep_time,,MV,missing_value,缺失值：缺失哨兵(空串/NaN/empty 等),,
1834,sched_dep_time,,MV,missing_value,缺失值：缺失哨兵(空串/NaN/empty 等),,
1835,sched_dep_time,,MV,missing_value,缺失值：缺失哨兵(空串/NaN/empty 等),,
1841,sched_dep_time,,MV,missing_value,缺失值：缺失哨兵(空串/NaN/empty 等),,
1843,sched_dep_time,,MV,missing_value,缺失值：缺失哨兵(空串/NaN/empty 等),,
1846,sched_dep_time,,MV,missing_value,缺失值：缺失哨兵(空串/NaN/empty 等),,
1850,sched_dep_time,,MV,missing_value,缺失值：缺失哨兵(空串/NaN/empty 等),,
1951,sched_dep_time,,MV,missing_value,缺失值：缺失哨兵(空串/NaN/empty 等),,
1954,sched_dep_time,,MV,missing_value,缺失值：缺失哨兵(空串/NaN/empty 等),,
1958,sched_dep_time,,MV,missing_value,缺失值：缺失哨兵(空串/NaN/empty 等),,
1959,sched_dep_time,,MV,missing_value,缺失值：缺失哨兵(空串/NaN/empty 等),,
1961,sched_dep_time,,MV,missing_value,缺失值：缺失哨兵(空串/NaN/empty 等),,
1962,sched_dep_time,,MV,missing_value,缺失值：缺失哨兵(空串/NaN/empty 等),,
1964,sched_dep_time,,MV,missing_value,缺失值：缺失哨兵(空串/NaN/empty 等),,
1965,sched_dep_time,,MV,missing_value,缺失值：缺失哨兵(空串/NaN/empty 等),,
1967,sched_dep_time,,MV,missing_value,缺失值：缺失哨兵(空串/NaN/empty 等),,
1970,sched_dep_time,,MV,missing_value,缺失值：缺失哨兵(空串/NaN/empty 等),,
1971,sched_dep_time,,MV,missing_value,缺失值：缺失哨兵(空串/NaN/empty 等),,
1972,sched_dep_time,,MV,missing_value,缺失值：缺失哨兵(空串/NaN/empty 等),,
1973,sched_dep_time,,MV,missing_value,缺失值：缺失哨兵(空串/NaN/empty 等),,
1975,sched_dep_time,,MV,missing_value,缺失值：缺失哨兵(空串/NaN/empty 等),,
1978,sched_dep_time,,MV,missing_value,缺失值：缺失哨兵(空串/NaN/empty 等),,
1979,sched_dep_time,,MV,missing_value,缺失值：缺失哨兵(空串/NaN/empty 等),,
1982,sched_dep_time,,MV,missing_value,缺失值：缺失哨兵(空串/NaN/empty 等),,
1983,sched_dep_time,,MV,missing_value,缺失值：缺失哨兵(空串/NaN/empty 等),,
1984,sched_dep_time,,MV,missing_value,缺失值：缺失哨兵(空串/NaN/empty 等),,
1987,sched_dep_time,,MV,missing_value,缺失值：缺失哨兵(空串/NaN/empty 等),,
1988,sched_dep_time,,MV,missing_value,缺失值：缺失哨兵(空串/NaN/empty 等),,
1990,sched_dep_time,,MV,missing_value,缺失值：缺失哨兵(空串/NaN/empty 等),,
1991,sched_dep_time,,MV,missing_value,缺失值：缺失哨兵(空串/NaN/empty 等),,
1996,sched_dep_time,,MV,missing_value,缺失值：缺失哨兵(空串/NaN/empty 等),,
2000,sched_dep_time,,MV,missing_value,缺失值：缺失哨兵(空串/NaN/empty 等),,
2002,sched_dep_time,,MV,missing_value,缺失值：缺失哨兵(空串/NaN/empty 等),,
2004,sched_dep_time,,MV,missing_value,缺失值：缺失哨兵(空串/NaN/empty 等),,
2005,sched_dep_time,,MV,missing_value,缺失值：缺失哨兵(空串/NaN/empty 等),,
2009,sched_dep_time,,MV,missing_value,缺失值：缺失哨兵(空串/NaN/empty 等),,
2016,sched_dep_time,,MV,missing_value,缺失值：缺失哨兵(空串/NaN/empty 等),,
2018,sched_dep_time,,MV,missing_value,缺失值：缺失哨兵(空串/NaN/empty 等),,
2019,sched_dep_time,,MV,missing_value,缺失值：缺失哨兵(空串/NaN/empty 等),,
2022,sched_dep_time,,MV,missing_value,缺失值：缺失哨兵(空串/NaN/empty 等),,
2023,sched_dep_time,,MV,missing_value,缺失值：缺失哨兵(空串/NaN/empty 等),,
2024,sched_dep_time,,MV,missing_value,缺失值：缺失哨兵(空串/NaN/empty 等),,
2025,sched_dep_time,,MV,missing_value,缺失值：缺失哨兵(空串/NaN/empty 等),,
2026,sched_dep_time,,MV,missing_value,缺失值：缺失哨兵(空串/NaN/empty 等),,
2027,sched_dep_time,,MV,missing_value,缺失值：缺失哨兵(空串/NaN/empty 等),,
2033,sched_dep_time,,MV,missing_value,缺失值：缺失哨兵(空串/NaN/empty 等),,
2035,sched_dep_time,,MV,missing_value,缺失值：缺失哨兵(空串/NaN/empty 等),,
2038,sched_dep_time,,MV,missing_value,缺失值：缺失哨兵(空串/NaN/empty 等),,
2042,sched_dep_time,,MV,missing_value,缺失值：缺失哨兵(空串/NaN/empty 等),,
2051,sched_dep_time,,MV,missing_value,缺失值：缺失哨兵(空串/NaN/empty 等),,
2054,sched_dep_time,,MV,missing_value,缺失值：缺失哨兵(空串/NaN/empty 等),,
2058,sched_dep_time,,MV,missing_value,缺失值：缺失哨兵(空串/NaN/empty 等),,
2059,sched_dep_time,,MV,missing_value,缺失值：缺失哨兵(空串/NaN/empty 等),,
2061,sched_dep_time,,MV,missing_value,缺失值：缺失哨兵(空串/NaN/empty 等),,
2062,sched_dep_time,,MV,missing_value,缺失值：缺失哨兵(空串/NaN/empty 等),,
2064,sched_dep_time,,MV,missing_value,缺失值：缺失哨兵(空串/NaN/empty 等),,
2065,sched_dep_time,,MV,missing_value,缺失值：缺失哨兵(空串/NaN/empty 等),,
2067,sched_dep_time,,MV,missing_value,缺失值：缺失哨兵(空串/NaN/empty 等),,
2070,sched_dep_time,,MV,missing_value,缺失值：缺失哨兵(空串/NaN/empty 等),,
2071,sched_dep_time,,MV,missing_value,缺失值：缺失哨兵(空串/NaN/empty 等),,
2072,sched_dep_time,,MV,missing_value,缺失值：缺失哨兵(空串/NaN/empty 等),,
2073,sched_dep_time,,MV,missing_value,缺失值：缺失哨兵(空串/NaN/empty 等),,
2075,sched_dep_time,,MV,missing_value,缺失值：缺失哨兵(空串/NaN/empty 等),,
2078,sched_dep_time,,MV,missing_value,缺失值：缺失哨兵(空串/NaN/empty 等),,
2079,sched_dep_time,,MV,missing_value,缺失值：缺失哨兵(空串/NaN/empty 等),,
2082,sched_dep_time,,MV,missing_value,缺失值：缺失哨兵(空串/NaN/empty 等),,
2083,sched_dep_time,,MV,missing_value,缺失值：缺失哨兵(空串/NaN/empty 等),,
2084,sched_dep_time,,MV,missing_value,缺失值：缺失哨兵(空串/NaN/empty 等),,
2087,sched_dep_time,,MV,missing_value,缺失值：缺失哨兵(空串/NaN/empty 等),,
2088,sched_dep_time,,MV,missing_value,缺失值：缺失哨兵(空串/NaN/empty 等),,
2090,sched_dep_time,,MV,missing_value,缺失值：缺失哨兵(空串/NaN/empty 等),,
2091,sched_dep_time,,MV,missing_value,缺失值：缺失哨兵(空串/NaN/empty 等),,
2096,sched_dep_time,,MV,missing_value,缺失值：缺失哨兵(空串/NaN/empty 等),,
2100,sched_dep_time,,MV,missing_value,缺失值：缺失哨兵(空串/NaN/empty 等),,
2102,sched_dep_time,,MV,missing_value,缺失值：缺失哨兵(空串/NaN/empty 等),,
2104,sched_dep_time,,MV,missing_value,缺失值：缺失哨兵(空串/NaN/empty 等),,
2105,sched_dep_time,,MV,missing_value,缺失值：缺失哨兵(空串/NaN/empty 等),,
2106,sched_dep_time,,MV,missing_value,缺失值：缺失哨兵(空串/NaN/empty 等),,
2109,sched_dep_time,,MV,missing_value,缺失值：缺失哨兵(空串/NaN/empty 等),,
2116,sched_dep_time,,MV,missing_value,缺失值：缺失哨兵(空串/NaN/empty 等),,
2118,sched_dep_time,,MV,missing_value,缺失值：缺失哨兵(空串/NaN/empty 等),,
2119,sched_dep_time,,MV,missing_value,缺失值：缺失哨兵(空串/NaN/empty 等),,
2122,sched_dep_time,,MV,missing_value,缺失值：缺失哨兵(空串/NaN/empty 等),,
2123,sched_dep_time,,MV,missing_value,缺失值：缺失哨兵(空串/NaN/empty 等),,
2124,sched_dep_time,,MV,missing_value,缺失值：缺失哨兵(空串/NaN/empty 等),,
2125,sched_dep_time,,MV,missing_value,缺失值：缺失哨兵(空串/NaN/empty 等),,
2126,sched_dep_time,,MV,missing_value,缺失值：缺失哨兵(空串/NaN/empty 等),,
2127,sched_dep_time,,MV,missing_value,缺失值：缺失哨兵(空串/NaN/empty 等),,
2133,sched_dep_time,,MV,missing_value,缺失值：缺失哨兵(空串/NaN/empty 等),,
2135,sched_dep_time,,MV,missing_value,缺失值：缺失哨兵(空串/NaN/empty 等),,
2138,sched_dep_time,,MV,missing_value,缺失值：缺失哨兵(空串/NaN/empty 等),,
2142,sched_dep_time,,MV,missing_value,缺失值：缺失哨兵(空串/NaN/empty 等),,
2151,sched_dep_time,,MV,missing_value,缺失值：缺失哨兵(空串/NaN/empty 等),,
2152,sched_dep_time,,MV,missing_value,缺失值：缺失哨兵(空串/NaN/empty 等),,
2154,sched_dep_time,,MV,missing_value,缺失值：缺失哨兵(空串/NaN/empty 等),,
2156,sched_dep_time,,MV,missing_value,缺失值：缺失哨兵(空串/NaN/empty 等),,
2159,sched_dep_time,,MV,missing_value,缺失值：缺失哨兵(空串/NaN/empty 等),,
2163,sched_dep_time,,MV,missing_value,缺失值：缺失哨兵(空串/NaN/empty 等),,
2164,sched_dep_time,,MV,missing_value,缺失值：缺失哨兵(空串/NaN/empty 等),,
2166,sched_dep_time,,MV,missing_value,缺失值：缺失哨兵(空串/NaN/empty 等),,
2167,sched_dep_time,,MV,missing_value,缺失值：缺失哨兵(空串/NaN/empty 等),,
2169,sched_dep_time,,MV,missing_value,缺失值：缺失哨兵(空串/NaN/empty 等),,
2170,sched_dep_time,,MV,missing_value,缺失值：缺失哨兵(空串/NaN/empty 等),,
2172,sched_dep_time,,MV,missing_value,缺失值：缺失哨兵(空串/NaN/empty 等),,
2175,sched_dep_time,,MV,missing_value,缺失值：缺失哨兵(空串/NaN/empty 等),,
2176,sched_dep_time,,MV,missing_value,缺失值：缺失哨兵(空串/NaN/empty 等),,
2177,sched_dep_time,,MV,missing_value,缺失值：缺失哨兵(空串/NaN/empty 等),,
2178,sched_dep_time,,MV,missing_value,缺失值：缺失哨兵(空串/NaN/empty 等),,
2180,sched_dep_time,,MV,missing_value,缺失值：缺失哨兵(空串/NaN/empty 等),,
2183,sched_dep_time,,MV,missing_value,缺失值：缺失哨兵(空串/NaN/empty 等),,
2184,sched_dep_time,,MV,missing_value,缺失值：缺失哨兵(空串/NaN/empty 等),,
2187,sched_dep_time,,MV,missing_value,缺失值：缺失哨兵(空串/NaN/empty 等),,
2188,sched_dep_time,,MV,missing_value,缺失值：缺失哨兵(空串/NaN/empty 等),,
2189,sched_dep_time,,MV,missing_value,缺失值：缺失哨兵(空串/NaN/empty 等),,
2192,sched_dep_time,,MV,missing_value,缺失值：缺失哨兵(空串/NaN/empty 等),,
2193,sched_dep_time,,MV,missing_value,缺失值：缺失哨兵(空串/NaN/empty 等),,
2195,sched_dep_time,,MV,missing_value,缺失值：缺失哨兵(空串/NaN/empty 等),,
2196,sched_dep_time,,MV,missing_value,缺失值：缺失哨兵(空串/NaN/empty 等),,
2201,sched_dep_time,,MV,missing_value,缺失值：缺失哨兵(空串/NaN/empty 等),,
2205,sched_dep_time,,MV,missing_value,缺失值：缺失哨兵(空串/NaN/empty 等),,
2207,sched_dep_time,,MV,missing_value,缺失值：缺失哨兵(空串/NaN/empty 等),,
2209,sched_dep_time,,MV,missing_value,缺失值：缺失哨兵(空串/NaN/empty 等),,
2210,sched_dep_time,,MV,missing_value,缺失值：缺失哨兵(空串/NaN/empty 等),,
2214,sched_dep_time,,MV,missing_value,缺失值：缺失哨兵(空串/NaN/empty 等),,
2221,sched_dep_time,,MV,missing_value,缺失值：缺失哨兵(空串/NaN/empty 等),,
2223,sched_dep_time,,MV,missing_value,缺失值：缺失哨兵(空串/NaN/empty 等),,
2224,sched_dep_time,,MV,missing_value,缺失值：缺失哨兵(空串/NaN/empty 等),,
2227,sched_dep_time,,MV,missing_value,缺失值：缺失哨兵(空串/NaN/empty 等),,
2228,sched_dep_time,,MV,missing_value,缺失值：缺失哨兵(空串/NaN/empty 等),,
2229,sched_dep_time,,MV,missing_value,缺失值：缺失哨兵(空串/NaN/empty 等),,
2230,sched_dep_time,,MV,missing_value,缺失值：缺失哨兵(空串/NaN/empty 等),,
2231,sched_dep_time,,MV,missing_value,缺失值：缺失哨兵(空串/NaN/empty 等),,
2232,sched_dep_time,,MV,missing_value,缺失值：缺失哨兵(空串/NaN/empty 等),,
2238,sched_dep_time,,MV,missing_value,缺失值：缺失哨兵(空串/NaN/empty 等),,
2240,sched_dep_time,,MV,missing_value,缺失值：缺失哨兵(空串/NaN/empty 等),,
2243,sched_dep_time,,MV,missing_value,缺失值：缺失哨兵(空串/NaN/empty 等),,
2247,sched_dep_time,,MV,missing_value,缺失值：缺失哨兵(空串/NaN/empty 等),,
2,act_dep_time,,MV,missing_value,缺失值：缺失哨兵(空串/NaN/empty 等),,
5,act_dep_time,,MV,missing_value,缺失值：缺失哨兵(空串/NaN/empty 等),,
31,act_dep_time,,MV,missing_value,缺失值：缺失哨兵(空串/NaN/empty 等),,
32,act_dep_time,,MV,missing_value,缺失值：缺失哨兵(空串/NaN/empty 等),,
33,act_dep_time,,MV,missing_value,缺失值：缺失哨兵(空串/NaN/empty 等),,
36,act_dep_time,,MV,missing_value,缺失值：缺失哨兵(空串/NaN/empty 等),,
51,act_dep_time,,MV,missing_value,缺失值：缺失哨兵(空串/NaN/empty 等),,
57,act_dep_time,,MV,missing_value,缺失值：缺失哨兵(空串/NaN/empty 等),,
62,act_dep_time,,MV,missing_value,缺失值：缺失哨兵(空串/NaN/empty 等),,
64,act_dep_time,,MV,missing_value,缺失值：缺失哨兵(空串/NaN/empty 等),,
65,act_dep_time,,MV,missing_value,缺失值：缺失哨兵(空串/NaN/empty 等),,
71,act_dep_time,,MV,missing_value,缺失值：缺失哨兵(空串/NaN/empty 等),,
72,act_dep_time,,MV,missing_value,缺失值：缺失哨兵(空串/NaN/empty 等),,
75,act_dep_time,,MV,missing_value,缺失值：缺失哨兵(空串/NaN/empty 等),,
78,act_dep_time,,MV,missing_value,缺失值：缺失哨兵(空串/NaN/empty 等),,
79,act_dep_time,,MV,missing_value,缺失值：缺失哨兵(空串/NaN/empty 等),,
87,act_dep_time,,MV,missing_value,缺失值：缺失哨兵(空串/NaN/empty 等),,
88,act_dep_time,,MV,missing_value,缺失值：缺失哨兵(空串/NaN/empty 等),,
91,act_dep_time,,MV,missing_value,缺失值：缺失哨兵(空串/NaN/empty 等),,
96,act_dep_time,,MV,missing_value,缺失值：缺失哨兵(空串/NaN/empty 等),,
98,act_dep_time,,MV,missing_value,缺失值：缺失哨兵(空串/NaN/empty 等),,
106,act_dep_time,,MV,missing_value,缺失值：缺失哨兵(空串/NaN/empty 等),,
111,act_dep_time,,MV,missing_value,缺失值：缺失哨兵(空串/NaN/empty 等),,
120,act_dep_time,,MV,missing_value,缺失值：缺失哨兵(空串/NaN/empty 等),,
122,act_dep_time,,MV,missing_value,缺失值：缺失哨兵(空串/NaN/empty 等),,
128,act_dep_time,,MV,missing_value,缺失值：缺失哨兵(空串/NaN/empty 等),,
129,act_dep_time,,MV,missing_value,缺失值：缺失哨兵(空串/NaN/empty 等),,
135,act_dep_time,,MV,missing_value,缺失值：缺失哨兵(空串/NaN/empty 等),,
142,act_dep_time,,MV,missing_value,缺失值：缺失哨兵(空串/NaN/empty 等),,
146,act_dep_time,,MV,missing_value,缺失值：缺失哨兵(空串/NaN/empty 等),,
160,act_dep_time,Not Available,FI,regex,非空值绝大多数符合12小时制时间格式，含可选的a.m./p.m.及括号注释,,
190,act_dep_time,,MV,missing_value,缺失值：缺失哨兵(空串/NaN/empty 等),,
193,act_dep_time,Not Available,FI,regex,非空值绝大多数符合12小时制时间格式，含可选的a.m./p.m.及括号注释,,
195,act_dep_time,Not Available,FI,regex,非空值绝大多数符合12小时制时间格式，含可选的a.m./p.m.及括号注释,,
210,act_dep_time,,MV,missing_value,缺失值：缺失哨兵(空串/NaN/empty 等),,
211,act_dep_time,Not Available,FI,regex,非空值绝大多数符合12小时制时间格式，含可选的a.m./p.m.及括号注释,,
212,act_dep_time,Not Available,FI,regex,非空值绝大多数符合12小时制时间格式，含可选的a.m./p.m.及括号注释,,
213,act_dep_time,Not Available,FI,regex,非空值绝大多数符合12小时制时间格式，含可选的a.m./p.m.及括号注释,,
217,act_dep_time,Not Available,FI,regex,非空值绝大多数符合12小时制时间格式，含可选的a.m./p.m.及括号注释,,
220,act_dep_time,,MV,missing_value,缺失值：缺失哨兵(空串/NaN/empty 等),,
221,act_dep_time,,MV,missing_value,缺失值：缺失哨兵(空串/NaN/empty 等),,
250,act_dep_time,,MV,missing_value,缺失值：缺失哨兵(空串/NaN/empty 等),,
253,act_dep_time,,MV,missing_value,缺失值：缺失哨兵(空串/NaN/empty 等),,
254,act_dep_time,,MV,missing_value,缺失值：缺失哨兵(空串/NaN/empty 等),,
256,act_dep_time,,MV,missing_value,缺失值：缺失哨兵(空串/NaN/empty 等),,
257,act_dep_time,,MV,missing_value,缺失值：缺失哨兵(空串/NaN/empty 等),,
258,act_dep_time,,MV,missing_value,缺失值：缺失哨兵(空串/NaN/empty 等),,
259,act_dep_time,,MV,missing_value,缺失值：缺失哨兵(空串/NaN/empty 等),,
261,act_dep_time,,MV,missing_value,缺失值：缺失哨兵(空串/NaN/empty 等),,
262,act_dep_time,,MV,missing_value,缺失值：缺失哨兵(空串/NaN/empty 等),,
263,act_dep_time,,MV,missing_value,缺失值：缺失哨兵(空串/NaN/empty 等),,
264,act_dep_time,,MV,missing_value,缺失值：缺失哨兵(空串/NaN/empty 等),,
265,act_dep_time,,MV,missing_value,缺失值：缺失哨兵(空串/NaN/empty 等),,
266,act_dep_time,,MV,missing_value,缺失值：缺失哨兵(空串/NaN/empty 等),,
267,act_dep_time,,MV,missing_value,缺失值：缺失哨兵(空串/NaN/empty 等),,
268,act_dep_time,,MV,missing_value,缺失值：缺失哨兵(空串/NaN/empty 等),,
269,act_dep_time,,MV,missing_value,缺失值：缺失哨兵(空串/NaN/empty 等),,
271,act_dep_time,,MV,missing_value,缺失值：缺失哨兵(空串/NaN/empty 等),,
272,act_dep_time,,MV,missing_value,缺失值：缺失哨兵(空串/NaN/empty 等),,
273,act_dep_time,,MV,missing_value,缺失值：缺失哨兵(空串/NaN/empty 等),,
274,act_dep_time,,MV,missing_value,缺失值：缺失哨兵(空串/NaN/empty 等),,
276,act_dep_time,,MV,missing_value,缺失值：缺失哨兵(空串/NaN/empty 等),,
278,act_dep_time,,MV,missing_value,缺失值：缺失哨兵(空串/NaN/empty 等),,
280,act_dep_time,,MV,missing_value,缺失值：缺失哨兵(空串/NaN/empty 等),,
281,act_dep_time,,MV,missing_value,缺失值：缺失哨兵(空串/NaN/empty 等),,
286,act_dep_time,,MV,missing_value,缺失值：缺失哨兵(空串/NaN/empty 等),,
287,act_dep_time,,MV,missing_value,缺失值：缺失哨兵(空串/NaN/empty 等),,
289,act_dep_time,,MV,missing_value,缺失值：缺失哨兵(空串/NaN/empty 等),,
290,act_dep_time,,MV,missing_value,缺失值：缺失哨兵(空串/NaN/empty 等),,
291,act_dep_time,,MV,missing_value,缺失值：缺失哨兵(空串/NaN/empty 等),,
292,act_dep_time,,MV,missing_value,缺失值：缺失哨兵(空串/NaN/empty 等),,
294,act_dep_time,,MV,missing_value,缺失值：缺失哨兵(空串/NaN/empty 等),,
295,act_dep_time,,MV,missing_value,缺失值：缺失哨兵(空串/NaN/empty 等),,
296,act_dep_time,,MV,missing_value,缺失值：缺失哨兵(空串/NaN/empty 等),,
297,act_dep_time,,MV,missing_value,缺失值：缺失哨兵(空串/NaN/empty 等),,
298,act_dep_time,,MV,missing_value,缺失值：缺失哨兵(空串/NaN/empty 等),,
300,act_dep_time,,MV,missing_value,缺失值：缺失哨兵(空串/NaN/empty 等),,
303,act_dep_time,,MV,missing_value,缺失值：缺失哨兵(空串/NaN/empty 等),,
307,act_dep_time,,MV,missing_value,缺失值：缺失哨兵(空串/NaN/empty 等),,
308,act_dep_time,,MV,missing_value,缺失值：缺失哨兵(空串/NaN/empty 等),,
309,act_dep_time,,MV,missing_value,缺失值：缺失哨兵(空串/NaN/empty 等),,
310,act_dep_time,,MV,missing_value,缺失值：缺失哨兵(空串/NaN/empty 等),,
311,act_dep_time,,MV,missing_value,缺失值：缺失哨兵(空串/NaN/empty 等),,
312,act_dep_time,,MV,missing_value,缺失值：缺失哨兵(空串/NaN/empty 等),,
313,act_dep_time,,MV,missing_value,缺失值：缺失哨兵(空串/NaN/empty 等),,
314,act_dep_time,,MV,missing_value,缺失值：缺失哨兵(空串/NaN/empty 等),,
315,act_dep_time,,MV,missing_value,缺失值：缺失哨兵(空串/NaN/empty 等),,
316,act_dep_time,,MV,missing_value,缺失值：缺失哨兵(空串/NaN/empty 等),,
317,act_dep_time,,MV,missing_value,缺失值：缺失哨兵(空串/NaN/empty 等),,
318,act_dep_time,,MV,missing_value,缺失值：缺失哨兵(空串/NaN/empty 等),,
320,act_dep_time,,MV,missing_value,缺失值：缺失哨兵(空串/NaN/empty 等),,
321,act_dep_time,,MV,missing_value,缺失值：缺失哨兵(空串/NaN/empty 等),,
322,act_dep_time,,MV,missing_value,缺失值：缺失哨兵(空串/NaN/empty 等),,
323,act_dep_time,,MV,missing_value,缺失值：缺失哨兵(空串/NaN/empty 等),,
326,act_dep_time,,MV,missing_value,缺失值：缺失哨兵(空串/NaN/empty 等),,
327,act_dep_time,,MV,missing_value,缺失值：缺失哨兵(空串/NaN/empty 等),,
328,act_dep_time,,MV,missing_value,缺失值：缺失哨兵(空串/NaN/empty 等),,
329,act_dep_time,,MV,missing_value,缺失值：缺失哨兵(空串/NaN/empty 等),,
330,act_dep_time,,MV,missing_value,缺失值：缺失哨兵(空串/NaN/empty 等),,
331,act_dep_time,,MV,missing_value,缺失值：缺失哨兵(空串/NaN/empty 等),,
333,act_dep_time,,MV,missing_value,缺失值：缺失哨兵(空串/NaN/empty 等),,
334,act_dep_time,,MV,missing_value,缺失值：缺失哨兵(空串/NaN/empty 等),,
336,act_dep_time,,MV,missing_value,缺失值：缺失哨兵(空串/NaN/empty 等),,
338,act_dep_time,,MV,missing_value,缺失值：缺失哨兵(空串/NaN/empty 等),,
344,act_dep_time,,MV,missing_value,缺失值：缺失哨兵(空串/NaN/empty 等),,
349,act_dep_time,,MV,missing_value,缺失值：缺失哨兵(空串/NaN/empty 等),,
351,act_dep_time,,MV,missing_value,缺失值：缺失哨兵(空串/NaN/empty 等),,
352,act_dep_time,,MV,missing_value,缺失值：缺失哨兵(空串/NaN/empty 等),,
358,act_dep_time,,MV,missing_value,缺失值：缺失哨兵(空串/NaN/empty 等),,
359,act_dep_time,,MV,missing_value,缺失值：缺失哨兵(空串/NaN/empty 等),,
362,act_dep_time,,MV,missing_value,缺失值：缺失哨兵(空串/NaN/empty 等),,
365,act_dep_time,,MV,missing_value,缺失值：缺失哨兵(空串/NaN/empty 等),,
366,act_dep_time,,MV,missing_value,缺失值：缺失哨兵(空串/NaN/empty 等),,
374,act_dep_time,,MV,missing_value,缺失值：缺失哨兵(空串/NaN/empty 等),,
375,act_dep_time,,MV,missing_value,缺失值：缺失哨兵(空串/NaN/empty 等),,
378,act_dep_time,,MV,missing_value,缺失值：缺失哨兵(空串/NaN/empty 等),,
383,act_dep_time,,MV,missing_value,缺失值：缺失哨兵(空串/NaN/empty 等),,
385,act_dep_time,,MV,missing_value,缺失值：缺失哨兵(空串/NaN/empty 等),,
393,act_dep_time,,MV,missing_value,缺失值：缺失哨兵(空串/NaN/empty 等),,
398,act_dep_time,,MV,missing_value,缺失值：缺失哨兵(空串/NaN/empty 等),,
407,act_dep_time,,MV,missing_value,缺失值：缺失哨兵(空串/NaN/empty 等),,
409,act_dep_time,,MV,missing_value,缺失值：缺失哨兵(空串/NaN/empty 等),,
415,act_dep_time,,MV,missing_value,缺失值：缺失哨兵(空串/NaN/empty 等),,
416,act_dep_time,,MV,missing_value,缺失值：缺失哨兵(空串/NaN/empty 等),,
422,act_dep_time,,MV,missing_value,缺失值：缺失哨兵(空串/NaN/empty 等),,
429,act_dep_time,,MV,missing_value,缺失值：缺失哨兵(空串/NaN/empty 等),,
433,act_dep_time,,MV,missing_value,缺失值：缺失哨兵(空串/NaN/empty 等),,
447,act_dep_time,,MV,missing_value,缺失值：缺失哨兵(空串/NaN/empty 等),,
480,act_dep_time,,MV,missing_value,缺失值：缺失哨兵(空串/NaN/empty 等),,
482,act_dep_time,,MV,missing_value,缺失值：缺失哨兵(空串/NaN/empty 等),,
497,act_dep_time,,MV,missing_value,缺失值：缺失哨兵(空串/NaN/empty 等),,
498,act_dep_time,,MV,missing_value,缺失值：缺失哨兵(空串/NaN/empty 等),,
499,act_dep_time,,MV,missing_value,缺失值：缺失哨兵(空串/NaN/empty 等),,
500,act_dep_time,,MV,missing_value,缺失值：缺失哨兵(空串/NaN/empty 等),,
504,act_dep_time,,MV,missing_value,缺失值：缺失哨兵(空串/NaN/empty 等),,
507,act_dep_time,,MV,missing_value,缺失值：缺失哨兵(空串/NaN/empty 等),,
508,act_dep_time,,MV,missing_value,缺失值：缺失哨兵(空串/NaN/empty 等),,
607,act_dep_time,,MV,missing_value,缺失值：缺失哨兵(空串/NaN/empty 等),,
639,act_dep_time,,MV,missing_value,缺失值：缺失哨兵(空串/NaN/empty 等),,
672,act_dep_time,,MV,missing_value,缺失值：缺失哨兵(空串/NaN/empty 等),,
674,act_dep_time,,MV,missing_value,缺失值：缺失哨兵(空串/NaN/empty 等),,
689,act_dep_time,,MV,missing_value,缺失值：缺失哨兵(空串/NaN/empty 等),,
690,act_dep_time,,MV,missing_value,缺失值：缺失哨兵(空串/NaN/empty 等),,
691,act_dep_time,,MV,missing_value,缺失值：缺失哨兵(空串/NaN/empty 等),,
692,act_dep_time,,MV,missing_value,缺失值：缺失哨兵(空串/NaN/empty 等),,
696,act_dep_time,,MV,missing_value,缺失值：缺失哨兵(空串/NaN/empty 等),,
699,act_dep_time,,MV,missing_value,缺失值：缺失哨兵(空串/NaN/empty 等),,
700,act_dep_time,,MV,missing_value,缺失值：缺失哨兵(空串/NaN/empty 等),,
734,act_dep_time,,MV,missing_value,缺失值：缺失哨兵(空串/NaN/empty 等),,
737,act_dep_time,,MV,missing_value,缺失值：缺失哨兵(空串/NaN/empty 等),,
756,act_dep_time,,MV,missing_value,缺失值：缺失哨兵(空串/NaN/empty 等),,
771,act_dep_time,,MV,missing_value,缺失值：缺失哨兵(空串/NaN/empty 等),,
772,act_dep_time,,MV,missing_value,缺失值：缺失哨兵(空串/NaN/empty 等),,
773,act_dep_time,,MV,missing_value,缺失值：缺失哨兵(空串/NaN/empty 等),,
777,act_dep_time,,MV,missing_value,缺失值：缺失哨兵(空串/NaN/empty 等),,
778,act_dep_time,11/30/2011 11:34 p.m.,FI,regex,非空值绝大多数符合12小时制时间格式，含可选的a.m./p.m.及括号注释,,
779,act_dep_time,,MV,missing_value,缺失值：缺失哨兵(空串/NaN/empty 等),,
783,act_dep_time,,MV,missing_value,缺失值：缺失哨兵(空串/NaN/empty 等),,
792,act_dep_time,,MV,missing_value,缺失值：缺失哨兵(空串/NaN/empty 等),,
793,act_dep_time,,MV,missing_value,缺失值：缺失哨兵(空串/NaN/empty 等),,
794,act_dep_time,,MV,missing_value,缺失值：缺失哨兵(空串/NaN/empty 等),,
795,act_dep_time,,MV,missing_value,缺失值：缺失哨兵(空串/NaN/empty 等),,
796,act_dep_time,,MV,missing_value,缺失值：缺失哨兵(空串/NaN/empty 等),,
798,act_dep_time,,MV,missing_value,缺失值：缺失哨兵(空串/NaN/empty 等),,
799,act_dep_time,,MV,missing_value,缺失值：缺失哨兵(空串/NaN/empty 等),,
800,act_dep_time,,MV,missing_value,缺失值：缺失哨兵(空串/NaN/empty 等),,
801,act_dep_time,,MV,missing_value,缺失值：缺失哨兵(空串/NaN/empty 等),,
802,act_dep_time,,MV,missing_value,缺失值：缺失哨兵(空串/NaN/empty 等),,
803,act_dep_time,,MV,missing_value,缺失值：缺失哨兵(空串/NaN/empty 等),,
804,act_dep_time,,MV,missing_value,缺失值：缺失哨兵(空串/NaN/empty 等),,
805,act_dep_time,,MV,missing_value,缺失值：缺失哨兵(空串/NaN/empty 等),,
806,act_dep_time,,MV,missing_value,缺失值：缺失哨兵(空串/NaN/empty 等),,
807,act_dep_time,,MV,missing_value,缺失值：缺失哨兵(空串/NaN/empty 等),,
808,act_dep_time,,MV,missing_value,缺失值：缺失哨兵(空串/NaN/empty 等),,
809,act_dep_time,,MV,missing_value,缺失值：缺失哨兵(空串/NaN/empty 等),,
810,act_dep_time,,MV,missing_value,缺失值：缺失哨兵(空串/NaN/empty 等),,
816,act_dep_time,,MV,missing_value,缺失值：缺失哨兵(空串/NaN/empty 等),,
821,act_dep_time,,MV,missing_value,缺失值：缺失哨兵(空串/NaN/empty 等),,
854,act_dep_time,,MV,missing_value,缺失值：缺失哨兵(空串/NaN/empty 等),,
856,act_dep_time,,MV,missing_value,缺失值：缺失哨兵(空串/NaN/empty 等),,
871,act_dep_time,,MV,missing_value,缺失值：缺失哨兵(空串/NaN/empty 等),,
872,act_dep_time,,MV,missing_value,缺失值：缺失哨兵(空串/NaN/empty 等),,
873,act_dep_time,,MV,missing_value,缺失值：缺失哨兵(空串/NaN/empty 等),,
874,act_dep_time,,MV,missing_value,缺失值：缺失哨兵(空串/NaN/empty 等),,
878,act_dep_time,,MV,missing_value,缺失值：缺失哨兵(空串/NaN/empty 等),,
881,act_dep_time,,MV,missing_value,缺失值：缺失哨兵(空串/NaN/empty 等),,
882,act_dep_time,,MV,missing_value,缺失值：缺失哨兵(空串/NaN/empty 等),,
913,act_dep_time,,MV,missing_value,缺失值：缺失哨兵(空串/NaN/empty 等),,
915,act_dep_time,,MV,missing_value,缺失值：缺失哨兵(空串/NaN/empty 等),,
916,act_dep_time,,MV,missing_value,缺失值：缺失哨兵(空串/NaN/empty 等),,
918,act_dep_time,,MV,missing_value,缺失值：缺失哨兵(空串/NaN/empty 等),,
919,act_dep_time,,MV,missing_value,缺失值：缺失哨兵(空串/NaN/empty 等),,
920,act_dep_time,,MV,missing_value,缺失值：缺失哨兵(空串/NaN/empty 等),,
933,act_dep_time,,MV,missing_value,缺失值：缺失哨兵(空串/NaN/empty 等),,
936,act_dep_time,,MV,missing_value,缺失值：缺失哨兵(空串/NaN/empty 等),,
937,act_dep_time,,MV,missing_value,缺失值：缺失哨兵(空串/NaN/empty 等),,
946,act_dep_time,,MV,missing_value,缺失值：缺失哨兵(空串/NaN/empty 等),,
947,act_dep_time,,MV,missing_value,缺失值：缺失哨兵(空串/NaN/empty 等),,
948,act_dep_time,,MV,missing_value,缺失值：缺失哨兵(空串/NaN/empty 等),,
949,act_dep_time,,MV,missing_value,缺失值：缺失哨兵(空串/NaN/empty 等),,
955,act_dep_time,,MV,missing_value,缺失值：缺失哨兵(空串/NaN/empty 等),,
956,act_dep_time,,MV,missing_value,缺失值：缺失哨兵(空串/NaN/empty 等),,
958,act_dep_time,,MV,missing_value,缺失值：缺失哨兵(空串/NaN/empty 等),,
959,act_dep_time,,MV,missing_value,缺失值：缺失哨兵(空串/NaN/empty 等),,
962,act_dep_time,,MV,missing_value,缺失值：缺失哨兵(空串/NaN/empty 等),,
963,act_dep_time,,MV,missing_value,缺失值：缺失哨兵(空串/NaN/empty 等),,
994,act_dep_time,Not Available,FI,regex,非空值绝大多数符合12小时制时间格式，含可选的a.m./p.m.及括号注释,,
996,act_dep_time,Contact Airline,FI,regex,非空值绝大多数符合12小时制时间格式，含可选的a.m./p.m.及括号注释,,
998,act_dep_time,Not Available,FI,regex,非空值绝大多数符合12小时制时间格式，含可选的a.m./p.m.及括号注释,,
1001,act_dep_time,Contact Airline,FI,regex,非空值绝大多数符合12小时制时间格式，含可选的a.m./p.m.及括号注释,,
1008,act_dep_time,Contact Airline,FI,regex,非空值绝大多数符合12小时制时间格式，含可选的a.m./p.m.及括号注释,,
1018,act_dep_time,Contact Airline,FI,regex,非空值绝大多数符合12小时制时间格式，含可选的a.m./p.m.及括号注释,,
1025,act_dep_time,Contact Airline,FI,regex,非空值绝大多数符合12小时制时间格式，含可选的a.m./p.m.及括号注释,,
1030,act_dep_time,Contact Airline,FI,regex,非空值绝大多数符合12小时制时间格式，含可选的a.m./p.m.及括号注释,,
1032,act_dep_time,Contact Airline,FI,regex,非空值绝大多数符合12小时制时间格式，含可选的a.m./p.m.及括号注释,,
1035,act_dep_time,Not Available,FI,regex,非空值绝大多数符合12小时制时间格式，含可选的a.m./p.m.及括号注释,,
1036,act_dep_time,Not Available,FI,regex,非空值绝大多数符合12小时制时间格式，含可选的a.m./p.m.及括号注释,,
1037,act_dep_time,Not Available,FI,regex,非空值绝大多数符合12小时制时间格式，含可选的a.m./p.m.及括号注释,,
1038,act_dep_time,Not Available,FI,regex,非空值绝大多数符合12小时制时间格式，含可选的a.m./p.m.及括号注释,,
1043,act_dep_time,Not Available,FI,regex,非空值绝大多数符合12小时制时间格式，含可选的a.m./p.m.及括号注释,,
1047,act_dep_time,Contact Airline,FI,regex,非空值绝大多数符合12小时制时间格式，含可选的a.m./p.m.及括号注释,,
1049,act_dep_time,Contact Airline,FI,regex,非空值绝大多数符合12小时制时间格式，含可选的a.m./p.m.及括号注释,,
1050,act_dep_time,Contact Airline,FI,regex,非空值绝大多数符合12小时制时间格式，含可选的a.m./p.m.及括号注释,,
1054,act_dep_time,Contact Airline,FI,regex,非空值绝大多数符合12小时制时间格式，含可选的a.m./p.m.及括号注释,,
1056,act_dep_time,Contact Airline,FI,regex,非空值绝大多数符合12小时制时间格式，含可选的a.m./p.m.及括号注释,,
1063,act_dep_time,Contact Airline,FI,regex,非空值绝大多数符合12小时制时间格式，含可选的a.m./p.m.及括号注释,,
1080,act_dep_time,,MV,missing_value,缺失值：缺失哨兵(空串/NaN/empty 等),,
1113,act_dep_time,,MV,missing_value,缺失值：缺失哨兵(空串/NaN/empty 等),,
1115,act_dep_time,,MV,missing_value,缺失值：缺失哨兵(空串/NaN/empty 等),,
1130,act_dep_time,,MV,missing_value,缺失值：缺失哨兵(空串/NaN/empty 等),,
1131,act_dep_time,,MV,missing_value,缺失值：缺失哨兵(空串/NaN/empty 等),,
1132,act_dep_time,,MV,missing_value,缺失值：缺失哨兵(空串/NaN/empty 等),,
1133,act_dep_time,,MV,missing_value,缺失值：缺失哨兵(空串/NaN/empty 等),,
1137,act_dep_time,,MV,missing_value,缺失值：缺失哨兵(空串/NaN/empty 等),,
1140,act_dep_time,,MV,missing_value,缺失值：缺失哨兵(空串/NaN/empty 等),,
1141,act_dep_time,,MV,missing_value,缺失值：缺失哨兵(空串/NaN/empty 等),,
1170,act_dep_time,,MV,missing_value,缺失值：缺失哨兵(空串/NaN/empty 等),,
1173,act_dep_time,,MV,missing_value,缺失值：缺失哨兵(空串/NaN/empty 等),,
1174,act_dep_time,,MV,missing_value,缺失值：缺失哨兵(空串/NaN/empty 等),,
1178,act_dep_time,,MV,missing_value,缺失值：缺失哨兵(空串/NaN/empty 等),,
1181,act_dep_time,,MV,missing_value,缺失值：缺失哨兵(空串/NaN/empty 等),,
1182,act_dep_time,,MV,missing_value,缺失值：缺失哨兵(空串/NaN/empty 等),,
1189,act_dep_time,,MV,missing_value,缺失值：缺失哨兵(空串/NaN/empty 等),,
1191,act_dep_time,,MV,missing_value,缺失值：缺失哨兵(空串/NaN/empty 等),,
1192,act_dep_time,Not Available,FI,regex,非空值绝大多数符合12小时制时间格式，含可选的a.m./p.m.及括号注释,,
1196,act_dep_time,,MV,missing_value,缺失值：缺失哨兵(空串/NaN/empty 等),,
1198,act_dep_time,,MV,missing_value,缺失值：缺失哨兵(空串/NaN/empty 等),,
1204,act_dep_time,,MV,missing_value,缺失值：缺失哨兵(空串/NaN/empty 等),,
1205,act_dep_time,,MV,missing_value,缺失值：缺失哨兵(空串/NaN/empty 等),,
1211,act_dep_time,Not Available,FI,regex,非空值绝大多数符合12小时制时间格式，含可选的a.m./p.m.及括号注释,,
1212,act_dep_time,,MV,missing_value,缺失值：缺失哨兵(空串/NaN/empty 等),,
1213,act_dep_time,,MV,missing_value,缺失值：缺失哨兵(空串/NaN/empty 等),,
1214,act_dep_time,,MV,missing_value,缺失值：缺失哨兵(空串/NaN/empty 等),,
1219,act_dep_time,,MV,missing_value,缺失值：缺失哨兵(空串/NaN/empty 等),,
1220,act_dep_time,,MV,missing_value,缺失值：缺失哨兵(空串/NaN/empty 等),,
1221,act_dep_time,,MV,missing_value,缺失值：缺失哨兵(空串/NaN/empty 等),,
1224,act_dep_time,,MV,missing_value,缺失值：缺失哨兵(空串/NaN/empty 等),,
1230,act_dep_time,,MV,missing_value,缺失值：缺失哨兵(空串/NaN/empty 等),,
1235,act_dep_time,,MV,missing_value,缺失值：缺失哨兵(空串/NaN/empty 等),,
1237,act_dep_time,,MV,missing_value,缺失值：缺失哨兵(空串/NaN/empty 等),,
1238,act_dep_time,,MV,missing_value,缺失值：缺失哨兵(空串/NaN/empty 等),,
1244,act_dep_time,,MV,missing_value,缺失值：缺失哨兵(空串/NaN/empty 等),,
1245,act_dep_time,,MV,missing_value,缺失值：缺失哨兵(空串/NaN/empty 等),,
1248,act_dep_time,,MV,missing_value,缺失值：缺失哨兵(空串/NaN/empty 等),,
1251,act_dep_time,,MV,missing_value,缺失值：缺失哨兵(空串/NaN/empty 等),,
1252,act_dep_time,,MV,missing_value,缺失值：缺失哨兵(空串/NaN/empty 等),,
1260,act_dep_time,,MV,missing_value,缺失值：缺失哨兵(空串/NaN/empty 等),,
1261,act_dep_time,,MV,missing_value,缺失值：缺失哨兵(空串/NaN/empty 等),,
1264,act_dep_time,,MV,missing_value,缺失值：缺失哨兵(空串/NaN/empty 等),,
1269,act_dep_time,,MV,missing_value,缺失值：缺失哨兵(空串/NaN/empty 等),,
1271,act_dep_time,,MV,missing_value,缺失值：缺失哨兵(空串/NaN/empty 等),,
1279,act_dep_time,,MV,missing_value,缺失值：缺失哨兵(空串/NaN/empty 等),,
1284,act_dep_time,,MV,missing_value,缺失值：缺失哨兵(空串/NaN/empty 等),,
1293,act_dep_time,,MV,missing_value,缺失值：缺失哨兵(空串/NaN/empty 等),,
1295,act_dep_time,,MV,missing_value,缺失值：缺失哨兵(空串/NaN/empty 等),,
1301,act_dep_time,,MV,missing_value,缺失值：缺失哨兵(空串/NaN/empty 等),,
1302,act_dep_time,,MV,missing_value,缺失值：缺失哨兵(空串/NaN/empty 等),,
1308,act_dep_time,,MV,missing_value,缺失值：缺失哨兵(空串/NaN/empty 等),,
1315,act_dep_time,,MV,missing_value,缺失值：缺失哨兵(空串/NaN/empty 等),,
1319,act_dep_time,,MV,missing_value,缺失值：缺失哨兵(空串/NaN/empty 等),,
1323,act_dep_time,7:02aDec 1,FI,regex,非空值绝大多数符合12小时制时间格式，含可选的a.m./p.m.及括号注释,,
1325,act_dep_time,6:40aDec 1,FI,regex,非空值绝大多数符合12小时制时间格式，含可选的a.m./p.m.及括号注释,,
1326,act_dep_time,8:48aDec 1,FI,regex,非空值绝大多数符合12小时制时间格式，含可选的a.m./p.m.及括号注释,,
1327,act_dep_time,,MV,missing_value,缺失值：缺失哨兵(空串/NaN/empty 等),,
1329,act_dep_time,11:54aDec 1,FI,regex,非空值绝大多数符合12小时制时间格式，含可选的a.m./p.m.及括号注释,,
1331,act_dep_time,11:37aDec 1,FI,regex,非空值绝大多数符合12小时制时间格式，含可选的a.m./p.m.及括号注释,,
1332,act_dep_time,,MV,missing_value,缺失值：缺失哨兵(空串/NaN/empty 等),,
1333,act_dep_time,,MV,missing_value,缺失值：缺失哨兵(空串/NaN/empty 等),,
1334,act_dep_time,6:09aDec 1,FI,regex,非空值绝大多数符合12小时制时间格式，含可选的a.m./p.m.及括号注释,,
1335,act_dep_time,12:41aDec 1,FI,regex,非空值绝大多数符合12小时制时间格式，含可选的a.m./p.m.及括号注释,,
1337,act_dep_time,,MV,missing_value,缺失值：缺失哨兵(空串/NaN/empty 等),,
1338,act_dep_time,10:19aDec 1,FI,regex,非空值绝大多数符合12小时制时间格式，含可选的a.m./p.m.及括号注释,,
1339,act_dep_time,9:59aDec 1,FI,regex,非空值绝大多数符合12小时制时间格式，含可选的a.m./p.m.及括号注释,,
1340,act_dep_time,8:12aDec 1,FI,regex,非空值绝大多数符合12小时制时间格式，含可选的a.m./p.m.及括号注释,,
1341,act_dep_time,7:04aDec 1,FI,regex,非空值绝大多数符合12小时制时间格式，含可选的a.m./p.m.及括号注释,,
1343,act_dep_time,10:42aDec 1,FI,regex,非空值绝大多数符合12小时制时间格式，含可选的a.m./p.m.及括号注释,,
1345,act_dep_time,8:00aDec 1,FI,regex,非空值绝大多数符合12小时制时间格式，含可选的a.m./p.m.及括号注释,,
1347,act_dep_time,11:54aDec 1,FI,regex,非空值绝大多数符合12小时制时间格式，含可选的a.m./p.m.及括号注释,,
1348,act_dep_time,11:56aDec 1,FI,regex,非空值绝大多数符合12小时制时间格式，含可选的a.m./p.m.及括号注释,,
1349,act_dep_time,5:58aDec 1,FI,regex,非空值绝大多数符合12小时制时间格式，含可选的a.m./p.m.及括号注释,,
1350,act_dep_time,11:30aDec 1,FI,regex,非空值绝大多数符合12小时制时间格式，含可选的a.m./p.m.及括号注释,,
1351,act_dep_time,6:02aDec 1,FI,regex,非空值绝大多数符合12小时制时间格式，含可选的a.m./p.m.及括号注释,,
1352,act_dep_time,8:40aDec 1,FI,regex,非空值绝大多数符合12小时制时间格式，含可选的a.m./p.m.及括号注释,,
1353,act_dep_time,10:10aDec 1,FI,regex,非空值绝大多数符合12小时制时间格式，含可选的a.m./p.m.及括号注释,,
1355,act_dep_time,7:49aDec 1,FI,regex,非空值绝大多数符合12小时制时间格式，含可选的a.m./p.m.及括号注释,,
1357,act_dep_time,11:47aDec 1,FI,regex,非空值绝大多数符合12小时制时间格式，含可选的a.m./p.m.及括号注释,,
1359,act_dep_time,11:51aDec 1,FI,regex,非空值绝大多数符合12小时制时间格式，含可选的a.m./p.m.及括号注释,,
1362,act_dep_time,10:46aDec 1,FI,regex,非空值绝大多数符合12小时制时间格式，含可选的a.m./p.m.及括号注释,,
1365,act_dep_time,7:08aDec 1,FI,regex,非空值绝大多数符合12小时制时间格式，含可选的a.m./p.m.及括号注释,,
1366,act_dep_time,,MV,missing_value,缺失值：缺失哨兵(空串/NaN/empty 等),,
1368,act_dep_time,,MV,missing_value,缺失值：缺失哨兵(空串/NaN/empty 等),,
1370,act_dep_time,9:14aDec 1,FI,regex,非空值绝大多数符合12小时制时间格式，含可选的a.m./p.m.及括号注释,,
1371,act_dep_time,5:59aDec 1,FI,regex,非空值绝大多数符合12小时制时间格式，含可选的a.m./p.m.及括号注释,,
1372,act_dep_time,7:10aDec 1,FI,regex,非空值绝大多数符合12小时制时间格式，含可选的a.m./p.m.及括号注释,,
1377,act_dep_time,10:20aDec 1,FI,regex,非空值绝大多数符合12小时制时间格式，含可选的a.m./p.m.及括号注释,,
1378,act_dep_time,7:07aDec 1,FI,regex,非空值绝大多数符合12小时制时间格式，含可选的a.m./p.m.及括号注释,,
1379,act_dep_time,10:47aDec 1,FI,regex,非空值绝大多数符合12小时制时间格式，含可选的a.m./p.m.及括号注释,,
1383,act_dep_time,,MV,missing_value,缺失值：缺失哨兵(空串/NaN/empty 等),,
1384,act_dep_time,,MV,missing_value,缺失值：缺失哨兵(空串/NaN/empty 等),,
1385,act_dep_time,,MV,missing_value,缺失值：缺失哨兵(空串/NaN/empty 等),,
1386,act_dep_time,,MV,missing_value,缺失值：缺失哨兵(空串/NaN/empty 等),,
1387,act_dep_time,6:56aDec 1,FI,regex,非空值绝大多数符合12小时制时间格式，含可选的a.m./p.m.及括号注释,,
1388,act_dep_time,8:31aDec 1,FI,regex,非空值绝大多数符合12小时制时间格式，含可选的a.m./p.m.及括号注释,,
1389,act_dep_time,,MV,missing_value,缺失值：缺失哨兵(空串/NaN/empty 等),,
1391,act_dep_time,7:27aDec 1,FI,regex,非空值绝大多数符合12小时制时间格式，含可选的a.m./p.m.及括号注释,,
1392,act_dep_time,,MV,missing_value,缺失值：缺失哨兵(空串/NaN/empty 等),,
1393,act_dep_time,,MV,missing_value,缺失值：缺失哨兵(空串/NaN/empty 等),,
1395,act_dep_time,11:15aDec 1,FI,regex,非空值绝大多数符合12小时制时间格式，含可选的a.m./p.m.及括号注释,,
1399,act_dep_time,9:16aDec 1,FI,regex,非空值绝大多数符合12小时制时间格式，含可选的a.m./p.m.及括号注释,,
1402,act_dep_time,7:10aDec 1,FI,regex,非空值绝大多数符合12小时制时间格式，含可选的a.m./p.m.及括号注释,,
1404,act_dep_time,7:51aDec 1,FI,regex,非空值绝大多数符合12小时制时间格式，含可选的a.m./p.m.及括号注释,,
1405,act_dep_time,8:52aDec 1,FI,regex,非空值绝大多数符合12小时制时间格式，含可选的a.m./p.m.及括号注释,,
1407,act_dep_time,8:32aDec 1,FI,regex,非空值绝大多数符合12小时制时间格式，含可选的a.m./p.m.及括号注释,,
1409,act_dep_time,7:28aDec 1,FI,regex,非空值绝大多数符合12小时制时间格式，含可选的a.m./p.m.及括号注释,,
1410,act_dep_time,11:20aDec 1,FI,regex,非空值绝大多数符合12小时制时间格式，含可选的a.m./p.m.及括号注释,,
1412,act_dep_time,11:33aDec 1,FI,regex,非空值绝大多数符合12小时制时间格式，含可选的a.m./p.m.及括号注释,,
1413,act_dep_time,7:22aDec 1,FI,regex,非空值绝大多数符合12小时制时间格式，含可选的a.m./p.m.及括号注释,,
1415,act_dep_time,11:43aDec 1,FI,regex,非空值绝大多数符合12小时制时间格式，含可选的a.m./p.m.及括号注释,,
1416,act_dep_time,10:35aDec 1,FI,regex,非空值绝大多数符合12小时制时间格式，含可选的a.m./p.m.及括号注释,,
1417,act_dep_time,6:41aDec 1,FI,regex,非空值绝大多数符合12小时制时间格式，含可选的a.m./p.m.及括号注释,,
1419,act_dep_time,5:56aDec 1,FI,regex,非空值绝大多数符合12小时制时间格式，含可选的a.m./p.m.及括号注释,,
1420,act_dep_time,7:14aDec 1,FI,regex,非空值绝大多数符合12小时制时间格式，含可选的a.m./p.m.及括号注释,,
1421,act_dep_time,7:05aDec 1,FI,regex,非空值绝大多数符合12小时制时间格式，含可选的a.m./p.m.及括号注释,,
1422,act_dep_time,,MV,missing_value,缺失值：缺失哨兵(空串/NaN/empty 等),,
1423,act_dep_time,,MV,missing_value,缺失值：缺失哨兵(空串/NaN/empty 等),,
1424,act_dep_time,,MV,missing_value,缺失值：缺失哨兵(空串/NaN/empty 等),,
1425,act_dep_time,,MV,missing_value,缺失值：缺失哨兵(空串/NaN/empty 等),,
1481,act_dep_time,,MV,missing_value,缺失值：缺失哨兵(空串/NaN/empty 等),,
1482,act_dep_time,,MV,missing_value,缺失值：缺失哨兵(空串/NaN/empty 等),,
1483,act_dep_time,,MV,missing_value,缺失值：缺失哨兵(空串/NaN/empty 等),,
1484,act_dep_time,,MV,missing_value,缺失值：缺失哨兵(空串/NaN/empty 等),,
1485,act_dep_time,,MV,missing_value,缺失值：缺失哨兵(空串/NaN/empty 等),,
1486,act_dep_time,,MV,missing_value,缺失值：缺失哨兵(空串/NaN/empty 等),,
1488,act_dep_time,,MV,missing_value,缺失值：缺失哨兵(空串/NaN/empty 等),,
1494,act_dep_time,,MV,missing_value,缺失值：缺失哨兵(空串/NaN/empty 等),,
1499,act_dep_time,,MV,missing_value,缺失值：缺失哨兵(空串/NaN/empty 等),,
1501,act_dep_time,,MV,missing_value,缺失值：缺失哨兵(空串/NaN/empty 等),,
1502,act_dep_time,,MV,missing_value,缺失值：缺失哨兵(空串/NaN/empty 等),,
1508,act_dep_time,,MV,missing_value,缺失值：缺失哨兵(空串/NaN/empty 等),,
1509,act_dep_time,,MV,missing_value,缺失值：缺失哨兵(空串/NaN/empty 等),,
1512,act_dep_time,,MV,missing_value,缺失值：缺失哨兵(空串/NaN/empty 等),,
1515,act_dep_time,,MV,missing_value,缺失值：缺失哨兵(空串/NaN/empty 等),,
1516,act_dep_time,,MV,missing_value,缺失值：缺失哨兵(空串/NaN/empty 等),,
1524,act_dep_time,,MV,missing_value,缺失值：缺失哨兵(空串/NaN/empty 等),,
1525,act_dep_time,,MV,missing_value,缺失值：缺失哨兵(空串/NaN/empty 等),,
1528,act_dep_time,,MV,missing_value,缺失值：缺失哨兵(空串/NaN/empty 等),,
1533,act_dep_time,,MV,missing_value,缺失值：缺失哨兵(空串/NaN/empty 等),,
1535,act_dep_time,,MV,missing_value,缺失值：缺失哨兵(空串/NaN/empty 等),,
1543,act_dep_time,,MV,missing_value,缺失值：缺失哨兵(空串/NaN/empty 等),,
1548,act_dep_time,,MV,missing_value,缺失值：缺失哨兵(空串/NaN/empty 等),,
1557,act_dep_time,,MV,missing_value,缺失值：缺失哨兵(空串/NaN/empty 等),,
1559,act_dep_time,,MV,missing_value,缺失值：缺失哨兵(空串/NaN/empty 等),,
1565,act_dep_time,,MV,missing_value,缺失值：缺失哨兵(空串/NaN/empty 等),,
1566,act_dep_time,,MV,missing_value,缺失值：缺失哨兵(空串/NaN/empty 等),,
1572,act_dep_time,,MV,missing_value,缺失值：缺失哨兵(空串/NaN/empty 等),,
1579,act_dep_time,,MV,missing_value,缺失值：缺失哨兵(空串/NaN/empty 等),,
1583,act_dep_time,,MV,missing_value,缺失值：缺失哨兵(空串/NaN/empty 等),,
1589,act_dep_time,,MV,missing_value,缺失值：缺失哨兵(空串/NaN/empty 等),,
1590,act_dep_time,,MV,missing_value,缺失值：缺失哨兵(空串/NaN/empty 等),,
1591,act_dep_time,Contact Airline,FI,regex,非空值绝大多数符合12小时制时间格式，含可选的a.m./p.m.及括号注释,,
1592,act_dep_time,,MV,missing_value,缺失值：缺失哨兵(空串/NaN/empty 等),,
1593,act_dep_time,,MV,missing_value,缺失值：缺失哨兵(空串/NaN/empty 等),,
1594,act_dep_time,12:41aDec 1,FI,regex,非空值绝大多数符合12小时制时间格式，含可选的a.m./p.m.及括号注释,,
1596,act_dep_time,10:19aDec 1,FI,regex,非空值绝大多数符合12小时制时间格式，含可选的a.m./p.m.及括号注释,,
1597,act_dep_time,7:04aDec 1,FI,regex,非空值绝大多数符合12小时制时间格式，含可选的a.m./p.m.及括号注释,,
1599,act_dep_time,11:56aDec 1,FI,regex,非空值绝大多数符合12小时制时间格式，含可选的a.m./p.m.及括号注释,,
1600,act_dep_time,5:58aDec 1,FI,regex,非空值绝大多数符合12小时制时间格式，含可选的a.m./p.m.及括号注释,,
1601,act_dep_time,11:30aDec 1,FI,regex,非空值绝大多数符合12小时制时间格式，含可选的a.m./p.m.及括号注释,,
1603,act_dep_time,7:28aDec 1,FI,regex,非空值绝大多数符合12小时制时间格式，含可选的a.m./p.m.及括号注释,,
1606,act_dep_time,11:47aDec 1,FI,regex,非空值绝大多数符合12小时制时间格式，含可选的a.m./p.m.及括号注释,,
1607,act_dep_time,11:51aDec 1,FI,regex,非空值绝大多数符合12小时制时间格式，含可选的a.m./p.m.及括号注释,,
1610,act_dep_time,5:59aDec 1,FI,regex,非空值绝大多数符合12小时制时间格式，含可选的a.m./p.m.及括号注释,,
1611,act_dep_time,7:10aDec 1,FI,regex,非空值绝大多数符合12小时制时间格式，含可选的a.m./p.m.及括号注释,,
1613,act_dep_time,7:22aDec 1,FI,regex,非空值绝大多数符合12小时制时间格式，含可选的a.m./p.m.及括号注释,,
1615,act_dep_time,7:07aDec 1,FI,regex,非空值绝大多数符合12小时制时间格式，含可选的a.m./p.m.及括号注释,,
1617,act_dep_time,,MV,missing_value,缺失值：缺失哨兵(空串/NaN/empty 等),,
1618,act_dep_time,Not Available,FI,regex,非空值绝大多数符合12小时制时间格式，含可选的a.m./p.m.及括号注释,,
1619,act_dep_time,,MV,missing_value,缺失值：缺失哨兵(空串/NaN/empty 等),,
1620,act_dep_time,6:56aDec 1,FI,regex,非空值绝大多数符合12小时制时间格式，含可选的a.m./p.m.及括号注释,,
1621,act_dep_time,8:31aDec 1,FI,regex,非空值绝大多数符合12小时制时间格式，含可选的a.m./p.m.及括号注释,,
1623,act_dep_time,Not Available,FI,regex,非空值绝大多数符合12小时制时间格式，含可选的a.m./p.m.及括号注释,,
1625,act_dep_time,,MV,missing_value,缺失值：缺失哨兵(空串/NaN/empty 等),,
1630,act_dep_time,8:52aDec 1,FI,regex,非空值绝大多数符合12小时制时间格式，含可选的a.m./p.m.及括号注释,,
1631,act_dep_time,7:14aDec 1,FI,regex,非空值绝大多数符合12小时制时间格式，含可选的a.m./p.m.及括号注释,,
1632,act_dep_time,8:32aDec 1,FI,regex,非空值绝大多数符合12小时制时间格式，含可选的a.m./p.m.及括号注释,,
1633,act_dep_time,11:20aDec 1,FI,regex,非空值绝大多数符合12小时制时间格式，含可选的a.m./p.m.及括号注释,,
1636,act_dep_time,6:41aDec 1,FI,regex,非空值绝大多数符合12小时制时间格式，含可选的a.m./p.m.及括号注释,,
1637,act_dep_time,,MV,missing_value,缺失值：缺失哨兵(空串/NaN/empty 等),,
1638,act_dep_time,,MV,missing_value,缺失值：缺失哨兵(空串/NaN/empty 等),,
1639,act_dep_time,,MV,missing_value,缺失值：缺失哨兵(空串/NaN/empty 等),,
1640,act_dep_time,,MV,missing_value,缺失值：缺失哨兵(空串/NaN/empty 等),,
1641,act_dep_time,,MV,missing_value,缺失值：缺失哨兵(空串/NaN/empty 等),,
1642,act_dep_time,,MV,missing_value,缺失值：缺失哨兵(空串/NaN/empty 等),,
1643,act_dep_time,,MV,missing_value,缺失值：缺失哨兵(空串/NaN/empty 等),,
1644,act_dep_time,,MV,missing_value,缺失值：缺失哨兵(空串/NaN/empty 等),,
1645,act_dep_time,,MV,missing_value,缺失值：缺失哨兵(空串/NaN/empty 等),,
1646,act_dep_time,,MV,missing_value,缺失值：缺失哨兵(空串/NaN/empty 等),,
1647,act_dep_time,,MV,missing_value,缺失值：缺失哨兵(空串/NaN/empty 等),,
1648,act_dep_time,,MV,missing_value,缺失值：缺失哨兵(空串/NaN/empty 等),,
1649,act_dep_time,,MV,missing_value,缺失值：缺失哨兵(空串/NaN/empty 等),,
1650,act_dep_time,,MV,missing_value,缺失值：缺失哨兵(空串/NaN/empty 等),,
1651,act_dep_time,,MV,missing_value,缺失值：缺失哨兵(空串/NaN/empty 等),,
1652,act_dep_time,,MV,missing_value,缺失值：缺失哨兵(空串/NaN/empty 等),,
1653,act_dep_time,,MV,missing_value,缺失值：缺失哨兵(空串/NaN/empty 等),,
1654,act_dep_time,,MV,missing_value,缺失值：缺失哨兵(空串/NaN/empty 等),,
1655,act_dep_time,,MV,missing_value,缺失值：缺失哨兵(空串/NaN/empty 等),,
1656,act_dep_time,,MV,missing_value,缺失值：缺失哨兵(空串/NaN/empty 等),,
1657,act_dep_time,,MV,missing_value,缺失值：缺失哨兵(空串/NaN/empty 等),,
1658,act_dep_time,,MV,missing_value,缺失值：缺失哨兵(空串/NaN/empty 等),,
1659,act_dep_time,,MV,missing_value,缺失值：缺失哨兵(空串/NaN/empty 等),,
1660,act_dep_time,,MV,missing_value,缺失值：缺失哨兵(空串/NaN/empty 等),,
1733,act_dep_time,12:35 p.m.            Delayed,FI,regex,非空值绝大多数符合12小时制时间格式，含可选的a.m./p.m.及括号注释,,
1737,act_dep_time,1:32 p.m.            Delayed,FI,regex,非空值绝大多数符合12小时制时间格式，含可选的a.m./p.m.及括号注释,,
1739,act_dep_time,4:28 p.m.            Delayed,FI,regex,非空值绝大多数符合12小时制时间格式，含可选的a.m./p.m.及括号注释,,
1743,act_dep_time,1:48 p.m.            Delayed,FI,regex,非空值绝大多数符合12小时制时间格式，含可选的a.m./p.m.及括号注释,,
1747,act_dep_time,11:08 p.m.            On Time,FI,regex,非空值绝大多数符合12小时制时间格式，含可选的a.m./p.m.及括号注释,,
1752,act_dep_time,9:16 a.m.            Delayed,FI,regex,非空值绝大多数符合12小时制时间格式，含可选的a.m./p.m.及括号注释,,
1763,act_dep_time,,MV,missing_value,缺失值：缺失哨兵(空串/NaN/empty 等),,
1768,act_dep_time,,MV,missing_value,缺失值：缺失哨兵(空串/NaN/empty 等),,
1801,act_dep_time,,MV,missing_value,缺失值：缺失哨兵(空串/NaN/empty 等),,
1803,act_dep_time,,MV,missing_value,缺失值：缺失哨兵(空串/NaN/empty 等),,
1818,act_dep_time,,MV,missing_value,缺失值：缺失哨兵(空串/NaN/empty 等),,
1819,act_dep_time,,MV,missing_value,缺失值：缺失哨兵(空串/NaN/empty 等),,
1820,act_dep_time,,MV,missing_value,缺失值：缺失哨兵(空串/NaN/empty 等),,
1821,act_dep_time,,MV,missing_value,缺失值：缺失哨兵(空串/NaN/empty 等),,
1825,act_dep_time,,MV,missing_value,缺失值：缺失哨兵(空串/NaN/empty 等),,
1828,act_dep_time,,MV,missing_value,缺失值：缺失哨兵(空串/NaN/empty 等),,
1829,act_dep_time,,MV,missing_value,缺失值：缺失哨兵(空串/NaN/empty 等),,
1928,act_dep_time,,MV,missing_value,缺失值：缺失哨兵(空串/NaN/empty 等),,
1960,act_dep_time,,MV,missing_value,缺失值：缺失哨兵(空串/NaN/empty 等),,
1993,act_dep_time,,MV,missing_value,缺失值：缺失哨兵(空串/NaN/empty 等),,
1995,act_dep_time,,MV,missing_value,缺失值：缺失哨兵(空串/NaN/empty 等),,
2010,act_dep_time,,MV,missing_value,缺失值：缺失哨兵(空串/NaN/empty 等),,
2011,act_dep_time,,MV,missing_value,缺失值：缺失哨兵(空串/NaN/empty 等),,
2012,act_dep_time,,MV,missing_value,缺失值：缺失哨兵(空串/NaN/empty 等),,
2013,act_dep_time,,MV,missing_value,缺失值：缺失哨兵(空串/NaN/empty 等),,
2017,act_dep_time,,MV,missing_value,缺失值：缺失哨兵(空串/NaN/empty 等),,
2020,act_dep_time,,MV,missing_value,缺失值：缺失哨兵(空串/NaN/empty 等),,
2021,act_dep_time,,MV,missing_value,缺失值：缺失哨兵(空串/NaN/empty 等),,
2055,act_dep_time,,MV,missing_value,缺失值：缺失哨兵(空串/NaN/empty 等),,
2060,act_dep_time,,MV,missing_value,缺失值：缺失哨兵(空串/NaN/empty 等),,
2093,act_dep_time,,MV,missing_value,缺失值：缺失哨兵(空串/NaN/empty 等),,
2095,act_dep_time,,MV,missing_value,缺失值：缺失哨兵(空串/NaN/empty 等),,
2110,act_dep_time,,MV,missing_value,缺失值：缺失哨兵(空串/NaN/empty 等),,
2111,act_dep_time,,MV,missing_value,缺失值：缺失哨兵(空串/NaN/empty 等),,
2112,act_dep_time,,MV,missing_value,缺失值：缺失哨兵(空串/NaN/empty 等),,
2113,act_dep_time,,MV,missing_value,缺失值：缺失哨兵(空串/NaN/empty 等),,
2117,act_dep_time,,MV,missing_value,缺失值：缺失哨兵(空串/NaN/empty 等),,
2120,act_dep_time,,MV,missing_value,缺失值：缺失哨兵(空串/NaN/empty 等),,
2121,act_dep_time,,MV,missing_value,缺失值：缺失哨兵(空串/NaN/empty 等),,
2150,act_dep_time,,MV,missing_value,缺失值：缺失哨兵(空串/NaN/empty 等),,
2151,act_dep_time,,MV,missing_value,缺失值：缺失哨兵(空串/NaN/empty 等),,
2152,act_dep_time,,MV,missing_value,缺失值：缺失哨兵(空串/NaN/empty 等),,
2153,act_dep_time,,MV,missing_value,缺失值：缺失哨兵(空串/NaN/empty 等),,
2154,act_dep_time,,MV,missing_value,缺失值：缺失哨兵(空串/NaN/empty 等),,
2165,act_dep_time,,MV,missing_value,缺失值：缺失哨兵(空串/NaN/empty 等),,
2198,act_dep_time,,MV,missing_value,缺失值：缺失哨兵(空串/NaN/empty 等),,
2200,act_dep_time,,MV,missing_value,缺失值：缺失哨兵(空串/NaN/empty 等),,
2215,act_dep_time,,MV,missing_value,缺失值：缺失哨兵(空串/NaN/empty 等),,
2216,act_dep_time,,MV,missing_value,缺失值：缺失哨兵(空串/NaN/empty 等),,
2217,act_dep_time,,MV,missing_value,缺失值：缺失哨兵(空串/NaN/empty 等),,
2218,act_dep_time,,MV,missing_value,缺失值：缺失哨兵(空串/NaN/empty 等),,
2222,act_dep_time,,MV,missing_value,缺失值：缺失哨兵(空串/NaN/empty 等),,
2225,act_dep_time,,MV,missing_value,缺失值：缺失哨兵(空串/NaN/empty 等),,
2226,act_dep_time,,MV,missing_value,缺失值：缺失哨兵(空串/NaN/empty 等),,
5,sched_arr_time,12/02/2011 6:55 a.m.,FI,regex,格式应为 小时:分钟 午别，可选后接星期 日-月-年；样例符合度高,,
31,sched_arr_time,12/02/2011 5:50 a.m.,FI,regex,格式应为 小时:分钟 午别，可选后接星期 日-月-年；样例符合度高,,
32,sched_arr_time,12/02/2011 12:15 a.m.,FI,regex,格式应为 小时:分钟 午别，可选后接星期 日-月-年；样例符合度高,,
50,sched_arr_time,,MV,missing_value,缺失值：缺失哨兵(空串/NaN/empty 等),,
52,sched_arr_time,,MV,missing_value,缺失值：缺失哨兵(空串/NaN/empty 等),,
53,sched_arr_time,,MV,missing_value,缺失值：缺失哨兵(空串/NaN/empty 等),,
54,sched_arr_time,,MV,missing_value,缺失值：缺失哨兵(空串/NaN/empty 等),,
55,sched_arr_time,,MV,missing_value,缺失值：缺失哨兵(空串/NaN/empty 等),,
56,sched_arr_time,,MV,missing_value,缺失值：缺失哨兵(空串/NaN/empty 等),,
58,sched_arr_time,,MV,missing_value,缺失值：缺失哨兵(空串/NaN/empty 等),,
59,sched_arr_time,,MV,missing_value,缺失值：缺失哨兵(空串/NaN/empty 等),,
60,sched_arr_time,,MV,missing_value,缺失值：缺失哨兵(空串/NaN/empty 等),,
61,sched_arr_time,,MV,missing_value,缺失值：缺失哨兵(空串/NaN/empty 等),,
63,sched_arr_time,,MV,missing_value,缺失值：缺失哨兵(空串/NaN/empty 等),,
66,sched_arr_time,,MV,missing_value,缺失值：缺失哨兵(空串/NaN/empty 等),,
67,sched_arr_time,,MV,missing_value,缺失值：缺失哨兵(空串/NaN/empty 等),,
68,sched_arr_time,,MV,missing_value,缺失值：缺失哨兵(空串/NaN/empty 等),,
69,sched_arr_time,,MV,missing_value,缺失值：缺失哨兵(空串/NaN/empty 等),,
70,sched_arr_time,,MV,missing_value,缺失值：缺失哨兵(空串/NaN/empty 等),,
73,sched_arr_time,,MV,missing_value,缺失值：缺失哨兵(空串/NaN/empty 等),,
74,sched_arr_time,,MV,missing_value,缺失值：缺失哨兵(空串/NaN/empty 等),,
76,sched_arr_time,,MV,missing_value,缺失值：缺失哨兵(空串/NaN/empty 等),,
77,sched_arr_time,,MV,missing_value,缺失值：缺失哨兵(空串/NaN/empty 等),,
80,sched_arr_time,,MV,missing_value,缺失值：缺失哨兵(空串/NaN/empty 等),,
81,sched_arr_time,,MV,missing_value,缺失值：缺失哨兵(空串/NaN/empty 等),,
82,sched_arr_time,,MV,missing_value,缺失值：缺失哨兵(空串/NaN/empty 等),,
83,sched_arr_time,,MV,missing_value,缺失值：缺失哨兵(空串/NaN/empty 等),,
84,sched_arr_time,,MV,missing_value,缺失值：缺失哨兵(空串/NaN/empty 等),,
85,sched_arr_time,,MV,missing_value,缺失值：缺失哨兵(空串/NaN/empty 等),,
86,sched_arr_time,,MV,missing_value,缺失值：缺失哨兵(空串/NaN/empty 等),,
89,sched_arr_time,,MV,missing_value,缺失值：缺失哨兵(空串/NaN/empty 等),,
90,sched_arr_time,,MV,missing_value,缺失值：缺失哨兵(空串/NaN/empty 等),,
92,sched_arr_time,,MV,missing_value,缺失值：缺失哨兵(空串/NaN/empty 等),,
93,sched_arr_time,,MV,missing_value,缺失值：缺失哨兵(空串/NaN/empty 等),,
94,sched_arr_time,,MV,missing_value,缺失值：缺失哨兵(空串/NaN/empty 等),,
95,sched_arr_time,,MV,missing_value,缺失值：缺失哨兵(空串/NaN/empty 等),,
96,sched_arr_time,12/2/11 12:21 a.m.,FI,regex,格式应为 小时:分钟 午别，可选后接星期 日-月-年；样例符合度高,,
97,sched_arr_time,,MV,missing_value,缺失值：缺失哨兵(空串/NaN/empty 等),,
99,sched_arr_time,,MV,missing_value,缺失值：缺失哨兵(空串/NaN/empty 等),,
100,sched_arr_time,,MV,missing_value,缺失值：缺失哨兵(空串/NaN/empty 等),,
101,sched_arr_time,,MV,missing_value,缺失值：缺失哨兵(空串/NaN/empty 等),,
102,sched_arr_time,,MV,missing_value,缺失值：缺失哨兵(空串/NaN/empty 等),,
103,sched_arr_time,,MV,missing_value,缺失值：缺失哨兵(空串/NaN/empty 等),,
104,sched_arr_time,,MV,missing_value,缺失值：缺失哨兵(空串/NaN/empty 等),,
105,sched_arr_time,,MV,missing_value,缺失值：缺失哨兵(空串/NaN/empty 等),,
107,sched_arr_time,,MV,missing_value,缺失值：缺失哨兵(空串/NaN/empty 等),,
108,sched_arr_time,,MV,missing_value,缺失值：缺失哨兵(空串/NaN/empty 等),,
109,sched_arr_time,,MV,missing_value,缺失值：缺失哨兵(空串/NaN/empty 等),,
110,sched_arr_time,,MV,missing_value,缺失值：缺失哨兵(空串/NaN/empty 等),,
112,sched_arr_time,,MV,missing_value,缺失值：缺失哨兵(空串/NaN/empty 等),,
113,sched_arr_time,,MV,missing_value,缺失值：缺失哨兵(空串/NaN/empty 等),,
114,sched_arr_time,,MV,missing_value,缺失值：缺失哨兵(空串/NaN/empty 等),,
115,sched_arr_time,,MV,missing_value,缺失值：缺失哨兵(空串/NaN/empty 等),,
116,sched_arr_time,,MV,missing_value,缺失值：缺失哨兵(空串/NaN/empty 等),,
117,sched_arr_time,,MV,missing_value,缺失值：缺失哨兵(空串/NaN/empty 等),,
118,sched_arr_time,,MV,missing_value,缺失值：缺失哨兵(空串/NaN/empty 等),,
119,sched_arr_time,,MV,missing_value,缺失值：缺失哨兵(空串/NaN/empty 等),,
121,sched_arr_time,,MV,missing_value,缺失值：缺失哨兵(空串/NaN/empty 等),,
122,sched_arr_time,12/2/11 5:11 a.m.,FI,regex,格式应为 小时:分钟 午别，可选后接星期 日-月-年；样例符合度高,,
123,sched_arr_time,,MV,missing_value,缺失值：缺失哨兵(空串/NaN/empty 等),,
124,sched_arr_time,,MV,missing_value,缺失值：缺失哨兵(空串/NaN/empty 等),,
125,sched_arr_time,,MV,missing_value,缺失值：缺失哨兵(空串/NaN/empty 等),,
126,sched_arr_time,,MV,missing_value,缺失值：缺失哨兵(空串/NaN/empty 等),,
127,sched_arr_time,,MV,missing_value,缺失值：缺失哨兵(空串/NaN/empty 等),,
130,sched_arr_time,,MV,missing_value,缺失值：缺失哨兵(空串/NaN/empty 等),,
131,sched_arr_time,,MV,missing_value,缺失值：缺失哨兵(空串/NaN/empty 等),,
132,sched_arr_time,,MV,missing_value,缺失值：缺失哨兵(空串/NaN/empty 等),,
133,sched_arr_time,,MV,missing_value,缺失值：缺失哨兵(空串/NaN/empty 等),,
134,sched_arr_time,,MV,missing_value,缺失值：缺失哨兵(空串/NaN/empty 等),,
136,sched_arr_time,,MV,missing_value,缺失值：缺失哨兵(空串/NaN/empty 等),,
137,sched_arr_time,,MV,missing_value,缺失值：缺失哨兵(空串/NaN/empty 等),,
138,sched_arr_time,,MV,missing_value,缺失值：缺失哨兵(空串/NaN/empty 等),,
139,sched_arr_time,,MV,missing_value,缺失值：缺失哨兵(空串/NaN/empty 等),,
140,sched_arr_time,,MV,missing_value,缺失值：缺失哨兵(空串/NaN/empty 等),,
141,sched_arr_time,,MV,missing_value,缺失值：缺失哨兵(空串/NaN/empty 等),,
143,sched_arr_time,,MV,missing_value,缺失值：缺失哨兵(空串/NaN/empty 等),,
144,sched_arr_time,,MV,missing_value,缺失值：缺失哨兵(空串/NaN/empty 等),,
145,sched_arr_time,,MV,missing_value,缺失值：缺失哨兵(空串/NaN/empty 等),,
147,sched_arr_time,,MV,missing_value,缺失值：缺失哨兵(空串/NaN/empty 等),,
148,sched_arr_time,,MV,missing_value,缺失值：缺失哨兵(空串/NaN/empty 等),,
149,sched_arr_time,,MV,missing_value,缺失值：缺失哨兵(空串/NaN/empty 等),,
151,sched_arr_time,,MV,missing_value,缺失值：缺失哨兵(空串/NaN/empty 等),,
154,sched_arr_time,,MV,missing_value,缺失值：缺失哨兵(空串/NaN/empty 等),,
158,sched_arr_time,,MV,missing_value,缺失值：缺失哨兵(空串/NaN/empty 等),,
159,sched_arr_time,,MV,missing_value,缺失值：缺失哨兵(空串/NaN/empty 等),,
160,sched_arr_time,6:55 a.m. Dec 02,FI,regex,格式应为 小时:分钟 午别，可选后接星期 日-月-年；样例符合度高,,
161,sched_arr_time,,MV,missing_value,缺失值：缺失哨兵(空串/NaN/empty 等),,
162,sched_arr_time,,MV,missing_value,缺失值：缺失哨兵(空串/NaN/empty 等),,
164,sched_arr_time,,MV,missing_value,缺失值：缺失哨兵(空串/NaN/empty 等),,
165,sched_arr_time,,MV,missing_value,缺失值：缺失哨兵(空串/NaN/empty 等),,
167,sched_arr_time,,MV,missing_value,缺失值：缺失哨兵(空串/NaN/empty 等),,
170,sched_arr_time,,MV,missing_value,缺失值：缺失哨兵(空串/NaN/empty 等),,
171,sched_arr_time,,MV,missing_value,缺失值：缺失哨兵(空串/NaN/empty 等),,
172,sched_arr_time,,MV,missing_value,缺失值：缺失哨兵(空串/NaN/empty 等),,
173,sched_arr_time,,MV,missing_value,缺失值：缺失哨兵(空串/NaN/empty 等),,
175,sched_arr_time,,MV,missing_value,缺失值：缺失哨兵(空串/NaN/empty 等),,
178,sched_arr_time,,MV,missing_value,缺失值：缺失哨兵(空串/NaN/empty 等),,
179,sched_arr_time,,MV,missing_value,缺失值：缺失哨兵(空串/NaN/empty 等),,
182,sched_arr_time,,MV,missing_value,缺失值：缺失哨兵(空串/NaN/empty 等),,
183,sched_arr_time,,MV,missing_value,缺失值：缺失哨兵(空串/NaN/empty 等),,
184,sched_arr_time,,MV,missing_value,缺失值：缺失哨兵(空串/NaN/empty 等),,
187,sched_arr_time,,MV,missing_value,缺失值：缺失哨兵(空串/NaN/empty 等),,
188,sched_arr_time,,MV,missing_value,缺失值：缺失哨兵(空串/NaN/empty 等),,
191,sched_arr_time,,MV,missing_value,缺失值：缺失哨兵(空串/NaN/empty 等),,
195,sched_arr_time,12:21 a.m. Dec 02,FI,regex,格式应为 小时:分钟 午别，可选后接星期 日-月-年；样例符合度高,,
196,sched_arr_time,,MV,missing_value,缺失值：缺失哨兵(空串/NaN/empty 等),,
200,sched_arr_time,,MV,missing_value,缺失值：缺失哨兵(空串/NaN/empty 等),,
202,sched_arr_time,,MV,missing_value,缺失值：缺失哨兵(空串/NaN/empty 等),,
204,sched_arr_time,,MV,missing_value,缺失值：缺失哨兵(空串/NaN/empty 等),,
205,sched_arr_time,,MV,missing_value,缺失值：缺失哨兵(空串/NaN/empty 等),,
209,sched_arr_time,,MV,missing_value,缺失值：缺失哨兵(空串/NaN/empty 等),,
210,sched_arr_time,5:50 a.m.Dec 02,FI,regex,格式应为 小时:分钟 午别，可选后接星期 日-月-年；样例符合度高,,
211,sched_arr_time,12:29 a.m. Dec 02,FI,regex,格式应为 小时:分钟 午别，可选后接星期 日-月-年；样例符合度高,,
212,sched_arr_time,12:15 a.m. Dec 02,FI,regex,格式应为 小时:分钟 午别，可选后接星期 日-月-年；样例符合度高,,
216,sched_arr_time,,MV,missing_value,缺失值：缺失哨兵(空串/NaN/empty 等),,
218,sched_arr_time,,MV,missing_value,缺失值：缺失哨兵(空串/NaN/empty 等),,
219,sched_arr_time,,MV,missing_value,缺失值：缺失哨兵(空串/NaN/empty 等),,
220,sched_arr_time,5:11 a.m.Dec 02,FI,regex,格式应为 小时:分钟 午别，可选后接星期 日-月-年；样例符合度高,,
222,sched_arr_time,,MV,missing_value,缺失值：缺失哨兵(空串/NaN/empty 等),,
223,sched_arr_time,,MV,missing_value,缺失值：缺失哨兵(空串/NaN/empty 等),,
224,sched_arr_time,,MV,missing_value,缺失值：缺失哨兵(空串/NaN/empty 等),,
225,sched_arr_time,,MV,missing_value,缺失值：缺失哨兵(空串/NaN/empty 等),,
226,sched_arr_time,,MV,missing_value,缺失值：缺失哨兵(空串/NaN/empty 等),,
227,sched_arr_time,,MV,missing_value,缺失值：缺失哨兵(空串/NaN/empty 等),,
233,sched_arr_time,,MV,missing_value,缺失值：缺失哨兵(空串/NaN/empty 等),,
235,sched_arr_time,,MV,missing_value,缺失值：缺失哨兵(空串/NaN/empty 等),,
238,sched_arr_time,,MV,missing_value,缺失值：缺失哨兵(空串/NaN/empty 等),,
242,sched_arr_time,,MV,missing_value,缺失值：缺失哨兵(空串/NaN/empty 等),,
337,sched_arr_time,,MV,missing_value,缺失值：缺失哨兵(空串/NaN/empty 等),,
339,sched_arr_time,,MV,missing_value,缺失值：缺失哨兵(空串/NaN/empty 等),,
340,sched_arr_time,,MV,missing_value,缺失值：缺失哨兵(空串/NaN/empty 等),,
341,sched_arr_time,,MV,missing_value,缺失值：缺失哨兵(空串/NaN/empty 等),,
342,sched_arr_time,,MV,missing_value,缺失值：缺失哨兵(空串/NaN/empty 等),,
343,sched_arr_time,,MV,missing_value,缺失值：缺失哨兵(空串/NaN/empty 等),,
345,sched_arr_time,,MV,missing_value,缺失值：缺失哨兵(空串/NaN/empty 等),,
346,sched_arr_time,,MV,missing_value,缺失值：缺失哨兵(空串/NaN/empty 等),,
347,sched_arr_time,,MV,missing_value,缺失值：缺失哨兵(空串/NaN/empty 等),,
348,sched_arr_time,,MV,missing_value,缺失值：缺失哨兵(空串/NaN/empty 等),,
350,sched_arr_time,,MV,missing_value,缺失值：缺失哨兵(空串/NaN/empty 等),,
353,sched_arr_time,,MV,missing_value,缺失值：缺失哨兵(空串/NaN/empty 等),,
354,sched_arr_time,,MV,missing_value,缺失值：缺失哨兵(空串/NaN/empty 等),,
355,sched_arr_time,,MV,missing_value,缺失值：缺失哨兵(空串/NaN/empty 等),,
356,sched_arr_time,,MV,missing_value,缺失值：缺失哨兵(空串/NaN/empty 等),,
357,sched_arr_time,,MV,missing_value,缺失值：缺失哨兵(空串/NaN/empty 等),,
360,sched_arr_time,,MV,missing_value,缺失值：缺失哨兵(空串/NaN/empty 等),,
361,sched_arr_time,,MV,missing_value,缺失值：缺失哨兵(空串/NaN/empty 等),,
363,sched_arr_time,,MV,missing_value,缺失值：缺失哨兵(空串/NaN/empty 等),,
364,sched_arr_time,,MV,missing_value,缺失值：缺失哨兵(空串/NaN/empty 等),,
367,sched_arr_time,,MV,missing_value,缺失值：缺失哨兵(空串/NaN/empty 等),,
368,sched_arr_time,,MV,missing_value,缺失值：缺失哨兵(空串/NaN/empty 等),,
369,sched_arr_time,,MV,missing_value,缺失值：缺失哨兵(空串/NaN/empty 等),,
370,sched_arr_time,,MV,missing_value,缺失值：缺失哨兵(空串/NaN/empty 等),,
371,sched_arr_time,,MV,missing_value,缺失值：缺失哨兵(空串/NaN/empty 等),,
372,sched_arr_time,,MV,missing_value,缺失值：缺失哨兵(空串/NaN/empty 等),,
373,sched_arr_time,,MV,missing_value,缺失值：缺失哨兵(空串/NaN/empty 等),,
376,sched_arr_time,,MV,missing_value,缺失值：缺失哨兵(空串/NaN/empty 等),,
377,sched_arr_time,,MV,missing_value,缺失值：缺失哨兵(空串/NaN/empty 等),,
379,sched_arr_time,,MV,missing_value,缺失值：缺失哨兵(空串/NaN/empty 等),,
380,sched_arr_time,,MV,missing_value,缺失值：缺失哨兵(空串/NaN/empty 等),,
381,sched_arr_time,,MV,missing_value,缺失值：缺失哨兵(空串/NaN/empty 等),,
382,sched_arr_time,,MV,missing_value,缺失值：缺失哨兵(空串/NaN/empty 等),,
383,sched_arr_time,12/2/11 12:21 a.m.,FI,regex,格式应为 小时:分钟 午别，可选后接星期 日-月-年；样例符合度高,,
384,sched_arr_time,,MV,missing_value,缺失值：缺失哨兵(空串/NaN/empty 等),,
386,sched_arr_time,,MV,missing_value,缺失值：缺失哨兵(空串/NaN/empty 等),,
387,sched_arr_time,,MV,missing_value,缺失值：缺失哨兵(空串/NaN/empty 等),,
388,sched_arr_time,,MV,missing_value,缺失值：缺失哨兵(空串/NaN/empty 等),,
389,sched_arr_time,,MV,missing_value,缺失值：缺失哨兵(空串/NaN/empty 等),,
390,sched_arr_time,,MV,missing_value,缺失值：缺失哨兵(空串/NaN/empty 等),,
391,sched_arr_time,,MV,missing_value,缺失值：缺失哨兵(空串/NaN/empty 等),,
392,sched_arr_time,,MV,missing_value,缺失值：缺失哨兵(空串/NaN/empty 等),,
394,sched_arr_time,,MV,missing_value,缺失值：缺失哨兵(空串/NaN/empty 等),,
395,sched_arr_time,,MV,missing_value,缺失值：缺失哨兵(空串/NaN/empty 等),,
396,sched_arr_time,,MV,missing_value,缺失值：缺失哨兵(空串/NaN/empty 等),,
397,sched_arr_time,,MV,missing_value,缺失值：缺失哨兵(空串/NaN/empty 等),,
399,sched_arr_time,,MV,missing_value,缺失值：缺失哨兵(空串/NaN/empty 等),,
400,sched_arr_time,,MV,missing_value,缺失值：缺失哨兵(空串/NaN/empty 等),,
401,sched_arr_time,,MV,missing_value,缺失值：缺失哨兵(空串/NaN/empty 等),,
402,sched_arr_time,,MV,missing_value,缺失值：缺失哨兵(空串/NaN/empty 等),,
403,sched_arr_time,,MV,missing_value,缺失值：缺失哨兵(空串/NaN/empty 等),,
404,sched_arr_time,,MV,missing_value,缺失值：缺失哨兵(空串/NaN/empty 等),,
405,sched_arr_time,,MV,missing_value,缺失值：缺失哨兵(空串/NaN/empty 等),,
406,sched_arr_time,,MV,missing_value,缺失值：缺失哨兵(空串/NaN/empty 等),,
408,sched_arr_time,,MV,missing_value,缺失值：缺失哨兵(空串/NaN/empty 等),,
409,sched_arr_time,12/2/11 5:11 a.m.,FI,regex,格式应为 小时:分钟 午别，可选后接星期 日-月-年；样例符合度高,,
410,sched_arr_time,,MV,missing_value,缺失值：缺失哨兵(空串/NaN/empty 等),,
411,sched_arr_time,,MV,missing_value,缺失值：缺失哨兵(空串/NaN/empty 等),,
412,sched_arr_time,,MV,missing_value,缺失值：缺失哨兵(空串/NaN/empty 等),,
413,sched_arr_time,,MV,missing_value,缺失值：缺失哨兵(空串/NaN/empty 等),,
414,sched_arr_time,,MV,missing_value,缺失值：缺失哨兵(空串/NaN/empty 等),,
417,sched_arr_time,,MV,missing_value,缺失值：缺失哨兵(空串/NaN/empty 等),,
418,sched_arr_time,,MV,missing_value,缺失值：缺失哨兵(空串/NaN/empty 等),,
419,sched_arr_time,,MV,missing_value,缺失值：缺失哨兵(空串/NaN/empty 等),,
420,sched_arr_time,,MV,missing_value,缺失值：缺失哨兵(空串/NaN/empty 等),,
421,sched_arr_time,,MV,missing_value,缺失值：缺失哨兵(空串/NaN/empty 等),,
423,sched_arr_time,,MV,missing_value,缺失值：缺失哨兵(空串/NaN/empty 等),,
424,sched_arr_time,,MV,missing_value,缺失值：缺失哨兵(空串/NaN/empty 等),,
425,sched_arr_time,,MV,missing_value,缺失值：缺失哨兵(空串/NaN/empty 等),,
426,sched_arr_time,,MV,missing_value,缺失值：缺失哨兵(空串/NaN/empty 等),,
427,sched_arr_time,,MV,missing_value,缺失值：缺失哨兵(空串/NaN/empty 等),,
428,sched_arr_time,,MV,missing_value,缺失值：缺失哨兵(空串/NaN/empty 等),,
430,sched_arr_time,,MV,missing_value,缺失值：缺失哨兵(空串/NaN/empty 等),,
431,sched_arr_time,,MV,missing_value,缺失值：缺失哨兵(空串/NaN/empty 等),,
432,sched_arr_time,,MV,missing_value,缺失值：缺失哨兵(空串/NaN/empty 等),,
434,sched_arr_time,,MV,missing_value,缺失值：缺失哨兵(空串/NaN/empty 等),,
435,sched_arr_time,,MV,missing_value,缺失值：缺失哨兵(空串/NaN/empty 等),,
436,sched_arr_time,,MV,missing_value,缺失值：缺失哨兵(空串/NaN/empty 等),,
438,sched_arr_time,,MV,missing_value,缺失值：缺失哨兵(空串/NaN/empty 等),,
441,sched_arr_time,,MV,missing_value,缺失值：缺失哨兵(空串/NaN/empty 等),,
445,sched_arr_time,,MV,missing_value,缺失值：缺失哨兵(空串/NaN/empty 等),,
446,sched_arr_time,,MV,missing_value,缺失值：缺失哨兵(空串/NaN/empty 等),,
447,sched_arr_time,6:55 a.m. Dec 02,FI,regex,格式应为 小时:分钟 午别，可选后接星期 日-月-年；样例符合度高,,
448,sched_arr_time,,MV,missing_value,缺失值：缺失哨兵(空串/NaN/empty 等),,
449,sched_arr_time,,MV,missing_value,缺失值：缺失哨兵(空串/NaN/empty 等),,
451,sched_arr_time,,MV,missing_value,缺失值：缺失哨兵(空串/NaN/empty 等),,
452,sched_arr_time,,MV,missing_value,缺失值：缺失哨兵(空串/NaN/empty 等),,
454,sched_arr_time,,MV,missing_value,缺失值：缺失哨兵(空串/NaN/empty 等),,
457,sched_arr_time,,MV,missing_value,缺失值：缺失哨兵(空串/NaN/empty 等),,
458,sched_arr_time,,MV,missing_value,缺失值：缺失哨兵(空串/NaN/empty 等),,
459,sched_arr_time,,MV,missing_value,缺失值：缺失哨兵(空串/NaN/empty 等),,
460,sched_arr_time,,MV,missing_value,缺失值：缺失哨兵(空串/NaN/empty 等),,
462,sched_arr_time,,MV,missing_value,缺失值：缺失哨兵(空串/NaN/empty 等),,
465,sched_arr_time,,MV,missing_value,缺失值：缺失哨兵(空串/NaN/empty 等),,
466,sched_arr_time,,MV,missing_value,缺失值：缺失哨兵(空串/NaN/empty 等),,
469,sched_arr_time,,MV,missing_value,缺失值：缺失哨兵(空串/NaN/empty 等),,
470,sched_arr_time,,MV,missing_value,缺失值：缺失哨兵(空串/NaN/empty 等),,
471,sched_arr_time,,MV,missing_value,缺失值：缺失哨兵(空串/NaN/empty 等),,
474,sched_arr_time,,MV,missing_value,缺失值：缺失哨兵(空串/NaN/empty 等),,
475,sched_arr_time,,MV,missing_value,缺失值：缺失哨兵(空串/NaN/empty 等),,
477,sched_arr_time,,MV,missing_value,缺失值：缺失哨兵(空串/NaN/empty 等),,
478,sched_arr_time,,MV,missing_value,缺失值：缺失哨兵(空串/NaN/empty 等),,
482,sched_arr_time,12:21 a.m. Dec 02,FI,regex,格式应为 小时:分钟 午别，可选后接星期 日-月-年；样例符合度高,,
483,sched_arr_time,,MV,missing_value,缺失值：缺失哨兵(空串/NaN/empty 等),,
487,sched_arr_time,,MV,missing_value,缺失值：缺失哨兵(空串/NaN/empty 等),,
489,sched_arr_time,,MV,missing_value,缺失值：缺失哨兵(空串/NaN/empty 等),,
491,sched_arr_time,,MV,missing_value,缺失值：缺失哨兵(空串/NaN/empty 等),,
492,sched_arr_time,,MV,missing_value,缺失值：缺失哨兵(空串/NaN/empty 等),,
496,sched_arr_time,,MV,missing_value,缺失值：缺失哨兵(空串/NaN/empty 等),,
497,sched_arr_time,5:50 a.m. Dec 02,FI,regex,格式应为 小时:分钟 午别，可选后接星期 日-月-年；样例符合度高,,
498,sched_arr_time,12:29 a.m. Dec 02,FI,regex,格式应为 小时:分钟 午别，可选后接星期 日-月-年；样例符合度高,,
499,sched_arr_time,12:15 a.m. Dec 02,FI,regex,格式应为 小时:分钟 午别，可选后接星期 日-月-年；样例符合度高,,
503,sched_arr_time,,MV,missing_value,缺失值：缺失哨兵(空串/NaN/empty 等),,
505,sched_arr_time,,MV,missing_value,缺失值：缺失哨兵(空串/NaN/empty 等),,
506,sched_arr_time,,MV,missing_value,缺失值：缺失哨兵(空串/NaN/empty 等),,
507,sched_arr_time,5:11 a.m.Dec 02,FI,regex,格式应为 小时:分钟 午别，可选后接星期 日-月-年；样例符合度高,,
509,sched_arr_time,,MV,missing_value,缺失值：缺失哨兵(空串/NaN/empty 等),,
510,sched_arr_time,,MV,missing_value,缺失值：缺失哨兵(空串/NaN/empty 等),,
511,sched_arr_time,,MV,missing_value,缺失值：缺失哨兵(空串/NaN/empty 等),,
512,sched_arr_time,,MV,missing_value,缺失值：缺失哨兵(空串/NaN/empty 等),,
513,sched_arr_time,,MV,missing_value,缺失值：缺失哨兵(空串/NaN/empty 等),,
514,sched_arr_time,,MV,missing_value,缺失值：缺失哨兵(空串/NaN/empty 等),,
520,sched_arr_time,,MV,missing_value,缺失值：缺失哨兵(空串/NaN/empty 等),,
522,sched_arr_time,,MV,missing_value,缺失值：缺失哨兵(空串/NaN/empty 等),,
525,sched_arr_time,,MV,missing_value,缺失值：缺失哨兵(空串/NaN/empty 等),,
529,sched_arr_time,,MV,missing_value,缺失值：缺失哨兵(空串/NaN/empty 等),,
630,sched_arr_time,,MV,missing_value,缺失值：缺失哨兵(空串/NaN/empty 等),,
633,sched_arr_time,,MV,missing_value,缺失值：缺失哨兵(空串/NaN/empty 等),,
637,sched_arr_time,,MV,missing_value,缺失值：缺失哨兵(空串/NaN/empty 等),,
638,sched_arr_time,,MV,missing_value,缺失值：缺失哨兵(空串/NaN/empty 等),,
639,sched_arr_time,6:55 a.m. Dec 02,FI,regex,格式应为 小时:分钟 午别，可选后接星期 日-月-年；样例符合度高,,
640,sched_arr_time,,MV,missing_value,缺失值：缺失哨兵(空串/NaN/empty 等),,
641,sched_arr_time,,MV,missing_value,缺失值：缺失哨兵(空串/NaN/empty 等),,
643,sched_arr_time,,MV,missing_value,缺失值：缺失哨兵(空串/NaN/empty 等),,
644,sched_arr_time,,MV,missing_value,缺失值：缺失哨兵(空串/NaN/empty 等),,
646,sched_arr_time,,MV,missing_value,缺失值：缺失哨兵(空串/NaN/empty 等),,
649,sched_arr_time,,MV,missing_value,缺失值：缺失哨兵(空串/NaN/empty 等),,
650,sched_arr_time,,MV,missing_value,缺失值：缺失哨兵(空串/NaN/empty 等),,
651,sched_arr_time,,MV,missing_value,缺失值：缺失哨兵(空串/NaN/empty 等),,
652,sched_arr_time,,MV,missing_value,缺失值：缺失哨兵(空串/NaN/empty 等),,
654,sched_arr_time,,MV,missing_value,缺失值：缺失哨兵(空串/NaN/empty 等),,
657,sched_arr_time,,MV,missing_value,缺失值：缺失哨兵(空串/NaN/empty 等),,
658,sched_arr_time,,MV,missing_value,缺失值：缺失哨兵(空串/NaN/empty 等),,
661,sched_arr_time,,MV,missing_value,缺失值：缺失哨兵(空串/NaN/empty 等),,
662,sched_arr_time,,MV,missing_value,缺失值：缺失哨兵(空串/NaN/empty 等),,
663,sched_arr_time,,MV,missing_value,缺失值：缺失哨兵(空串/NaN/empty 等),,
666,sched_arr_time,,MV,missing_value,缺失值：缺失哨兵(空串/NaN/empty 等),,
667,sched_arr_time,,MV,missing_value,缺失值：缺失哨兵(空串/NaN/empty 等),,
669,sched_arr_time,,MV,missing_value,缺失值：缺失哨兵(空串/NaN/empty 等),,
670,sched_arr_time,,MV,missing_value,缺失值：缺失哨兵(空串/NaN/empty 等),,
674,sched_arr_time,12:21 a.m. Dec 02,FI,regex,格式应为 小时:分钟 午别，可选后接星期 日-月-年；样例符合度高,,
675,sched_arr_time,,MV,missing_value,缺失值：缺失哨兵(空串/NaN/empty 等),,
679,sched_arr_time,,MV,missing_value,缺失值：缺失哨兵(空串/NaN/empty 等),,
681,sched_arr_time,,MV,missing_value,缺失值：缺失哨兵(空串/NaN/empty 等),,
683,sched_arr_time,,MV,missing_value,缺失值：缺失哨兵(空串/NaN/empty 等),,
684,sched_arr_time,,MV,missing_value,缺失值：缺失哨兵(空串/NaN/empty 等),,
688,sched_arr_time,,MV,missing_value,缺失值：缺失哨兵(空串/NaN/empty 等),,
689,sched_arr_time,5:50 a.m. Dec 02,FI,regex,格式应为 小时:分钟 午别，可选后接星期 日-月-年；样例符合度高,,
690,sched_arr_time,12:29 a.m. Dec 02,FI,regex,格式应为 小时:分钟 午别，可选后接星期 日-月-年；样例符合度高,,
691,sched_arr_time,12:15 a.m. Dec 02,FI,regex,格式应为 小时:分钟 午别，可选后接星期 日-月-年；样例符合度高,,
695,sched_arr_time,,MV,missing_value,缺失值：缺失哨兵(空串/NaN/empty 等),,
697,sched_arr_time,,MV,missing_value,缺失值：缺失哨兵(空串/NaN/empty 等),,
698,sched_arr_time,,MV,missing_value,缺失值：缺失哨兵(空串/NaN/empty 等),,
699,sched_arr_time,5:11 a.m.Dec 02,FI,regex,格式应为 小时:分钟 午别，可选后接星期 日-月-年；样例符合度高,,
701,sched_arr_time,,MV,missing_value,缺失值：缺失哨兵(空串/NaN/empty 等),,
702,sched_arr_time,,MV,missing_value,缺失值：缺失哨兵(空串/NaN/empty 等),,
703,sched_arr_time,,MV,missing_value,缺失值：缺失哨兵(空串/NaN/empty 等),,
704,sched_arr_time,,MV,missing_value,缺失值：缺失哨兵(空串/NaN/empty 等),,
705,sched_arr_time,,MV,missing_value,缺失值：缺失哨兵(空串/NaN/empty 等),,
706,sched_arr_time,,MV,missing_value,缺失值：缺失哨兵(空串/NaN/empty 等),,
712,sched_arr_time,,MV,missing_value,缺失值：缺失哨兵(空串/NaN/empty 等),,
714,sched_arr_time,,MV,missing_value,缺失值：缺失哨兵(空串/NaN/empty 等),,
717,sched_arr_time,,MV,missing_value,缺失值：缺失哨兵(空串/NaN/empty 等),,
721,sched_arr_time,,MV,missing_value,缺失值：缺失哨兵(空串/NaN/empty 等),,
729,sched_arr_time,,MV,missing_value,缺失值：缺失哨兵(空串/NaN/empty 等),,
730,sched_arr_time,,MV,missing_value,缺失值：缺失哨兵(空串/NaN/empty 等),,
731,sched_arr_time,,MV,missing_value,缺失值：缺失哨兵(空串/NaN/empty 等),,
732,sched_arr_time,,MV,missing_value,缺失值：缺失哨兵(空串/NaN/empty 等),,
733,sched_arr_time,,MV,missing_value,缺失值：缺失哨兵(空串/NaN/empty 等),,
735,sched_arr_time,,MV,missing_value,缺失值：缺失哨兵(空串/NaN/empty 等),,
736,sched_arr_time,,MV,missing_value,缺失值：缺失哨兵(空串/NaN/empty 等),,
737,sched_arr_time,12/2/2011 6:55 a.m.,FI,regex,格式应为 小时:分钟 午别，可选后接星期 日-月-年；样例符合度高,,
738,sched_arr_time,,MV,missing_value,缺失值：缺失哨兵(空串/NaN/empty 等),,
739,sched_arr_time,,MV,missing_value,缺失值：缺失哨兵(空串/NaN/empty 等),,
740,sched_arr_time,,MV,missing_value,缺失值：缺失哨兵(空串/NaN/empty 等),,
741,sched_arr_time,,MV,missing_value,缺失值：缺失哨兵(空串/NaN/empty 等),,
742,sched_arr_time,,MV,missing_value,缺失值：缺失哨兵(空串/NaN/empty 等),,
743,sched_arr_time,,MV,missing_value,缺失值：缺失哨兵(空串/NaN/empty 等),,
744,sched_arr_time,,MV,missing_value,缺失值：缺失哨兵(空串/NaN/empty 等),,
745,sched_arr_time,,MV,missing_value,缺失值：缺失哨兵(空串/NaN/empty 等),,
746,sched_arr_time,,MV,missing_value,缺失值：缺失哨兵(空串/NaN/empty 等),,
747,sched_arr_time,,MV,missing_value,缺失值：缺失哨兵(空串/NaN/empty 等),,
748,sched_arr_time,,MV,missing_value,缺失值：缺失哨兵(空串/NaN/empty 等),,
749,sched_arr_time,,MV,missing_value,缺失值：缺失哨兵(空串/NaN/empty 等),,
750,sched_arr_time,,MV,missing_value,缺失值：缺失哨兵(空串/NaN/empty 等),,
751,sched_arr_time,,MV,missing_value,缺失值：缺失哨兵(空串/NaN/empty 等),,
752,sched_arr_time,,MV,missing_value,缺失值：缺失哨兵(空串/NaN/empty 等),,
753,sched_arr_time,,MV,missing_value,缺失值：缺失哨兵(空串/NaN/empty 等),,
754,sched_arr_time,,MV,missing_value,缺失值：缺失哨兵(空串/NaN/empty 等),,
755,sched_arr_time,,MV,missing_value,缺失值：缺失哨兵(空串/NaN/empty 等),,
757,sched_arr_time,,MV,missing_value,缺失值：缺失哨兵(空串/NaN/empty 等),,
758,sched_arr_time,,MV,missing_value,缺失值：缺失哨兵(空串/NaN/empty 等),,
759,sched_arr_time,,MV,missing_value,缺失值：缺失哨兵(空串/NaN/empty 等),,
760,sched_arr_time,,MV,missing_value,缺失值：缺失哨兵(空串/NaN/empty 等),,
761,sched_arr_time,,MV,missing_value,缺失值：缺失哨兵(空串/NaN/empty 等),,
762,sched_arr_time,,MV,missing_value,缺失值：缺失哨兵(空串/NaN/empty 等),,
763,sched_arr_time,,MV,missing_value,缺失值：缺失哨兵(空串/NaN/empty 等),,
764,sched_arr_time,,MV,missing_value,缺失值：缺失哨兵(空串/NaN/empty 等),,
765,sched_arr_time,,MV,missing_value,缺失值：缺失哨兵(空串/NaN/empty 等),,
766,sched_arr_time,,MV,missing_value,缺失值：缺失哨兵(空串/NaN/empty 等),,
767,sched_arr_time,,MV,missing_value,缺失值：缺失哨兵(空串/NaN/empty 等),,
768,sched_arr_time,,MV,missing_value,缺失值：缺失哨兵(空串/NaN/empty 等),,
769,sched_arr_time,,MV,missing_value,缺失值：缺失哨兵(空串/NaN/empty 等),,
770,sched_arr_time,,MV,missing_value,缺失值：缺失哨兵(空串/NaN/empty 等),,
771,sched_arr_time,12/2/2011 5:50 a.m.,FI,regex,格式应为 小时:分钟 午别，可选后接星期 日-月-年；样例符合度高,,
772,sched_arr_time,12/2/2011 12:15 a.m.,FI,regex,格式应为 小时:分钟 午别，可选后接星期 日-月-年；样例符合度高,,
774,sched_arr_time,,MV,missing_value,缺失值：缺失哨兵(空串/NaN/empty 等),,
775,sched_arr_time,,MV,missing_value,缺失值：缺失哨兵(空串/NaN/empty 等),,
776,sched_arr_time,,MV,missing_value,缺失值：缺失哨兵(空串/NaN/empty 等),,
778,sched_arr_time,,MV,missing_value,缺失值：缺失哨兵(空串/NaN/empty 等),,
780,sched_arr_time,,MV,missing_value,缺失值：缺失哨兵(空串/NaN/empty 等),,
781,sched_arr_time,,MV,missing_value,缺失值：缺失哨兵(空串/NaN/empty 等),,
782,sched_arr_time,,MV,missing_value,缺失值：缺失哨兵(空串/NaN/empty 等),,
783,sched_arr_time,12/2/2011 12:29 a.m.,FI,regex,格式应为 小时:分钟 午别，可选后接星期 日-月-年；样例符合度高,,
784,sched_arr_time,,MV,missing_value,缺失值：缺失哨兵(空串/NaN/empty 等),,
785,sched_arr_time,,MV,missing_value,缺失值：缺失哨兵(空串/NaN/empty 等),,
786,sched_arr_time,,MV,missing_value,缺失值：缺失哨兵(空串/NaN/empty 等),,
787,sched_arr_time,,MV,missing_value,缺失值：缺失哨兵(空串/NaN/empty 等),,
788,sched_arr_time,,MV,missing_value,缺失值：缺失哨兵(空串/NaN/empty 等),,
789,sched_arr_time,,MV,missing_value,缺失值：缺失哨兵(空串/NaN/empty 等),,
790,sched_arr_time,,MV,missing_value,缺失值：缺失哨兵(空串/NaN/empty 等),,
791,sched_arr_time,,MV,missing_value,缺失值：缺失哨兵(空串/NaN/empty 等),,
792,sched_arr_time,2:45P 12-01-11,FI,regex,格式应为 小时:分钟 午别，可选后接星期 日-月-年；样例符合度高,,
793,sched_arr_time,10:34A 12-01-11,FI,regex,格式应为 小时:分钟 午别，可选后接星期 日-月-年；样例符合度高,,
794,sched_arr_time,7:55P 12-01-11,FI,regex,格式应为 小时:分钟 午别，可选后接星期 日-月-年；样例符合度高,,
795,sched_arr_time,9:20A 12-01-11,FI,regex,格式应为 小时:分钟 午别，可选后接星期 日-月-年；样例符合度高,,
796,sched_arr_time,11:10A 12-01-11,FI,regex,格式应为 小时:分钟 午别，可选后接星期 日-月-年；样例符合度高,,
797,sched_arr_time,,MV,missing_value,缺失值：缺失哨兵(空串/NaN/empty 等),,
798,sched_arr_time,,MV,missing_value,缺失值：缺失哨兵(空串/NaN/empty 等),,
799,sched_arr_time,,MV,missing_value,缺失值：缺失哨兵(空串/NaN/empty 等),,
800,sched_arr_time,,MV,missing_value,缺失值：缺失哨兵(空串/NaN/empty 等),,
801,sched_arr_time,,MV,missing_value,缺失值：缺失哨兵(空串/NaN/empty 等),,
802,sched_arr_time,,MV,missing_value,缺失值：缺失哨兵(空串/NaN/empty 等),,
803,sched_arr_time,Thu  22:15,FI,regex,格式应为 小时:分钟 午别，可选后接星期 日-月-年；样例符合度高,,
804,sched_arr_time,Thu  17:55,FI,regex,格式应为 小时:分钟 午别，可选后接星期 日-月-年；样例符合度高,,
805,sched_arr_time,Thu  19:25,FI,regex,格式应为 小时:分钟 午别，可选后接星期 日-月-年；样例符合度高,,
806,sched_arr_time,Thu  7:45,FI,regex,格式应为 小时:分钟 午别，可选后接星期 日-月-年；样例符合度高,,
807,sched_arr_time,Thu  6:55,FI,regex,格式应为 小时:分钟 午别，可选后接星期 日-月-年；样例符合度高,,
808,sched_arr_time,,MV,missing_value,缺失值：缺失哨兵(空串/NaN/empty 等),,
809,sched_arr_time,Thu  10:35,FI,regex,格式应为 小时:分钟 午别，可选后接星期 日-月-年；样例符合度高,,
810,sched_arr_time,Thu  12:18,FI,regex,格式应为 小时:分钟 午别，可选后接星期 日-月-年；样例符合度高,,
812,sched_arr_time,,MV,missing_value,缺失值：缺失哨兵(空串/NaN/empty 等),,
815,sched_arr_time,,MV,missing_value,缺失值：缺失哨兵(空串/NaN/empty 等),,
819,sched_arr_time,,MV,missing_value,缺失值：缺失哨兵(空串/NaN/empty 等),,
820,sched_arr_time,,MV,missing_value,缺失值：缺失哨兵(空串/NaN/empty 等),,
822,sched_arr_time,,MV,missing_value,缺失值：缺失哨兵(空串/NaN/empty 等),,
823,sched_arr_time,,MV,missing_value,缺失值：缺失哨兵(空串/NaN/empty 等),,
825,sched_arr_time,,MV,missing_value,缺失值：缺失哨兵(空串/NaN/empty 等),,
826,sched_arr_time,,MV,missing_value,缺失值：缺失哨兵(空串/NaN/empty 等),,
828,sched_arr_time,,MV,missing_value,缺失值：缺失哨兵(空串/NaN/empty 等),,
831,sched_arr_time,,MV,missing_value,缺失值：缺失哨兵(空串/NaN/empty 等),,
832,sched_arr_time,,MV,missing_value,缺失值：缺失哨兵(空串/NaN/empty 等),,
833,sched_arr_time,,MV,missing_value,缺失值：缺失哨兵(空串/NaN/empty 等),,
834,sched_arr_time,,MV,missing_value,缺失值：缺失哨兵(空串/NaN/empty 等),,
836,sched_arr_time,,MV,missing_value,缺失值：缺失哨兵(空串/NaN/empty 等),,
839,sched_arr_time,,MV,missing_value,缺失值：缺失哨兵(空串/NaN/empty 等),,
840,sched_arr_time,,MV,missing_value,缺失值：缺失哨兵(空串/NaN/empty 等),,
843,sched_arr_time,,MV,missing_value,缺失值：缺失哨兵(空串/NaN/empty 等),,
844,sched_arr_time,,MV,missing_value,缺失值：缺失哨兵(空串/NaN/empty 等),,
845,sched_arr_time,,MV,missing_value,缺失值：缺失哨兵(空串/NaN/empty 等),,
848,sched_arr_time,,MV,missing_value,缺失值：缺失哨兵(空串/NaN/empty 等),,
849,sched_arr_time,,MV,missing_value,缺失值：缺失哨兵(空串/NaN/empty 等),,
851,sched_arr_time,,MV,missing_value,缺失值：缺失哨兵(空串/NaN/empty 等),,
852,sched_arr_time,,MV,missing_value,缺失值：缺失哨兵(空串/NaN/empty 等),,
857,sched_arr_time,,MV,missing_value,缺失值：缺失哨兵(空串/NaN/empty 等),,
861,sched_arr_time,,MV,missing_value,缺失值：缺失哨兵(空串/NaN/empty 等),,
863,sched_arr_time,,MV,missing_value,缺失值：缺失哨兵(空串/NaN/empty 等),,
865,sched_arr_time,,MV,missing_value,缺失值：缺失哨兵(空串/NaN/empty 等),,
866,sched_arr_time,,MV,missing_value,缺失值：缺失哨兵(空串/NaN/empty 等),,
867,sched_arr_time,,MV,missing_value,缺失值：缺失哨兵(空串/NaN/empty 等),,
870,sched_arr_time,,MV,missing_value,缺失值：缺失哨兵(空串/NaN/empty 等),,
877,sched_arr_time,,MV,missing_value,缺失值：缺失哨兵(空串/NaN/empty 等),,
879,sched_arr_time,,MV,missing_value,缺失值：缺失哨兵(空串/NaN/empty 等),,
880,sched_arr_time,,MV,missing_value,缺失值：缺失哨兵(空串/NaN/empty 等),,
883,sched_arr_time,,MV,missing_value,缺失值：缺失哨兵(空串/NaN/empty 等),,
884,sched_arr_time,,MV,missing_value,缺失值：缺失哨兵(空串/NaN/empty 等),,
885,sched_arr_time,,MV,missing_value,缺失值：缺失哨兵(空串/NaN/empty 等),,
886,sched_arr_time,,MV,missing_value,缺失值：缺失哨兵(空串/NaN/empty 等),,
887,sched_arr_time,,MV,missing_value,缺失值：缺失哨兵(空串/NaN/empty 等),,
888,sched_arr_time,,MV,missing_value,缺失值：缺失哨兵(空串/NaN/empty 等),,
894,sched_arr_time,,MV,missing_value,缺失值：缺失哨兵(空串/NaN/empty 等),,
896,sched_arr_time,,MV,missing_value,缺失值：缺失哨兵(空串/NaN/empty 等),,
899,sched_arr_time,,MV,missing_value,缺失值：缺失哨兵(空串/NaN/empty 等),,
903,sched_arr_time,,MV,missing_value,缺失值：缺失哨兵(空串/NaN/empty 等),,
914,sched_arr_time,,MV,missing_value,缺失值：缺失哨兵(空串/NaN/empty 等),,
917,sched_arr_time,,MV,missing_value,缺失值：缺失哨兵(空串/NaN/empty 等),,
925,sched_arr_time,,MV,missing_value,缺失值：缺失哨兵(空串/NaN/empty 等),,
926,sched_arr_time,,MV,missing_value,缺失值：缺失哨兵(空串/NaN/empty 等),,
935,sched_arr_time,,MV,missing_value,缺失值：缺失哨兵(空串/NaN/empty 等),,
938,sched_arr_time,,MV,missing_value,缺失值：缺失哨兵(空串/NaN/empty 等),,
947,sched_arr_time,5:11 a.m.Dec 02,FI,regex,格式应为 小时:分钟 午别，可选后接星期 日-月-年；样例符合度高,,
950,sched_arr_time,,MV,missing_value,缺失值：缺失哨兵(空串/NaN/empty 等),,
952,sched_arr_time,,MV,missing_value,缺失值：缺失哨兵(空串/NaN/empty 等),,
953,sched_arr_time,,MV,missing_value,缺失值：缺失哨兵(空串/NaN/empty 等),,
960,sched_arr_time,,MV,missing_value,缺失值：缺失哨兵(空串/NaN/empty 等),,
964,sched_arr_time,,MV,missing_value,缺失值：缺失哨兵(空串/NaN/empty 等),,
991,sched_arr_time,Not Available,FI,regex,格式应为 小时:分钟 午别，可选后接星期 日-月-年；样例符合度高,,
992,sched_arr_time,Not Available,FI,regex,格式应为 小时:分钟 午别，可选后接星期 日-月-年；样例符合度高,,
998,sched_arr_time,Dec 02 6:55 a.m.,FI,regex,格式应为 小时:分钟 午别，可选后接星期 日-月-年；样例符合度高,,
999,sched_arr_time,Not Available,FI,regex,格式应为 小时:分钟 午别，可选后接星期 日-月-年；样例符合度高,,
1003,sched_arr_time,Not Available,FI,regex,格式应为 小时:分钟 午别，可选后接星期 日-月-年；样例符合度高,,
1025,sched_arr_time,Dec 02 12:21 a.m.,FI,regex,格式应为 小时:分钟 午别，可选后接星期 日-月-年；样例符合度高,,
1026,sched_arr_time,Not Available,FI,regex,格式应为 小时:分钟 午别，可选后接星期 日-月-年；样例符合度高,,
1034,sched_arr_time,Not Available,FI,regex,格式应为 小时:分钟 午别，可选后接星期 日-月-年；样例符合度高,,
1035,sched_arr_time,Dec 02 5:50 a.m.,FI,regex,格式应为 小时:分钟 午别，可选后接星期 日-月-年；样例符合度高,,
1037,sched_arr_time,Dec 02 12:15 a.m.,FI,regex,格式应为 小时:分钟 午别，可选后接星期 日-月-年；样例符合度高,,
1041,sched_arr_time,Not Available,FI,regex,格式应为 小时:分钟 午别，可选后接星期 日-月-年；样例符合度高,,
1042,sched_arr_time,Not Available,FI,regex,格式应为 小时:分钟 午别，可选后接星期 日-月-年；样例符合度高,,
1045,sched_arr_time,Not Available,FI,regex,格式应为 小时:分钟 午别，可选后接星期 日-月-年；样例符合度高,,
1046,sched_arr_time,Not Available,FI,regex,格式应为 小时:分钟 午别，可选后接星期 日-月-年；样例符合度高,,
1058,sched_arr_time,Not Available,FI,regex,格式应为 小时:分钟 午别，可选后接星期 日-月-年；样例符合度高,,
1071,sched_arr_time,,MV,missing_value,缺失值：缺失哨兵(空串/NaN/empty 等),,
1074,sched_arr_time,,MV,missing_value,缺失值：缺失哨兵(空串/NaN/empty 等),,
1078,sched_arr_time,,MV,missing_value,缺失值：缺失哨兵(空串/NaN/empty 等),,
1079,sched_arr_time,,MV,missing_value,缺失值：缺失哨兵(空串/NaN/empty 等),,
1080,sched_arr_time,6:55 a.m. Dec 02,FI,regex,格式应为 小时:分钟 午别，可选后接星期 日-月-年；样例符合度高,,
1081,sched_arr_time,,MV,missing_value,缺失值：缺失哨兵(空串/NaN/empty 等),,
1082,sched_arr_time,,MV,missing_value,缺失值：缺失哨兵(空串/NaN/empty 等),,
1084,sched_arr_time,,MV,missing_value,缺失值：缺失哨兵(空串/NaN/empty 等),,
1085,sched_arr_time,,MV,missing_value,缺失值：缺失哨兵(空串/NaN/empty 等),,
1087,sched_arr_time,,MV,missing_value,缺失值：缺失哨兵(空串/NaN/empty 等),,
1090,sched_arr_time,,MV,missing_value,缺失值：缺失哨兵(空串/NaN/empty 等),,
1091,sched_arr_time,,MV,missing_value,缺失值：缺失哨兵(空串/NaN/empty 等),,
1092,sched_arr_time,,MV,missing_value,缺失值：缺失哨兵(空串/NaN/empty 等),,
1093,sched_arr_time,,MV,missing_value,缺失值：缺失哨兵(空串/NaN/empty 等),,
1095,sched_arr_time,,MV,missing_value,缺失值：缺失哨兵(空串/NaN/empty 等),,
1098,sched_arr_time,,MV,missing_value,缺失值：缺失哨兵(空串/NaN/empty 等),,
1099,sched_arr_time,,MV,missing_value,缺失值：缺失哨兵(空串/NaN/empty 等),,
1102,sched_arr_time,,MV,missing_value,缺失值：缺失哨兵(空串/NaN/empty 等),,
1103,sched_arr_time,,MV,missing_value,缺失值：缺失哨兵(空串/NaN/empty 等),,
1104,sched_arr_time,,MV,missing_value,缺失值：缺失哨兵(空串/NaN/empty 等),,
1107,sched_arr_time,,MV,missing_value,缺失值：缺失哨兵(空串/NaN/empty 等),,
1108,sched_arr_time,,MV,missing_value,缺失值：缺失哨兵(空串/NaN/empty 等),,
1110,sched_arr_time,,MV,missing_value,缺失值：缺失哨兵(空串/NaN/empty 等),,
1111,sched_arr_time,,MV,missing_value,缺失值：缺失哨兵(空串/NaN/empty 等),,
1115,sched_arr_time,12:21 a.m. Dec 02,FI,regex,格式应为 小时:分钟 午别，可选后接星期 日-月-年；样例符合度高,,
1116,sched_arr_time,,MV,missing_value,缺失值：缺失哨兵(空串/NaN/empty 等),,
1120,sched_arr_time,,MV,missing_value,缺失值：缺失哨兵(空串/NaN/empty 等),,
1122,sched_arr_time,,MV,missing_value,缺失值：缺失哨兵(空串/NaN/empty 等),,
1124,sched_arr_time,,MV,missing_value,缺失值：缺失哨兵(空串/NaN/empty 等),,
1125,sched_arr_time,,MV,missing_value,缺失值：缺失哨兵(空串/NaN/empty 等),,
1129,sched_arr_time,,MV,missing_value,缺失值：缺失哨兵(空串/NaN/empty 等),,
1130,sched_arr_time,5:50 a.m. Dec 02,FI,regex,格式应为 小时:分钟 午别，可选后接星期 日-月-年；样例符合度高,,
1131,sched_arr_time,12:29 a.m. Dec 02,FI,regex,格式应为 小时:分钟 午别，可选后接星期 日-月-年；样例符合度高,,
1132,sched_arr_time,12:15 a.m. Dec 02,FI,regex,格式应为 小时:分钟 午别，可选后接星期 日-月-年；样例符合度高,,
1136,sched_arr_time,,MV,missing_value,缺失值：缺失哨兵(空串/NaN/empty 等),,
1138,sched_arr_time,,MV,missing_value,缺失值：缺失哨兵(空串/NaN/empty 等),,
1139,sched_arr_time,,MV,missing_value,缺失值：缺失哨兵(空串/NaN/empty 等),,
1140,sched_arr_time,5:11 a.m.Dec 02,FI,regex,格式应为 小时:分钟 午别，可选后接星期 日-月-年；样例符合度高,,
1142,sched_arr_time,,MV,missing_value,缺失值：缺失哨兵(空串/NaN/empty 等),,
1143,sched_arr_time,,MV,missing_value,缺失值：缺失哨兵(空串/NaN/empty 等),,
1144,sched_arr_time,,MV,missing_value,缺失值：缺失哨兵(空串/NaN/empty 等),,
1145,sched_arr_time,,MV,missing_value,缺失值：缺失哨兵(空串/NaN/empty 等),,
1146,sched_arr_time,,MV,missing_value,缺失值：缺失哨兵(空串/NaN/empty 等),,
1147,sched_arr_time,,MV,missing_value,缺失值：缺失哨兵(空串/NaN/empty 等),,
1153,sched_arr_time,,MV,missing_value,缺失值：缺失哨兵(空串/NaN/empty 等),,
1155,sched_arr_time,,MV,missing_value,缺失值：缺失哨兵(空串/NaN/empty 等),,
1158,sched_arr_time,,MV,missing_value,缺失值：缺失哨兵(空串/NaN/empty 等),,
1162,sched_arr_time,,MV,missing_value,缺失值：缺失哨兵(空串/NaN/empty 等),,
1172,sched_arr_time,,MV,missing_value,缺失值：缺失哨兵(空串/NaN/empty 等),,
1175,sched_arr_time,,MV,missing_value,缺失值：缺失哨兵(空串/NaN/empty 等),,
1176,sched_arr_time,,MV,missing_value,缺失值：缺失哨兵(空串/NaN/empty 等),,
1179,sched_arr_time,,MV,missing_value,缺失值：缺失哨兵(空串/NaN/empty 等),,
1186,sched_arr_time,,MV,missing_value,缺失值：缺失哨兵(空串/NaN/empty 等),,
1192,sched_arr_time,12:21 a.m. Dec 02,FI,regex,格式应为 小时:分钟 午别，可选后接星期 日-月-年；样例符合度高,,
1193,sched_arr_time,,MV,missing_value,缺失值：缺失哨兵(空串/NaN/empty 等),,
1202,sched_arr_time,,MV,missing_value,缺失值：缺失哨兵(空串/NaN/empty 等),,
1203,sched_arr_time,,MV,missing_value,缺失值：缺失哨兵(空串/NaN/empty 等),,
1206,sched_arr_time,,MV,missing_value,缺失值：缺失哨兵(空串/NaN/empty 等),,
1207,sched_arr_time,,MV,missing_value,缺失值：缺失哨兵(空串/NaN/empty 等),,
1208,sched_arr_time,,MV,missing_value,缺失值：缺失哨兵(空串/NaN/empty 等),,
1211,sched_arr_time,12:29 a.m. Dec 02,FI,regex,格式应为 小时:分钟 午别，可选后接星期 日-月-年；样例符合度高,,
1223,sched_arr_time,,MV,missing_value,缺失值：缺失哨兵(空串/NaN/empty 等),,
1225,sched_arr_time,,MV,missing_value,缺失值：缺失哨兵(空串/NaN/empty 等),,
1226,sched_arr_time,,MV,missing_value,缺失值：缺失哨兵(空串/NaN/empty 等),,
1227,sched_arr_time,,MV,missing_value,缺失值：缺失哨兵(空串/NaN/empty 等),,
1228,sched_arr_time,,MV,missing_value,缺失值：缺失哨兵(空串/NaN/empty 等),,
1229,sched_arr_time,,MV,missing_value,缺失值：缺失哨兵(空串/NaN/empty 等),,
1231,sched_arr_time,,MV,missing_value,缺失值：缺失哨兵(空串/NaN/empty 等),,
1232,sched_arr_time,,MV,missing_value,缺失值：缺失哨兵(空串/NaN/empty 等),,
1233,sched_arr_time,,MV,missing_value,缺失值：缺失哨兵(空串/NaN/empty 等),,
1234,sched_arr_time,,MV,missing_value,缺失值：缺失哨兵(空串/NaN/empty 等),,
1236,sched_arr_time,,MV,missing_value,缺失值：缺失哨兵(空串/NaN/empty 等),,
1239,sched_arr_time,,MV,missing_value,缺失值：缺失哨兵(空串/NaN/empty 等),,
1240,sched_arr_time,,MV,missing_value,缺失值：缺失哨兵(空串/NaN/empty 等),,
1241,sched_arr_time,,MV,missing_value,缺失值：缺失哨兵(空串/NaN/empty 等),,
1242,sched_arr_time,,MV,missing_value,缺失值：缺失哨兵(空串/NaN/empty 等),,
1243,sched_arr_time,,MV,missing_value,缺失值：缺失哨兵(空串/NaN/empty 等),,
1246,sched_arr_time,,MV,missing_value,缺失值：缺失哨兵(空串/NaN/empty 等),,
1247,sched_arr_time,,MV,missing_value,缺失值：缺失哨兵(空串/NaN/empty 等),,
1249,sched_arr_time,,MV,missing_value,缺失值：缺失哨兵(空串/NaN/empty 等),,
1250,sched_arr_time,,MV,missing_value,缺失值：缺失哨兵(空串/NaN/empty 等),,
1253,sched_arr_time,,MV,missing_value,缺失值：缺失哨兵(空串/NaN/empty 等),,
1254,sched_arr_time,,MV,missing_value,缺失值：缺失哨兵(空串/NaN/empty 等),,
1255,sched_arr_time,,MV,missing_value,缺失值：缺失哨兵(空串/NaN/empty 等),,
1256,sched_arr_time,,MV,missing_value,缺失值：缺失哨兵(空串/NaN/empty 等),,
1257,sched_arr_time,,MV,missing_value,缺失值：缺失哨兵(空串/NaN/empty 等),,
1258,sched_arr_time,,MV,missing_value,缺失值：缺失哨兵(空串/NaN/empty 等),,
1259,sched_arr_time,,MV,missing_value,缺失值：缺失哨兵(空串/NaN/empty 等),,
1262,sched_arr_time,,MV,missing_value,缺失值：缺失哨兵(空串/NaN/empty 等),,
1263,sched_arr_time,,MV,missing_value,缺失值：缺失哨兵(空串/NaN/empty 等),,
1265,sched_arr_time,,MV,missing_value,缺失值：缺失哨兵(空串/NaN/empty 等),,
1266,sched_arr_time,,MV,missing_value,缺失值：缺失哨兵(空串/NaN/empty 等),,
1267,sched_arr_time,,MV,missing_value,缺失值：缺失哨兵(空串/NaN/empty 等),,
1268,sched_arr_time,,MV,missing_value,缺失值：缺失哨兵(空串/NaN/empty 等),,
1269,sched_arr_time,12/2/11 12:21 a.m.,FI,regex,格式应为 小时:分钟 午别，可选后接星期 日-月-年；样例符合度高,,
1270,sched_arr_time,,MV,missing_value,缺失值：缺失哨兵(空串/NaN/empty 等),,
1272,sched_arr_time,,MV,missing_value,缺失值：缺失哨兵(空串/NaN/empty 等),,
1273,sched_arr_time,,MV,missing_value,缺失值：缺失哨兵(空串/NaN/empty 等),,
1274,sched_arr_time,,MV,missing_value,缺失值：缺失哨兵(空串/NaN/empty 等),,
1275,sched_arr_time,,MV,missing_value,缺失值：缺失哨兵(空串/NaN/empty 等),,
1276,sched_arr_time,,MV,missing_value,缺失值：缺失哨兵(空串/NaN/empty 等),,
1277,sched_arr_time,,MV,missing_value,缺失值：缺失哨兵(空串/NaN/empty 等),,
1278,sched_arr_time,,MV,missing_value,缺失值：缺失哨兵(空串/NaN/empty 等),,
1280,sched_arr_time,,MV,missing_value,缺失值：缺失哨兵(空串/NaN/empty 等),,
1281,sched_arr_time,,MV,missing_value,缺失值：缺失哨兵(空串/NaN/empty 等),,
1282,sched_arr_time,,MV,missing_value,缺失值：缺失哨兵(空串/NaN/empty 等),,
1283,sched_arr_time,,MV,missing_value,缺失值：缺失哨兵(空串/NaN/empty 等),,
1285,sched_arr_time,,MV,missing_value,缺失值：缺失哨兵(空串/NaN/empty 等),,
1286,sched_arr_time,,MV,missing_value,缺失值：缺失哨兵(空串/NaN/empty 等),,
1287,sched_arr_time,,MV,missing_value,缺失值：缺失哨兵(空串/NaN/empty 等),,
1288,sched_arr_time,,MV,missing_value,缺失值：缺失哨兵(空串/NaN/empty 等),,
1289,sched_arr_time,,MV,missing_value,缺失值：缺失哨兵(空串/NaN/empty 等),,
1290,sched_arr_time,,MV,missing_value,缺失值：缺失哨兵(空串/NaN/empty 等),,
1291,sched_arr_time,,MV,missing_value,缺失值：缺失哨兵(空串/NaN/empty 等),,
1292,sched_arr_time,,MV,missing_value,缺失值：缺失哨兵(空串/NaN/empty 等),,
1294,sched_arr_time,,MV,missing_value,缺失值：缺失哨兵(空串/NaN/empty 等),,
1295,sched_arr_time,12/2/11 5:11 a.m.,FI,regex,格式应为 小时:分钟 午别，可选后接星期 日-月-年；样例符合度高,,
1296,sched_arr_time,,MV,missing_value,缺失值：缺失哨兵(空串/NaN/empty 等),,
1297,sched_arr_time,,MV,missing_value,缺失值：缺失哨兵(空串/NaN/empty 等),,
1298,sched_arr_time,,MV,missing_value,缺失值：缺失哨兵(空串/NaN/empty 等),,
1299,sched_arr_time,,MV,missing_value,缺失值：缺失哨兵(空串/NaN/empty 等),,
1300,sched_arr_time,,MV,missing_value,缺失值：缺失哨兵(空串/NaN/empty 等),,
1303,sched_arr_time,,MV,missing_value,缺失值：缺失哨兵(空串/NaN/empty 等),,
1304,sched_arr_time,,MV,missing_value,缺失值：缺失哨兵(空串/NaN/empty 等),,
1305,sched_arr_time,,MV,missing_value,缺失值：缺失哨兵(空串/NaN/empty 等),,
1306,sched_arr_time,,MV,missing_value,缺失值：缺失哨兵(空串/NaN/empty 等),,
1307,sched_arr_time,,MV,missing_value,缺失值：缺失哨兵(空串/NaN/empty 等),,
1309,sched_arr_time,,MV,missing_value,缺失值：缺失哨兵(空串/NaN/empty 等),,
1310,sched_arr_time,,MV,missing_value,缺失值：缺失哨兵(空串/NaN/empty 等),,
1311,sched_arr_time,,MV,missing_value,缺失值：缺失哨兵(空串/NaN/empty 等),,
1312,sched_arr_time,,MV,missing_value,缺失值：缺失哨兵(空串/NaN/empty 等),,
1313,sched_arr_time,,MV,missing_value,缺失值：缺失哨兵(空串/NaN/empty 等),,
1314,sched_arr_time,,MV,missing_value,缺失值：缺失哨兵(空串/NaN/empty 等),,
1316,sched_arr_time,,MV,missing_value,缺失值：缺失哨兵(空串/NaN/empty 等),,
1317,sched_arr_time,,MV,missing_value,缺失值：缺失哨兵(空串/NaN/empty 等),,
1318,sched_arr_time,,MV,missing_value,缺失值：缺失哨兵(空串/NaN/empty 等),,
1320,sched_arr_time,,MV,missing_value,缺失值：缺失哨兵(空串/NaN/empty 等),,
1321,sched_arr_time,,MV,missing_value,缺失值：缺失哨兵(空串/NaN/empty 等),,
1322,sched_arr_time,,MV,missing_value,缺失值：缺失哨兵(空串/NaN/empty 等),,
1323,sched_arr_time,9:40aDec 1,FI,regex,格式应为 小时:分钟 午别，可选后接星期 日-月-年；样例符合度高,,
1325,sched_arr_time,9:25aDec 1,FI,regex,格式应为 小时:分钟 午别，可选后接星期 日-月-年；样例符合度高,,
1326,sched_arr_time,11:55aDec 1,FI,regex,格式应为 小时:分钟 午别，可选后接星期 日-月-年；样例符合度高,,
1327,sched_arr_time,9:54aDec 1,FI,regex,格式应为 小时:分钟 午别，可选后接星期 日-月-年；样例符合度高,,
1332,sched_arr_time,11:19aDec 1,FI,regex,格式应为 小时:分钟 午别，可选后接星期 日-月-年；样例符合度高,,
1333,sched_arr_time,6:55aDec 2,FI,regex,格式应为 小时:分钟 午别，可选后接星期 日-月-年；样例符合度高,,
1334,sched_arr_time,7:23aDec 1,FI,regex,格式应为 小时:分钟 午别，可选后接星期 日-月-年；样例符合度高,,
1335,sched_arr_time,5:35aDec 1,FI,regex,格式应为 小时:分钟 午别，可选后接星期 日-月-年；样例符合度高,,
1337,sched_arr_time,9:21aDec 2,FI,regex,格式应为 小时:分钟 午别，可选后接星期 日-月-年；样例符合度高,,
1340,sched_arr_time,10:06aDec 1,FI,regex,格式应为 小时:分钟 午别，可选后接星期 日-月-年；样例符合度高,,
1341,sched_arr_time,9:55aDec 1,FI,regex,格式应为 小时:分钟 午别，可选后接星期 日-月-年；样例符合度高,,
1345,sched_arr_time,11:35aDec 1,FI,regex,格式应为 小时:分钟 午别，可选后接星期 日-月-年；样例符合度高,,
1349,sched_arr_time,9:20aDec 1,FI,regex,格式应为 小时:分钟 午别，可选后接星期 日-月-年；样例符合度高,,
1351,sched_arr_time,10:20aDec 1,FI,regex,格式应为 小时:分钟 午别，可选后接星期 日-月-年；样例符合度高,,
1352,sched_arr_time,10:54aDec 1,FI,regex,格式应为 小时:分钟 午别，可选后接星期 日-月-年；样例符合度高,,
1365,sched_arr_time,10:35aDec 1,FI,regex,格式应为 小时:分钟 午别，可选后接星期 日-月-年；样例符合度高,,
1368,sched_arr_time,12:21aDec 2,FI,regex,格式应为 小时:分钟 午别，可选后接星期 日-月-年；样例符合度高,,
1371,sched_arr_time,7:30aDec 1,FI,regex,格式应为 小时:分钟 午别，可选后接星期 日-月-年；样例符合度高,,
1372,sched_arr_time,9:35aDec 1,FI,regex,格式应为 小时:分钟 午别，可选后接星期 日-月-年；样例符合度高,,
1378,sched_arr_time,10:31aDec 1,FI,regex,格式应为 小时:分钟 午别，可选后接星期 日-月-年；样例符合度高,,
1383,sched_arr_time,5:50aDec 2,FI,regex,格式应为 小时:分钟 午别，可选后接星期 日-月-年；样例符合度高,,
1384,sched_arr_time,12:29aDec 2,FI,regex,格式应为 小时:分钟 午别，可选后接星期 日-月-年；样例符合度高,,
1385,sched_arr_time,12:15aDec 2,FI,regex,格式应为 小时:分钟 午别，可选后接星期 日-月-年；样例符合度高,,
1387,sched_arr_time,10:34aDec 1,FI,regex,格式应为 小时:分钟 午别，可选后接星期 日-月-年；样例符合度高,,
1388,sched_arr_time,11:50aDec 1,FI,regex,格式应为 小时:分钟 午别，可选后接星期 日-月-年；样例符合度高,,
1391,sched_arr_time,9:43aDec 1,FI,regex,格式应为 小时:分钟 午别，可选后接星期 日-月-年；样例符合度高,,
1392,sched_arr_time,5:11aDec 2,FI,regex,格式应为 小时:分钟 午别，可选后接星期 日-月-年；样例符合度高,,
1394,sched_arr_time,8:27aDec 1,FI,regex,格式应为 小时:分钟 午别，可选后接星期 日-月-年；样例符合度高,,
1402,sched_arr_time,11:35aDec 1,FI,regex,格式应为 小时:分钟 午别，可选后接星期 日-月-年；样例符合度高,,
1404,sched_arr_time,11:05aDec 1,FI,regex,格式应为 小时:分钟 午别，可选后接星期 日-月-年；样例符合度高,,
1405,sched_arr_time,11:53aDec 1,FI,regex,格式应为 小时:分钟 午别，可选后接星期 日-月-年；样例符合度高,,
1407,sched_arr_time,10:40aDec 1,FI,regex,格式应为 小时:分钟 午别，可选后接星期 日-月-年；样例符合度高,,
1409,sched_arr_time,8:00aDec 1,FI,regex,格式应为 小时:分钟 午别，可选后接星期 日-月-年；样例符合度高,,
1413,sched_arr_time,11:10aDec 1,FI,regex,格式应为 小时:分钟 午别，可选后接星期 日-月-年；样例符合度高,,
1417,sched_arr_time,7:45aDec 1,FI,regex,格式应为 小时:分钟 午别，可选后接星期 日-月-年；样例符合度高,,
1419,sched_arr_time,6:40aDec 1,FI,regex,格式应为 小时:分钟 午别，可选后接星期 日-月-年；样例符合度高,,
1420,sched_arr_time,10:45aDec 1,FI,regex,格式应为 小时:分钟 午别，可选后接星期 日-月-年；样例符合度高,,
1424,sched_arr_time,,MV,missing_value,缺失值：缺失哨兵(空串/NaN/empty 等),,
1487,sched_arr_time,,MV,missing_value,缺失值：缺失哨兵(空串/NaN/empty 等),,
1489,sched_arr_time,,MV,missing_value,缺失值：缺失哨兵(空串/NaN/empty 等),,
1490,sched_arr_time,,MV,missing_value,缺失值：缺失哨兵(空串/NaN/empty 等),,
1491,sched_arr_time,,MV,missing_value,缺失值：缺失哨兵(空串/NaN/empty 等),,
1492,sched_arr_time,,MV,missing_value,缺失值：缺失哨兵(空串/NaN/empty 等),,
1493,sched_arr_time,,MV,missing_value,缺失值：缺失哨兵(空串/NaN/empty 等),,
1495,sched_arr_time,,MV,missing_value,缺失值：缺失哨兵(空串/NaN/empty 等),,
1496,sched_arr_time,,MV,missing_value,缺失值：缺失哨兵(空串/NaN/empty 等),,
1497,sched_arr_time,,MV,missing_value,缺失值：缺失哨兵(空串/NaN/empty 等),,
1498,sched_arr_time,,MV,missing_value,缺失值：缺失哨兵(空串/NaN/empty 等),,
1500,sched_arr_time,,MV,missing_value,缺失值：缺失哨兵(空串/NaN/empty 等),,
1503,sched_arr_time,,MV,missing_value,缺失值：缺失哨兵(空串/NaN/empty 等),,
1504,sched_arr_time,,MV,missing_value,缺失值：缺失哨兵(空串/NaN/empty 等),,
1505,sched_arr_time,,MV,missing_value,缺失值：缺失哨兵(空串/NaN/empty 等),,
1506,sched_arr_time,,MV,missing_value,缺失值：缺失哨兵(空串/NaN/empty 等),,
1507,sched_arr_time,,MV,missing_value,缺失值：缺失哨兵(空串/NaN/empty 等),,
1510,sched_arr_time,,MV,missing_value,缺失值：缺失哨兵(空串/NaN/empty 等),,
1511,sched_arr_time,,MV,missing_value,缺失值：缺失哨兵(空串/NaN/empty 等),,
1513,sched_arr_time,,MV,missing_value,缺失值：缺失哨兵(空串/NaN/empty 等),,
1514,sched_arr_time,,MV,missing_value,缺失值：缺失哨兵(空串/NaN/empty 等),,
1517,sched_arr_time,,MV,missing_value,缺失值：缺失哨兵(空串/NaN/empty 等),,
1518,sched_arr_time,,MV,missing_value,缺失值：缺失哨兵(空串/NaN/empty 等),,
1519,sched_arr_time,,MV,missing_value,缺失值：缺失哨兵(空串/NaN/empty 等),,
1520,sched_arr_time,,MV,missing_value,缺失值：缺失哨兵(空串/NaN/empty 等),,
1521,sched_arr_time,,MV,missing_value,缺失值：缺失哨兵(空串/NaN/empty 等),,
1522,sched_arr_time,,MV,missing_value,缺失值：缺失哨兵(空串/NaN/empty 等),,
1523,sched_arr_time,,MV,missing_value,缺失值：缺失哨兵(空串/NaN/empty 等),,
1526,sched_arr_time,,MV,missing_value,缺失值：缺失哨兵(空串/NaN/empty 等),,
1527,sched_arr_time,,MV,missing_value,缺失值：缺失哨兵(空串/NaN/empty 等),,
1529,sched_arr_time,,MV,missing_value,缺失值：缺失哨兵(空串/NaN/empty 等),,
1530,sched_arr_time,,MV,missing_value,缺失值：缺失哨兵(空串/NaN/empty 等),,
1531,sched_arr_time,,MV,missing_value,缺失值：缺失哨兵(空串/NaN/empty 等),,
1532,sched_arr_time,,MV,missing_value,缺失值：缺失哨兵(空串/NaN/empty 等),,
1533,sched_arr_time,12/2/11 12:21 a.m.,FI,regex,格式应为 小时:分钟 午别，可选后接星期 日-月-年；样例符合度高,,
1534,sched_arr_time,,MV,missing_value,缺失值：缺失哨兵(空串/NaN/empty 等),,
1536,sched_arr_time,,MV,missing_value,缺失值：缺失哨兵(空串/NaN/empty 等),,
1537,sched_arr_time,,MV,missing_value,缺失值：缺失哨兵(空串/NaN/empty 等),,
1538,sched_arr_time,,MV,missing_value,缺失值：缺失哨兵(空串/NaN/empty 等),,
1539,sched_arr_time,,MV,missing_value,缺失值：缺失哨兵(空串/NaN/empty 等),,
1540,sched_arr_time,,MV,missing_value,缺失值：缺失哨兵(空串/NaN/empty 等),,
1541,sched_arr_time,,MV,missing_value,缺失值：缺失哨兵(空串/NaN/empty 等),,
1542,sched_arr_time,,MV,missing_value,缺失值：缺失哨兵(空串/NaN/empty 等),,
1544,sched_arr_time,,MV,missing_value,缺失值：缺失哨兵(空串/NaN/empty 等),,
1545,sched_arr_time,,MV,missing_value,缺失值：缺失哨兵(空串/NaN/empty 等),,
1546,sched_arr_time,,MV,missing_value,缺失值：缺失哨兵(空串/NaN/empty 等),,
1547,sched_arr_time,,MV,missing_value,缺失值：缺失哨兵(空串/NaN/empty 等),,
1549,sched_arr_time,,MV,missing_value,缺失值：缺失哨兵(空串/NaN/empty 等),,
1550,sched_arr_time,,MV,missing_value,缺失值：缺失哨兵(空串/NaN/empty 等),,
1551,sched_arr_time,,MV,missing_value,缺失值：缺失哨兵(空串/NaN/empty 等),,
1552,sched_arr_time,,MV,missing_value,缺失值：缺失哨兵(空串/NaN/empty 等),,
1553,sched_arr_time,,MV,missing_value,缺失值：缺失哨兵(空串/NaN/empty 等),,
1554,sched_arr_time,,MV,missing_value,缺失值：缺失哨兵(空串/NaN/empty 等),,
1555,sched_arr_time,,MV,missing_value,缺失值：缺失哨兵(空串/NaN/empty 等),,
1556,sched_arr_time,,MV,missing_value,缺失值：缺失哨兵(空串/NaN/empty 等),,
1558,sched_arr_time,,MV,missing_value,缺失值：缺失哨兵(空串/NaN/empty 等),,
1559,sched_arr_time,12/2/11 5:11 a.m.,FI,regex,格式应为 小时:分钟 午别，可选后接星期 日-月-年；样例符合度高,,
1560,sched_arr_time,,MV,missing_value,缺失值：缺失哨兵(空串/NaN/empty 等),,
1561,sched_arr_time,,MV,missing_value,缺失值：缺失哨兵(空串/NaN/empty 等),,
1562,sched_arr_time,,MV,missing_value,缺失值：缺失哨兵(空串/NaN/empty 等),,
1563,sched_arr_time,,MV,missing_value,缺失值：缺失哨兵(空串/NaN/empty 等),,
1564,sched_arr_time,,MV,missing_value,缺失值：缺失哨兵(空串/NaN/empty 等),,
1567,sched_arr_time,,MV,missing_value,缺失值：缺失哨兵(空串/NaN/empty 等),,
1568,sched_arr_time,,MV,missing_value,缺失值：缺失哨兵(空串/NaN/empty 等),,
1569,sched_arr_time,,MV,missing_value,缺失值：缺失哨兵(空串/NaN/empty 等),,
1570,sched_arr_time,,MV,missing_value,缺失值：缺失哨兵(空串/NaN/empty 等),,
1571,sched_arr_time,,MV,missing_value,缺失值：缺失哨兵(空串/NaN/empty 等),,
1573,sched_arr_time,,MV,missing_value,缺失值：缺失哨兵(空串/NaN/empty 等),,
1574,sched_arr_time,,MV,missing_value,缺失值：缺失哨兵(空串/NaN/empty 等),,
1575,sched_arr_time,,MV,missing_value,缺失值：缺失哨兵(空串/NaN/empty 等),,
1576,sched_arr_time,,MV,missing_value,缺失值：缺失哨兵(空串/NaN/empty 等),,
1577,sched_arr_time,,MV,missing_value,缺失值：缺失哨兵(空串/NaN/empty 等),,
1578,sched_arr_time,,MV,missing_value,缺失值：缺失哨兵(空串/NaN/empty 等),,
1580,sched_arr_time,,MV,missing_value,缺失值：缺失哨兵(空串/NaN/empty 等),,
1581,sched_arr_time,,MV,missing_value,缺失值：缺失哨兵(空串/NaN/empty 等),,
1582,sched_arr_time,,MV,missing_value,缺失值：缺失哨兵(空串/NaN/empty 等),,
1584,sched_arr_time,,MV,missing_value,缺失值：缺失哨兵(空串/NaN/empty 等),,
1585,sched_arr_time,,MV,missing_value,缺失值：缺失哨兵(空串/NaN/empty 等),,
1586,sched_arr_time,,MV,missing_value,缺失值：缺失哨兵(空串/NaN/empty 等),,
1589,sched_arr_time,9:54aDec 1,FI,regex,格式应为 小时:分钟 午别，可选后接星期 日-月-年；样例符合度高,,
1592,sched_arr_time,11:19aDec 1,FI,regex,格式应为 小时:分钟 午别，可选后接星期 日-月-年；样例符合度高,,
1593,sched_arr_time,6:55aDec 2,FI,regex,格式应为 小时:分钟 午别，可选后接星期 日-月-年；样例符合度高,,
1594,sched_arr_time,5:35aDec 1,FI,regex,格式应为 小时:分钟 午别，可选后接星期 日-月-年；样例符合度高,,
1597,sched_arr_time,9:55aDec 1,FI,regex,格式应为 小时:分钟 午别，可选后接星期 日-月-年；样例符合度高,,
1600,sched_arr_time,9:20aDec 1,FI,regex,格式应为 小时:分钟 午别，可选后接星期 日-月-年；样例符合度高,,
1603,sched_arr_time,8:00aDec 1,FI,regex,格式应为 小时:分钟 午别，可选后接星期 日-月-年；样例符合度高,,
1610,sched_arr_time,7:30aDec 1,FI,regex,格式应为 小时:分钟 午别，可选后接星期 日-月-年；样例符合度高,,
1611,sched_arr_time,9:35aDec 1,FI,regex,格式应为 小时:分钟 午别，可选后接星期 日-月-年；样例符合度高,,
1613,sched_arr_time,11:10aDec 1,FI,regex,格式应为 小时:分钟 午别，可选后接星期 日-月-年；样例符合度高,,
1615,sched_arr_time,10:31aDec 1,FI,regex,格式应为 小时:分钟 午别，可选后接星期 日-月-年；样例符合度高,,
1617,sched_arr_time,12:29aDec 2,FI,regex,格式应为 小时:分钟 午别，可选后接星期 日-月-年；样例符合度高,,
1618,sched_arr_time,Dec 02 12:15 a.m.,FI,regex,格式应为 小时:分钟 午别，可选后接星期 日-月-年；样例符合度高,,
1620,sched_arr_time,10:34aDec 1,FI,regex,格式应为 小时:分钟 午别，可选后接星期 日-月-年；样例符合度高,,
1621,sched_arr_time,11:50aDec 1,FI,regex,格式应为 小时:分钟 午别，可选后接星期 日-月-年；样例符合度高,,
1622,sched_arr_time,Not Available,FI,regex,格式应为 小时:分钟 午别，可选后接星期 日-月-年；样例符合度高,,
1625,sched_arr_time,5:11aDec 2,FI,regex,格式应为 小时:分钟 午别，可选后接星期 日-月-年；样例符合度高,,
1628,sched_arr_time,Not Available,FI,regex,格式应为 小时:分钟 午别，可选后接星期 日-月-年；样例符合度高,,
1630,sched_arr_time,11:53aDec 1,FI,regex,格式应为 小时:分钟 午别，可选后接星期 日-月-年；样例符合度高,,
1631,sched_arr_time,10:45aDec 1,FI,regex,格式应为 小时:分钟 午别，可选后接星期 日-月-年；样例符合度高,,
1632,sched_arr_time,10:40aDec 1,FI,regex,格式应为 小时:分钟 午别，可选后接星期 日-月-年；样例符合度高,,
1636,sched_arr_time,7:45aDec 1,FI,regex,格式应为 小时:分钟 午别，可选后接星期 日-月-年；样例符合度高,,
1642,sched_arr_time,11/30 9:45 p.m.,FI,regex,格式应为 小时:分钟 午别，可选后接星期 日-月-年；样例符合度高,,
1643,sched_arr_time,11/30 7:35 p.m.,FI,regex,格式应为 小时:分钟 午别，可选后接星期 日-月-年；样例符合度高,,
1645,sched_arr_time,11/30 9:10 p.m.,FI,regex,格式应为 小时:分钟 午别，可选后接星期 日-月-年；样例符合度高,,
1649,sched_arr_time,11/30 6:40 p.m.,FI,regex,格式应为 小时:分钟 午别，可选后接星期 日-月-年；样例符合度高,,
1651,sched_arr_time,11/30 5:25 p.m.,FI,regex,格式应为 小时:分钟 午别，可选后接星期 日-月-年；样例符合度高,,
1653,sched_arr_time,11/30 10:30 p.m.,FI,regex,格式应为 小时:分钟 午别，可选后接星期 日-月-年；样例符合度高,,
1657,sched_arr_time,11/30 5:15 p.m.,FI,regex,格式应为 小时:分钟 午别，可选后接星期 日-月-年；样例符合度高,,
1660,sched_arr_time,11/30 7:53 p.m.,FI,regex,格式应为 小时:分钟 午别，可选后接星期 日-月-年；样例符合度高,,
1744,sched_arr_time,Fri Dec 2 12:29 a.m.,FI,regex,格式应为 小时:分钟 午别，可选后接星期 日-月-年；样例符合度高,,
1747,sched_arr_time,Fri Dec 2 5:11 a.m.,FI,regex,格式应为 小时:分钟 午别，可选后接星期 日-月-年；样例符合度高,,
1759,sched_arr_time,,MV,missing_value,缺失值：缺失哨兵(空串/NaN/empty 等),,
1762,sched_arr_time,,MV,missing_value,缺失值：缺失哨兵(空串/NaN/empty 等),,
1766,sched_arr_time,,MV,missing_value,缺失值：缺失哨兵(空串/NaN/empty 等),,
1767,sched_arr_time,,MV,missing_value,缺失值：缺失哨兵(空串/NaN/empty 等),,
1769,sched_arr_time,,MV,missing_value,缺失值：缺失哨兵(空串/NaN/empty 等),,
1770,sched_arr_time,,MV,missing_value,缺失值：缺失哨兵(空串/NaN/empty 等),,
1772,sched_arr_time,,MV,missing_value,缺失值：缺失哨兵(空串/NaN/empty 等),,
1773,sched_arr_time,,MV,missing_value,缺失值：缺失哨兵(空串/NaN/empty 等),,
1775,sched_arr_time,,MV,missing_value,缺失值：缺失哨兵(空串/NaN/empty 等),,
1778,sched_arr_time,,MV,missing_value,缺失值：缺失哨兵(空串/NaN/empty 等),,
1779,sched_arr_time,,MV,missing_value,缺失值：缺失哨兵(空串/NaN/empty 等),,
1780,sched_arr_time,,MV,missing_value,缺失值：缺失哨兵(空串/NaN/empty 等),,
1781,sched_arr_time,,MV,missing_value,缺失值：缺失哨兵(空串/NaN/empty 等),,
1783,sched_arr_time,,MV,missing_value,缺失值：缺失哨兵(空串/NaN/empty 等),,
1786,sched_arr_time,,MV,missing_value,缺失值：缺失哨兵(空串/NaN/empty 等),,
1787,sched_arr_time,,MV,missing_value,缺失值：缺失哨兵(空串/NaN/empty 等),,
1790,sched_arr_time,,MV,missing_value,缺失值：缺失哨兵(空串/NaN/empty 等),,
1791,sched_arr_time,,MV,missing_value,缺失值：缺失哨兵(空串/NaN/empty 等),,
1792,sched_arr_time,,MV,missing_value,缺失值：缺失哨兵(空串/NaN/empty 等),,
1795,sched_arr_time,,MV,missing_value,缺失值：缺失哨兵(空串/NaN/empty 等),,
1796,sched_arr_time,,MV,missing_value,缺失值：缺失哨兵(空串/NaN/empty 等),,
1798,sched_arr_time,,MV,missing_value,缺失值：缺失哨兵(空串/NaN/empty 等),,
1799,sched_arr_time,,MV,missing_value,缺失值：缺失哨兵(空串/NaN/empty 等),,
1804,sched_arr_time,,MV,missing_value,缺失值：缺失哨兵(空串/NaN/empty 等),,
1808,sched_arr_time,,MV,missing_value,缺失值：缺失哨兵(空串/NaN/empty 等),,
1810,sched_arr_time,,MV,missing_value,缺失值：缺失哨兵(空串/NaN/empty 等),,
1812,sched_arr_time,,MV,missing_value,缺失值：缺失哨兵(空串/NaN/empty 等),,
1813,sched_arr_time,,MV,missing_value,缺失值：缺失哨兵(空串/NaN/empty 等),,
1814,sched_arr_time,,MV,missing_value,缺失值：缺失哨兵(空串/NaN/empty 等),,
1817,sched_arr_time,,MV,missing_value,缺失值：缺失哨兵(空串/NaN/empty 等),,
1824,sched_arr_time,,MV,missing_value,缺失值：缺失哨兵(空串/NaN/empty 等),,
1826,sched_arr_time,,MV,missing_value,缺失值：缺失哨兵(空串/NaN/empty 等),,
1827,sched_arr_time,,MV,missing_value,缺失值：缺失哨兵(空串/NaN/empty 等),,
1830,sched_arr_time,,MV,missing_value,缺失值：缺失哨兵(空串/NaN/empty 等),,
1831,sched_arr_time,,MV,missing_value,缺失值：缺失哨兵(空串/NaN/empty 等),,
1832,sched_arr_time,,MV,missing_value,缺失值：缺失哨兵(空串/NaN/empty 等),,
1833,sched_arr_time,,MV,missing_value,缺失值：缺失哨兵(空串/NaN/empty 等),,
1834,sched_arr_time,,MV,missing_value,缺失值：缺失哨兵(空串/NaN/empty 等),,
1835,sched_arr_time,,MV,missing_value,缺失值：缺失哨兵(空串/NaN/empty 等),,
1841,sched_arr_time,,MV,missing_value,缺失值：缺失哨兵(空串/NaN/empty 等),,
1843,sched_arr_time,,MV,missing_value,缺失值：缺失哨兵(空串/NaN/empty 等),,
1846,sched_arr_time,,MV,missing_value,缺失值：缺失哨兵(空串/NaN/empty 等),,
1850,sched_arr_time,,MV,missing_value,缺失值：缺失哨兵(空串/NaN/empty 等),,
1951,sched_arr_time,,MV,missing_value,缺失值：缺失哨兵(空串/NaN/empty 等),,
1954,sched_arr_time,,MV,missing_value,缺失值：缺失哨兵(空串/NaN/empty 等),,
1958,sched_arr_time,,MV,missing_value,缺失值：缺失哨兵(空串/NaN/empty 等),,
1959,sched_arr_time,,MV,missing_value,缺失值：缺失哨兵(空串/NaN/empty 等),,
1960,sched_arr_time,6:55 a.m. Dec 02,FI,regex,格式应为 小时:分钟 午别，可选后接星期 日-月-年；样例符合度高,,
1961,sched_arr_time,,MV,missing_value,缺失值：缺失哨兵(空串/NaN/empty 等),,
1962,sched_arr_time,,MV,missing_value,缺失值：缺失哨兵(空串/NaN/empty 等),,
1964,sched_arr_time,,MV,missing_value,缺失值：缺失哨兵(空串/NaN/empty 等),,
1965,sched_arr_time,,MV,missing_value,缺失值：缺失哨兵(空串/NaN/empty 等),,
1967,sched_arr_time,,MV,missing_value,缺失值：缺失哨兵(空串/NaN/empty 等),,
1970,sched_arr_time,,MV,missing_value,缺失值：缺失哨兵(空串/NaN/empty 等),,
1971,sched_arr_time,,MV,missing_value,缺失值：缺失哨兵(空串/NaN/empty 等),,
1972,sched_arr_time,,MV,missing_value,缺失值：缺失哨兵(空串/NaN/empty 等),,
1973,sched_arr_time,,MV,missing_value,缺失值：缺失哨兵(空串/NaN/empty 等),,
1975,sched_arr_time,,MV,missing_value,缺失值：缺失哨兵(空串/NaN/empty 等),,
1978,sched_arr_time,,MV,missing_value,缺失值：缺失哨兵(空串/NaN/empty 等),,
1979,sched_arr_time,,MV,missing_value,缺失值：缺失哨兵(空串/NaN/empty 等),,
1982,sched_arr_time,,MV,missing_value,缺失值：缺失哨兵(空串/NaN/empty 等),,
1983,sched_arr_time,,MV,missing_value,缺失值：缺失哨兵(空串/NaN/empty 等),,
1984,sched_arr_time,,MV,missing_value,缺失值：缺失哨兵(空串/NaN/empty 等),,
1987,sched_arr_time,,MV,missing_value,缺失值：缺失哨兵(空串/NaN/empty 等),,
1988,sched_arr_time,,MV,missing_value,缺失值：缺失哨兵(空串/NaN/empty 等),,
1990,sched_arr_time,,MV,missing_value,缺失值：缺失哨兵(空串/NaN/empty 等),,
1991,sched_arr_time,,MV,missing_value,缺失值：缺失哨兵(空串/NaN/empty 等),,
1995,sched_arr_time,12:21 a.m. Dec 02,FI,regex,格式应为 小时:分钟 午别，可选后接星期 日-月-年；样例符合度高,,
1996,sched_arr_time,,MV,missing_value,缺失值：缺失哨兵(空串/NaN/empty 等),,
2000,sched_arr_time,,MV,missing_value,缺失值：缺失哨兵(空串/NaN/empty 等),,
2002,sched_arr_time,,MV,missing_value,缺失值：缺失哨兵(空串/NaN/empty 等),,
2004,sched_arr_time,,MV,missing_value,缺失值：缺失哨兵(空串/NaN/empty 等),,
2005,sched_arr_time,,MV,missing_value,缺失值：缺失哨兵(空串/NaN/empty 等),,
2009,sched_arr_time,,MV,missing_value,缺失值：缺失哨兵(空串/NaN/empty 等),,
2010,sched_arr_time,5:50 a.m. Dec 02,FI,regex,格式应为 小时:分钟 午别，可选后接星期 日-月-年；样例符合度高,,
2011,sched_arr_time,12:29 a.m. Dec 02,FI,regex,格式应为 小时:分钟 午别，可选后接星期 日-月-年；样例符合度高,,
2012,sched_arr_time,12:15 a.m. Dec 02,FI,regex,格式应为 小时:分钟 午别，可选后接星期 日-月-年；样例符合度高,,
2016,sched_arr_time,,MV,missing_value,缺失值：缺失哨兵(空串/NaN/empty 等),,
2018,sched_arr_time,,MV,missing_value,缺失值：缺失哨兵(空串/NaN/empty 等),,
2019,sched_arr_time,,MV,missing_value,缺失值：缺失哨兵(空串/NaN/empty 等),,
2020,sched_arr_time,5:11 a.m.Dec 02,FI,regex,格式应为 小时:分钟 午别，可选后接星期 日-月-年；样例符合度高,,
2022,sched_arr_time,,MV,missing_value,缺失值：缺失哨兵(空串/NaN/empty 等),,
2023,sched_arr_time,,MV,missing_value,缺失值：缺失哨兵(空串/NaN/empty 等),,
2024,sched_arr_time,,MV,missing_value,缺失值：缺失哨兵(空串/NaN/empty 等),,
2025,sched_arr_time,,MV,missing_value,缺失值：缺失哨兵(空串/NaN/empty 等),,
2026,sched_arr_time,,MV,missing_value,缺失值：缺失哨兵(空串/NaN/empty 等),,
2027,sched_arr_time,,MV,missing_value,缺失值：缺失哨兵(空串/NaN/empty 等),,
2033,sched_arr_time,,MV,missing_value,缺失值：缺失哨兵(空串/NaN/empty 等),,
2035,sched_arr_time,,MV,missing_value,缺失值：缺失哨兵(空串/NaN/empty 等),,
2038,sched_arr_time,,MV,missing_value,缺失值：缺失哨兵(空串/NaN/empty 等),,
2042,sched_arr_time,,MV,missing_value,缺失值：缺失哨兵(空串/NaN/empty 等),,
2051,sched_arr_time,,MV,missing_value,缺失值：缺失哨兵(空串/NaN/empty 等),,
2054,sched_arr_time,,MV,missing_value,缺失值：缺失哨兵(空串/NaN/empty 等),,
2058,sched_arr_time,,MV,missing_value,缺失值：缺失哨兵(空串/NaN/empty 等),,
2059,sched_arr_time,,MV,missing_value,缺失值：缺失哨兵(空串/NaN/empty 等),,
2061,sched_arr_time,,MV,missing_value,缺失值：缺失哨兵(空串/NaN/empty 等),,
2062,sched_arr_time,,MV,missing_value,缺失值：缺失哨兵(空串/NaN/empty 等),,
2064,sched_arr_time,,MV,missing_value,缺失值：缺失哨兵(空串/NaN/empty 等),,
2065,sched_arr_time,,MV,missing_value,缺失值：缺失哨兵(空串/NaN/empty 等),,
2067,sched_arr_time,,MV,missing_value,缺失值：缺失哨兵(空串/NaN/empty 等),,
2070,sched_arr_time,,MV,missing_value,缺失值：缺失哨兵(空串/NaN/empty 等),,
2071,sched_arr_time,,MV,missing_value,缺失值：缺失哨兵(空串/NaN/empty 等),,
2072,sched_arr_time,,MV,missing_value,缺失值：缺失哨兵(空串/NaN/empty 等),,
2073,sched_arr_time,,MV,missing_value,缺失值：缺失哨兵(空串/NaN/empty 等),,
2075,sched_arr_time,,MV,missing_value,缺失值：缺失哨兵(空串/NaN/empty 等),,
2078,sched_arr_time,,MV,missing_value,缺失值：缺失哨兵(空串/NaN/empty 等),,
2079,sched_arr_time,,MV,missing_value,缺失值：缺失哨兵(空串/NaN/empty 等),,
2082,sched_arr_time,,MV,missing_value,缺失值：缺失哨兵(空串/NaN/empty 等),,
2083,sched_arr_time,,MV,missing_value,缺失值：缺失哨兵(空串/NaN/empty 等),,
2084,sched_arr_time,,MV,missing_value,缺失值：缺失哨兵(空串/NaN/empty 等),,
2087,sched_arr_time,,MV,missing_value,缺失值：缺失哨兵(空串/NaN/empty 等),,
2088,sched_arr_time,,MV,missing_value,缺失值：缺失哨兵(空串/NaN/empty 等),,
2090,sched_arr_time,,MV,missing_value,缺失值：缺失哨兵(空串/NaN/empty 等),,
2091,sched_arr_time,,MV,missing_value,缺失值：缺失哨兵(空串/NaN/empty 等),,
2096,sched_arr_time,,MV,missing_value,缺失值：缺失哨兵(空串/NaN/empty 等),,
2100,sched_arr_time,,MV,missing_value,缺失值：缺失哨兵(空串/NaN/empty 等),,
2102,sched_arr_time,,MV,missing_value,缺失值：缺失哨兵(空串/NaN/empty 等),,
2104,sched_arr_time,,MV,missing_value,缺失值：缺失哨兵(空串/NaN/empty 等),,
2105,sched_arr_time,,MV,missing_value,缺失值：缺失哨兵(空串/NaN/empty 等),,
2106,sched_arr_time,,MV,missing_value,缺失值：缺失哨兵(空串/NaN/empty 等),,
2109,sched_arr_time,,MV,missing_value,缺失值：缺失哨兵(空串/NaN/empty 等),,
2116,sched_arr_time,,MV,missing_value,缺失值：缺失哨兵(空串/NaN/empty 等),,
2118,sched_arr_time,,MV,missing_value,缺失值：缺失哨兵(空串/NaN/empty 等),,
2119,sched_arr_time,,MV,missing_value,缺失值：缺失哨兵(空串/NaN/empty 等),,
2122,sched_arr_time,,MV,missing_value,缺失值：缺失哨兵(空串/NaN/empty 等),,
2123,sched_arr_time,,MV,missing_value,缺失值：缺失哨兵(空串/NaN/empty 等),,
2124,sched_arr_time,,MV,missing_value,缺失值：缺失哨兵(空串/NaN/empty 等),,
2125,sched_arr_time,,MV,missing_value,缺失值：缺失哨兵(空串/NaN/empty 等),,
2126,sched_arr_time,,MV,missing_value,缺失值：缺失哨兵(空串/NaN/empty 等),,
2127,sched_arr_time,,MV,missing_value,缺失值：缺失哨兵(空串/NaN/empty 等),,
2133,sched_arr_time,,MV,missing_value,缺失值：缺失哨兵(空串/NaN/empty 等),,
2135,sched_arr_time,,MV,missing_value,缺失值：缺失哨兵(空串/NaN/empty 等),,
2138,sched_arr_time,,MV,missing_value,缺失值：缺失哨兵(空串/NaN/empty 等),,
2142,sched_arr_time,,MV,missing_value,缺失值：缺失哨兵(空串/NaN/empty 等),,
2150,sched_arr_time,,MV,missing_value,缺失值：缺失哨兵(空串/NaN/empty 等),,
2153,sched_arr_time,,MV,missing_value,缺失值：缺失哨兵(空串/NaN/empty 等),,
2156,sched_arr_time,,MV,missing_value,缺失值：缺失哨兵(空串/NaN/empty 等),,
2159,sched_arr_time,,MV,missing_value,缺失值：缺失哨兵(空串/NaN/empty 等),,
2163,sched_arr_time,,MV,missing_value,缺失值：缺失哨兵(空串/NaN/empty 等),,
2164,sched_arr_time,,MV,missing_value,缺失值：缺失哨兵(空串/NaN/empty 等),,
2165,sched_arr_time,6:55 a.m. Dec 02,FI,regex,格式应为 小时:分钟 午别，可选后接星期 日-月-年；样例符合度高,,
2166,sched_arr_time,,MV,missing_value,缺失值：缺失哨兵(空串/NaN/empty 等),,
2167,sched_arr_time,,MV,missing_value,缺失值：缺失哨兵(空串/NaN/empty 等),,
2169,sched_arr_time,,MV,missing_value,缺失值：缺失哨兵(空串/NaN/empty 等),,
2170,sched_arr_time,,MV,missing_value,缺失值：缺失哨兵(空串/NaN/empty 等),,
2172,sched_arr_time,,MV,missing_value,缺失值：缺失哨兵(空串/NaN/empty 等),,
2175,sched_arr_time,,MV,missing_value,缺失值：缺失哨兵(空串/NaN/empty 等),,
2176,sched_arr_time,,MV,missing_value,缺失值：缺失哨兵(空串/NaN/empty 等),,
2177,sched_arr_time,,MV,missing_value,缺失值：缺失哨兵(空串/NaN/empty 等),,
2178,sched_arr_time,,MV,missing_value,缺失值：缺失哨兵(空串/NaN/empty 等),,
2180,sched_arr_time,,MV,missing_value,缺失值：缺失哨兵(空串/NaN/empty 等),,
2183,sched_arr_time,,MV,missing_value,缺失值：缺失哨兵(空串/NaN/empty 等),,
2184,sched_arr_time,,MV,missing_value,缺失值：缺失哨兵(空串/NaN/empty 等),,
2187,sched_arr_time,,MV,missing_value,缺失值：缺失哨兵(空串/NaN/empty 等),,
2188,sched_arr_time,,MV,missing_value,缺失值：缺失哨兵(空串/NaN/empty 等),,
2189,sched_arr_time,,MV,missing_value,缺失值：缺失哨兵(空串/NaN/empty 等),,
2192,sched_arr_time,,MV,missing_value,缺失值：缺失哨兵(空串/NaN/empty 等),,
2193,sched_arr_time,,MV,missing_value,缺失值：缺失哨兵(空串/NaN/empty 等),,
2195,sched_arr_time,,MV,missing_value,缺失值：缺失哨兵(空串/NaN/empty 等),,
2196,sched_arr_time,,MV,missing_value,缺失值：缺失哨兵(空串/NaN/empty 等),,
2200,sched_arr_time,12:21 a.m. Dec 02,FI,regex,格式应为 小时:分钟 午别，可选后接星期 日-月-年；样例符合度高,,
2201,sched_arr_time,,MV,missing_value,缺失值：缺失哨兵(空串/NaN/empty 等),,
2205,sched_arr_time,,MV,missing_value,缺失值：缺失哨兵(空串/NaN/empty 等),,
2207,sched_arr_time,,MV,missing_value,缺失值：缺失哨兵(空串/NaN/empty 等),,
2209,sched_arr_time,,MV,missing_value,缺失值：缺失哨兵(空串/NaN/empty 等),,
2210,sched_arr_time,,MV,missing_value,缺失值：缺失哨兵(空串/NaN/empty 等),,
2214,sched_arr_time,,MV,missing_value,缺失值：缺失哨兵(空串/NaN/empty 等),,
2215,sched_arr_time,5:50 a.m. Dec 02,FI,regex,格式应为 小时:分钟 午别，可选后接星期 日-月-年；样例符合度高,,
2216,sched_arr_time,12:29 a.m. Dec 02,FI,regex,格式应为 小时:分钟 午别，可选后接星期 日-月-年；样例符合度高,,
2217,sched_arr_time,12:15 a.m. Dec 02,FI,regex,格式应为 小时:分钟 午别，可选后接星期 日-月-年；样例符合度高,,
2221,sched_arr_time,,MV,missing_value,缺失值：缺失哨兵(空串/NaN/empty 等),,
2223,sched_arr_time,,MV,missing_value,缺失值：缺失哨兵(空串/NaN/empty 等),,
2224,sched_arr_time,,MV,missing_value,缺失值：缺失哨兵(空串/NaN/empty 等),,
2225,sched_arr_time,5:11 a.m.Dec 02,FI,regex,格式应为 小时:分钟 午别，可选后接星期 日-月-年；样例符合度高,,
2227,sched_arr_time,,MV,missing_value,缺失值：缺失哨兵(空串/NaN/empty 等),,
2228,sched_arr_time,,MV,missing_value,缺失值：缺失哨兵(空串/NaN/empty 等),,
2229,sched_arr_time,,MV,missing_value,缺失值：缺失哨兵(空串/NaN/empty 等),,
2230,sched_arr_time,,MV,missing_value,缺失值：缺失哨兵(空串/NaN/empty 等),,
2231,sched_arr_time,,MV,missing_value,缺失值：缺失哨兵(空串/NaN/empty 等),,
2232,sched_arr_time,,MV,missing_value,缺失值：缺失哨兵(空串/NaN/empty 等),,
2238,sched_arr_time,,MV,missing_value,缺失值：缺失哨兵(空串/NaN/empty 等),,
2240,sched_arr_time,,MV,missing_value,缺失值：缺失哨兵(空串/NaN/empty 等),,
2243,sched_arr_time,,MV,missing_value,缺失值：缺失哨兵(空串/NaN/empty 等),,
2247,sched_arr_time,,MV,missing_value,缺失值：缺失哨兵(空串/NaN/empty 等),,
1,act_arr_time,,MV,missing_value,缺失值：缺失哨兵(空串/NaN/empty 等),,
2,act_arr_time,,MV,missing_value,缺失值：缺失哨兵(空串/NaN/empty 等),,
5,act_arr_time,,MV,missing_value,缺失值：缺失哨兵(空串/NaN/empty 等),,
31,act_arr_time,,MV,missing_value,缺失值：缺失哨兵(空串/NaN/empty 等),,
32,act_arr_time,,MV,missing_value,缺失值：缺失哨兵(空串/NaN/empty 等),,
33,act_arr_time,,MV,missing_value,缺失值：缺失哨兵(空串/NaN/empty 等),,
36,act_arr_time,,MV,missing_value,缺失值：缺失哨兵(空串/NaN/empty 等),,
37,act_arr_time,,MV,missing_value,缺失值：缺失哨兵(空串/NaN/empty 等),,
51,act_arr_time,,MV,missing_value,缺失值：缺失哨兵(空串/NaN/empty 等),,
57,act_arr_time,,MV,missing_value,缺失值：缺失哨兵(空串/NaN/empty 等),,
62,act_arr_time,,MV,missing_value,缺失值：缺失哨兵(空串/NaN/empty 等),,
64,act_arr_time,,MV,missing_value,缺失值：缺失哨兵(空串/NaN/empty 等),,
65,act_arr_time,,MV,missing_value,缺失值：缺失哨兵(空串/NaN/empty 等),,
71,act_arr_time,,MV,missing_value,缺失值：缺失哨兵(空串/NaN/empty 等),,
72,act_arr_time,,MV,missing_value,缺失值：缺失哨兵(空串/NaN/empty 等),,
75,act_arr_time,,MV,missing_value,缺失值：缺失哨兵(空串/NaN/empty 等),,
78,act_arr_time,,MV,missing_value,缺失值：缺失哨兵(空串/NaN/empty 等),,
79,act_arr_time,,MV,missing_value,缺失值：缺失哨兵(空串/NaN/empty 等),,
87,act_arr_time,,MV,missing_value,缺失值：缺失哨兵(空串/NaN/empty 等),,
88,act_arr_time,,MV,missing_value,缺失值：缺失哨兵(空串/NaN/empty 等),,
91,act_arr_time,,MV,missing_value,缺失值：缺失哨兵(空串/NaN/empty 等),,
96,act_arr_time,,MV,missing_value,缺失值：缺失哨兵(空串/NaN/empty 等),,
98,act_arr_time,,MV,missing_value,缺失值：缺失哨兵(空串/NaN/empty 等),,
106,act_arr_time,,MV,missing_value,缺失值：缺失哨兵(空串/NaN/empty 等),,
111,act_arr_time,,MV,missing_value,缺失值：缺失哨兵(空串/NaN/empty 等),,
120,act_arr_time,,MV,missing_value,缺失值：缺失哨兵(空串/NaN/empty 等),,
122,act_arr_time,,MV,missing_value,缺失值：缺失哨兵(空串/NaN/empty 等),,
128,act_arr_time,,MV,missing_value,缺失值：缺失哨兵(空串/NaN/empty 等),,
129,act_arr_time,,MV,missing_value,缺失值：缺失哨兵(空串/NaN/empty 等),,
135,act_arr_time,,MV,missing_value,缺失值：缺失哨兵(空串/NaN/empty 等),,
142,act_arr_time,,MV,missing_value,缺失值：缺失哨兵(空串/NaN/empty 等),,
146,act_arr_time,,MV,missing_value,缺失值：缺失哨兵(空串/NaN/empty 等),,
190,act_arr_time,,MV,missing_value,缺失值：缺失哨兵(空串/NaN/empty 等),,
210,act_arr_time,,MV,missing_value,缺失值：缺失哨兵(空串/NaN/empty 等),,
220,act_arr_time,,MV,missing_value,缺失值：缺失哨兵(空串/NaN/empty 等),,
221,act_arr_time,,MV,missing_value,缺失值：缺失哨兵(空串/NaN/empty 等),,
250,act_arr_time,,MV,missing_value,缺失值：缺失哨兵(空串/NaN/empty 等),,
253,act_arr_time,,MV,missing_value,缺失值：缺失哨兵(空串/NaN/empty 等),,
254,act_arr_time,,MV,missing_value,缺失值：缺失哨兵(空串/NaN/empty 等),,
256,act_arr_time,,MV,missing_value,缺失值：缺失哨兵(空串/NaN/empty 等),,
257,act_arr_time,,MV,missing_value,缺失值：缺失哨兵(空串/NaN/empty 等),,
258,act_arr_time,,MV,missing_value,缺失值：缺失哨兵(空串/NaN/empty 等),,
259,act_arr_time,,MV,missing_value,缺失值：缺失哨兵(空串/NaN/empty 等),,
261,act_arr_time,,MV,missing_value,缺失值：缺失哨兵(空串/NaN/empty 等),,
262,act_arr_time,,MV,missing_value,缺失值：缺失哨兵(空串/NaN/empty 等),,
263,act_arr_time,,MV,missing_value,缺失值：缺失哨兵(空串/NaN/empty 等),,
264,act_arr_time,,MV,missing_value,缺失值：缺失哨兵(空串/NaN/empty 等),,
265,act_arr_time,,MV,missing_value,缺失值：缺失哨兵(空串/NaN/empty 等),,
266,act_arr_time,,MV,missing_value,缺失值：缺失哨兵(空串/NaN/empty 等),,
267,act_arr_time,,MV,missing_value,缺失值：缺失哨兵(空串/NaN/empty 等),,
268,act_arr_time,,MV,missing_value,缺失值：缺失哨兵(空串/NaN/empty 等),,
269,act_arr_time,,MV,missing_value,缺失值：缺失哨兵(空串/NaN/empty 等),,
271,act_arr_time,,MV,missing_value,缺失值：缺失哨兵(空串/NaN/empty 等),,
272,act_arr_time,,MV,missing_value,缺失值：缺失哨兵(空串/NaN/empty 等),,
273,act_arr_time,,MV,missing_value,缺失值：缺失哨兵(空串/NaN/empty 等),,
274,act_arr_time,,MV,missing_value,缺失值：缺失哨兵(空串/NaN/empty 等),,
276,act_arr_time,,MV,missing_value,缺失值：缺失哨兵(空串/NaN/empty 等),,
278,act_arr_time,,MV,missing_value,缺失值：缺失哨兵(空串/NaN/empty 等),,
280,act_arr_time,,MV,missing_value,缺失值：缺失哨兵(空串/NaN/empty 等),,
281,act_arr_time,,MV,missing_value,缺失值：缺失哨兵(空串/NaN/empty 等),,
286,act_arr_time,,MV,missing_value,缺失值：缺失哨兵(空串/NaN/empty 等),,
287,act_arr_time,,MV,missing_value,缺失值：缺失哨兵(空串/NaN/empty 等),,
289,act_arr_time,,MV,missing_value,缺失值：缺失哨兵(空串/NaN/empty 等),,
290,act_arr_time,,MV,missing_value,缺失值：缺失哨兵(空串/NaN/empty 等),,
291,act_arr_time,,MV,missing_value,缺失值：缺失哨兵(空串/NaN/empty 等),,
292,act_arr_time,,MV,missing_value,缺失值：缺失哨兵(空串/NaN/empty 等),,
294,act_arr_time,,MV,missing_value,缺失值：缺失哨兵(空串/NaN/empty 等),,
295,act_arr_time,,MV,missing_value,缺失值：缺失哨兵(空串/NaN/empty 等),,
296,act_arr_time,,MV,missing_value,缺失值：缺失哨兵(空串/NaN/empty 等),,
297,act_arr_time,,MV,missing_value,缺失值：缺失哨兵(空串/NaN/empty 等),,
298,act_arr_time,,MV,missing_value,缺失值：缺失哨兵(空串/NaN/empty 等),,
300,act_arr_time,,MV,missing_value,缺失值：缺失哨兵(空串/NaN/empty 等),,
303,act_arr_time,,MV,missing_value,缺失值：缺失哨兵(空串/NaN/empty 等),,
307,act_arr_time,,MV,missing_value,缺失值：缺失哨兵(空串/NaN/empty 等),,
308,act_arr_time,,MV,missing_value,缺失值：缺失哨兵(空串/NaN/empty 等),,
309,act_arr_time,,MV,missing_value,缺失值：缺失哨兵(空串/NaN/empty 等),,
310,act_arr_time,,MV,missing_value,缺失值：缺失哨兵(空串/NaN/empty 等),,
311,act_arr_time,,MV,missing_value,缺失值：缺失哨兵(空串/NaN/empty 等),,
312,act_arr_time,,MV,missing_value,缺失值：缺失哨兵(空串/NaN/empty 等),,
313,act_arr_time,,MV,missing_value,缺失值：缺失哨兵(空串/NaN/empty 等),,
314,act_arr_time,,MV,missing_value,缺失值：缺失哨兵(空串/NaN/empty 等),,
315,act_arr_time,,MV,missing_value,缺失值：缺失哨兵(空串/NaN/empty 等),,
316,act_arr_time,,MV,missing_value,缺失值：缺失哨兵(空串/NaN/empty 等),,
317,act_arr_time,,MV,missing_value,缺失值：缺失哨兵(空串/NaN/empty 等),,
318,act_arr_time,,MV,missing_value,缺失值：缺失哨兵(空串/NaN/empty 等),,
320,act_arr_time,,MV,missing_value,缺失值：缺失哨兵(空串/NaN/empty 等),,
321,act_arr_time,,MV,missing_value,缺失值：缺失哨兵(空串/NaN/empty 等),,
322,act_arr_time,,MV,missing_value,缺失值：缺失哨兵(空串/NaN/empty 等),,
323,act_arr_time,,MV,missing_value,缺失值：缺失哨兵(空串/NaN/empty 等),,
326,act_arr_time,,MV,missing_value,缺失值：缺失哨兵(空串/NaN/empty 等),,
327,act_arr_time,,MV,missing_value,缺失值：缺失哨兵(空串/NaN/empty 等),,
328,act_arr_time,,MV,missing_value,缺失值：缺失哨兵(空串/NaN/empty 等),,
329,act_arr_time,,MV,missing_value,缺失值：缺失哨兵(空串/NaN/empty 等),,
330,act_arr_time,,MV,missing_value,缺失值：缺失哨兵(空串/NaN/empty 等),,
331,act_arr_time,,MV,missing_value,缺失值：缺失哨兵(空串/NaN/empty 等),,
333,act_arr_time,,MV,missing_value,缺失值：缺失哨兵(空串/NaN/empty 等),,
334,act_arr_time,,MV,missing_value,缺失值：缺失哨兵(空串/NaN/empty 等),,
336,act_arr_time,,MV,missing_value,缺失值：缺失哨兵(空串/NaN/empty 等),,
338,act_arr_time,,MV,missing_value,缺失值：缺失哨兵(空串/NaN/empty 等),,
344,act_arr_time,,MV,missing_value,缺失值：缺失哨兵(空串/NaN/empty 等),,
349,act_arr_time,,MV,missing_value,缺失值：缺失哨兵(空串/NaN/empty 等),,
351,act_arr_time,,MV,missing_value,缺失值：缺失哨兵(空串/NaN/empty 等),,
352,act_arr_time,,MV,missing_value,缺失值：缺失哨兵(空串/NaN/empty 等),,
358,act_arr_time,,MV,missing_value,缺失值：缺失哨兵(空串/NaN/empty 等),,
359,act_arr_time,,MV,missing_value,缺失值：缺失哨兵(空串/NaN/empty 等),,
362,act_arr_time,,MV,missing_value,缺失值：缺失哨兵(空串/NaN/empty 等),,
365,act_arr_time,,MV,missing_value,缺失值：缺失哨兵(空串/NaN/empty 等),,
366,act_arr_time,,MV,missing_value,缺失值：缺失哨兵(空串/NaN/empty 等),,
374,act_arr_time,,MV,missing_value,缺失值：缺失哨兵(空串/NaN/empty 等),,
375,act_arr_time,,MV,missing_value,缺失值：缺失哨兵(空串/NaN/empty 等),,
378,act_arr_time,,MV,missing_value,缺失值：缺失哨兵(空串/NaN/empty 等),,
383,act_arr_time,,MV,missing_value,缺失值：缺失哨兵(空串/NaN/empty 等),,
385,act_arr_time,,MV,missing_value,缺失值：缺失哨兵(空串/NaN/empty 等),,
393,act_arr_time,,MV,missing_value,缺失值：缺失哨兵(空串/NaN/empty 等),,
398,act_arr_time,,MV,missing_value,缺失值：缺失哨兵(空串/NaN/empty 等),,
407,act_arr_time,,MV,missing_value,缺失值：缺失哨兵(空串/NaN/empty 等),,
409,act_arr_time,,MV,missing_value,缺失值：缺失哨兵(空串/NaN/empty 等),,
415,act_arr_time,,MV,missing_value,缺失值：缺失哨兵(空串/NaN/empty 等),,
416,act_arr_time,,MV,missing_value,缺失值：缺失哨兵(空串/NaN/empty 等),,
422,act_arr_time,,MV,missing_value,缺失值：缺失哨兵(空串/NaN/empty 等),,
429,act_arr_time,,MV,missing_value,缺失值：缺失哨兵(空串/NaN/empty 等),,
433,act_arr_time,,MV,missing_value,缺失值：缺失哨兵(空串/NaN/empty 等),,
442,act_arr_time,,MV,missing_value,缺失值：缺失哨兵(空串/NaN/empty 等),,
447,act_arr_time,,MV,missing_value,缺失值：缺失哨兵(空串/NaN/empty 等),,
480,act_arr_time,,MV,missing_value,缺失值：缺失哨兵(空串/NaN/empty 等),,
482,act_arr_time,,MV,missing_value,缺失值：缺失哨兵(空串/NaN/empty 等),,
497,act_arr_time,,MV,missing_value,缺失值：缺失哨兵(空串/NaN/empty 等),,
498,act_arr_time,,MV,missing_value,缺失值：缺失哨兵(空串/NaN/empty 等),,
499,act_arr_time,,MV,missing_value,缺失值：缺失哨兵(空串/NaN/empty 等),,
500,act_arr_time,,MV,missing_value,缺失值：缺失哨兵(空串/NaN/empty 等),,
504,act_arr_time,,MV,missing_value,缺失值：缺失哨兵(空串/NaN/empty 等),,
507,act_arr_time,,MV,missing_value,缺失值：缺失哨兵(空串/NaN/empty 等),,
508,act_arr_time,,MV,missing_value,缺失值：缺失哨兵(空串/NaN/empty 等),,
607,act_arr_time,,MV,missing_value,缺失值：缺失哨兵(空串/NaN/empty 等),,
634,act_arr_time,,MV,missing_value,缺失值：缺失哨兵(空串/NaN/empty 等),,
639,act_arr_time,,MV,missing_value,缺失值：缺失哨兵(空串/NaN/empty 等),,
672,act_arr_time,,MV,missing_value,缺失值：缺失哨兵(空串/NaN/empty 等),,
674,act_arr_time,,MV,missing_value,缺失值：缺失哨兵(空串/NaN/empty 等),,
689,act_arr_time,,MV,missing_value,缺失值：缺失哨兵(空串/NaN/empty 等),,
690,act_arr_time,,MV,missing_value,缺失值：缺失哨兵(空串/NaN/empty 等),,
691,act_arr_time,,MV,missing_value,缺失值：缺失哨兵(空串/NaN/empty 等),,
692,act_arr_time,,MV,missing_value,缺失值：缺失哨兵(空串/NaN/empty 等),,
696,act_arr_time,,MV,missing_value,缺失值：缺失哨兵(空串/NaN/empty 等),,
699,act_arr_time,,MV,missing_value,缺失值：缺失哨兵(空串/NaN/empty 等),,
700,act_arr_time,,MV,missing_value,缺失值：缺失哨兵(空串/NaN/empty 等),,
734,act_arr_time,,MV,missing_value,缺失值：缺失哨兵(空串/NaN/empty 等),,
737,act_arr_time,,MV,missing_value,缺失值：缺失哨兵(空串/NaN/empty 等),,
756,act_arr_time,,MV,missing_value,缺失值：缺失哨兵(空串/NaN/empty 等),,
771,act_arr_time,,MV,missing_value,缺失值：缺失哨兵(空串/NaN/empty 等),,
772,act_arr_time,,MV,missing_value,缺失值：缺失哨兵(空串/NaN/empty 等),,
773,act_arr_time,,MV,missing_value,缺失值：缺失哨兵(空串/NaN/empty 等),,
777,act_arr_time,,MV,missing_value,缺失值：缺失哨兵(空串/NaN/empty 等),,
779,act_arr_time,,MV,missing_value,缺失值：缺失哨兵(空串/NaN/empty 等),,
783,act_arr_time,,MV,missing_value,缺失值：缺失哨兵(空串/NaN/empty 等),,
797,act_arr_time,,MV,missing_value,缺失值：缺失哨兵(空串/NaN/empty 等),,
798,act_arr_time,,MV,missing_value,缺失值：缺失哨兵(空串/NaN/empty 等),,
799,act_arr_time,,MV,missing_value,缺失值：缺失哨兵(空串/NaN/empty 等),,
800,act_arr_time,,MV,missing_value,缺失值：缺失哨兵(空串/NaN/empty 等),,
801,act_arr_time,,MV,missing_value,缺失值：缺失哨兵(空串/NaN/empty 等),,
802,act_arr_time,,MV,missing_value,缺失值：缺失哨兵(空串/NaN/empty 等),,
808,act_arr_time,,MV,missing_value,缺失值：缺失哨兵(空串/NaN/empty 等),,
810,act_arr_time,,MV,missing_value,缺失值：缺失哨兵(空串/NaN/empty 等),,
816,act_arr_time,,MV,missing_value,缺失值：缺失哨兵(空串/NaN/empty 等),,
821,act_arr_time,,MV,missing_value,缺失值：缺失哨兵(空串/NaN/empty 等),,
854,act_arr_time,,MV,missing_value,缺失值：缺失哨兵(空串/NaN/empty 等),,
856,act_arr_time,,MV,missing_value,缺失值：缺失哨兵(空串/NaN/empty 等),,
871,act_arr_time,,MV,missing_value,缺失值：缺失哨兵(空串/NaN/empty 等),,
872,act_arr_time,,MV,missing_value,缺失值：缺失哨兵(空串/NaN/empty 等),,
873,act_arr_time,,MV,missing_value,缺失值：缺失哨兵(空串/NaN/empty 等),,
874,act_arr_time,,MV,missing_value,缺失值：缺失哨兵(空串/NaN/empty 等),,
878,act_arr_time,,MV,missing_value,缺失值：缺失哨兵(空串/NaN/empty 等),,
881,act_arr_time,,MV,missing_value,缺失值：缺失哨兵(空串/NaN/empty 等),,
882,act_arr_time,,MV,missing_value,缺失值：缺失哨兵(空串/NaN/empty 等),,
913,act_arr_time,,MV,missing_value,缺失值：缺失哨兵(空串/NaN/empty 等),,
915,act_arr_time,,MV,missing_value,缺失值：缺失哨兵(空串/NaN/empty 等),,
916,act_arr_time,,MV,missing_value,缺失值：缺失哨兵(空串/NaN/empty 等),,
918,act_arr_time,,MV,missing_value,缺失值：缺失哨兵(空串/NaN/empty 等),,
919,act_arr_time,,MV,missing_value,缺失值：缺失哨兵(空串/NaN/empty 等),,
920,act_arr_time,,MV,missing_value,缺失值：缺失哨兵(空串/NaN/empty 等),,
933,act_arr_time,,MV,missing_value,缺失值：缺失哨兵(空串/NaN/empty 等),,
936,act_arr_time,,MV,missing_value,缺失值：缺失哨兵(空串/NaN/empty 等),,
937,act_arr_time,,MV,missing_value,缺失值：缺失哨兵(空串/NaN/empty 等),,
946,act_arr_time,,MV,missing_value,缺失值：缺失哨兵(空串/NaN/empty 等),,
947,act_arr_time,,MV,missing_value,缺失值：缺失哨兵(空串/NaN/empty 等),,
948,act_arr_time,,MV,missing_value,缺失值：缺失哨兵(空串/NaN/empty 等),,
949,act_arr_time,,MV,missing_value,缺失值：缺失哨兵(空串/NaN/empty 等),,
955,act_arr_time,,MV,missing_value,缺失值：缺失哨兵(空串/NaN/empty 等),,
956,act_arr_time,,MV,missing_value,缺失值：缺失哨兵(空串/NaN/empty 等),,
958,act_arr_time,,MV,missing_value,缺失值：缺失哨兵(空串/NaN/empty 等),,
959,act_arr_time,,MV,missing_value,缺失值：缺失哨兵(空串/NaN/empty 等),,
962,act_arr_time,,MV,missing_value,缺失值：缺失哨兵(空串/NaN/empty 等),,
963,act_arr_time,,MV,missing_value,缺失值：缺失哨兵(空串/NaN/empty 等),,
1075,act_arr_time,,MV,missing_value,缺失值：缺失哨兵(空串/NaN/empty 等),,
1080,act_arr_time,,MV,missing_value,缺失值：缺失哨兵(空串/NaN/empty 等),,
1113,act_arr_time,,MV,missing_value,缺失值：缺失哨兵(空串/NaN/empty 等),,
1115,act_arr_time,,MV,missing_value,缺失值：缺失哨兵(空串/NaN/empty 等),,
1130,act_arr_time,,MV,missing_value,缺失值：缺失哨兵(空串/NaN/empty 等),,
1131,act_arr_time,,MV,missing_value,缺失值：缺失哨兵(空串/NaN/empty 等),,
1132,act_arr_time,,MV,missing_value,缺失值：缺失哨兵(空串/NaN/empty 等),,
1133,act_arr_time,,MV,missing_value,缺失值：缺失哨兵(空串/NaN/empty 等),,
1137,act_arr_time,,MV,missing_value,缺失值：缺失哨兵(空串/NaN/empty 等),,
1140,act_arr_time,,MV,missing_value,缺失值：缺失哨兵(空串/NaN/empty 等),,
1141,act_arr_time,,MV,missing_value,缺失值：缺失哨兵(空串/NaN/empty 等),,
1170,act_arr_time,,MV,missing_value,缺失值：缺失哨兵(空串/NaN/empty 等),,
1173,act_arr_time,,MV,missing_value,缺失值：缺失哨兵(空串/NaN/empty 等),,
1174,act_arr_time,,MV,missing_value,缺失值：缺失哨兵(空串/NaN/empty 等),,
1178,act_arr_time,,MV,missing_value,缺失值：缺失哨兵(空串/NaN/empty 等),,
1181,act_arr_time,,MV,missing_value,缺失值：缺失哨兵(空串/NaN/empty 等),,
1182,act_arr_time,,MV,missing_value,缺失值：缺失哨兵(空串/NaN/empty 等),,
1189,act_arr_time,,MV,missing_value,缺失值：缺失哨兵(空串/NaN/empty 等),,
1191,act_arr_time,,MV,missing_value,缺失值：缺失哨兵(空串/NaN/empty 等),,
1196,act_arr_time,,MV,missing_value,缺失值：缺失哨兵(空串/NaN/empty 等),,
1198,act_arr_time,,MV,missing_value,缺失值：缺失哨兵(空串/NaN/empty 等),,
1204,act_arr_time,,MV,missing_value,缺失值：缺失哨兵(空串/NaN/empty 等),,
1205,act_arr_time,,MV,missing_value,缺失值：缺失哨兵(空串/NaN/empty 等),,
1212,act_arr_time,,MV,missing_value,缺失值：缺失哨兵(空串/NaN/empty 等),,
1213,act_arr_time,,MV,missing_value,缺失值：缺失哨兵(空串/NaN/empty 等),,
1214,act_arr_time,,MV,missing_value,缺失值：缺失哨兵(空串/NaN/empty 等),,
1219,act_arr_time,,MV,missing_value,缺失值：缺失哨兵(空串/NaN/empty 等),,
1220,act_arr_time,,MV,missing_value,缺失值：缺失哨兵(空串/NaN/empty 等),,
1221,act_arr_time,,MV,missing_value,缺失值：缺失哨兵(空串/NaN/empty 等),,
1224,act_arr_time,,MV,missing_value,缺失值：缺失哨兵(空串/NaN/empty 等),,
1230,act_arr_time,,MV,missing_value,缺失值：缺失哨兵(空串/NaN/empty 等),,
1235,act_arr_time,,MV,missing_value,缺失值：缺失哨兵(空串/NaN/empty 等),,
1237,act_arr_time,,MV,missing_value,缺失值：缺失哨兵(空串/NaN/empty 等),,
1238,act_arr_time,,MV,missing_value,缺失值：缺失哨兵(空串/NaN/empty 等),,
1244,act_arr_time,,MV,missing_value,缺失值：缺失哨兵(空串/NaN/empty 等),,
1245,act_arr_time,,MV,missing_value,缺失值：缺失哨兵(空串/NaN/empty 等),,
1248,act_arr_time,,MV,missing_value,缺失值：缺失哨兵(空串/NaN/empty 等),,
1251,act_arr_time,,MV,missing_value,缺失值：缺失哨兵(空串/NaN/empty 等),,
1252,act_arr_time,,MV,missing_value,缺失值：缺失哨兵(空串/NaN/empty 等),,
1260,act_arr_time,,MV,missing_value,缺失值：缺失哨兵(空串/NaN/empty 等),,
1261,act_arr_time,,MV,missing_value,缺失值：缺失哨兵(空串/NaN/empty 等),,
1264,act_arr_time,,MV,missing_value,缺失值：缺失哨兵(空串/NaN/empty 等),,
1269,act_arr_time,,MV,missing_value,缺失值：缺失哨兵(空串/NaN/empty 等),,
1271,act_arr_time,,MV,missing_value,缺失值：缺失哨兵(空串/NaN/empty 等),,
1279,act_arr_time,,MV,missing_value,缺失值：缺失哨兵(空串/NaN/empty 等),,
1284,act_arr_time,,MV,missing_value,缺失值：缺失哨兵(空串/NaN/empty 等),,
1293,act_arr_time,,MV,missing_value,缺失值：缺失哨兵(空串/NaN/empty 等),,
1295,act_arr_time,,MV,missing_value,缺失值：缺失哨兵(空串/NaN/empty 等),,
1301,act_arr_time,,MV,missing_value,缺失值：缺失哨兵(空串/NaN/empty 等),,
1302,act_arr_time,,MV,missing_value,缺失值：缺失哨兵(空串/NaN/empty 等),,
1308,act_arr_time,,MV,missing_value,缺失值：缺失哨兵(空串/NaN/empty 等),,
1315,act_arr_time,,MV,missing_value,缺失值：缺失哨兵(空串/NaN/empty 等),,
1319,act_arr_time,,MV,missing_value,缺失值：缺失哨兵(空串/NaN/empty 等),,
1327,act_arr_time,,MV,missing_value,缺失值：缺失哨兵(空串/NaN/empty 等),,
1328,act_arr_time,,MV,missing_value,缺失值：缺失哨兵(空串/NaN/empty 等),,
1332,act_arr_time,,MV,missing_value,缺失值：缺失哨兵(空串/NaN/empty 等),,
1333,act_arr_time,,MV,missing_value,缺失值：缺失哨兵(空串/NaN/empty 等),,
1337,act_arr_time,,MV,missing_value,缺失值：缺失哨兵(空串/NaN/empty 等),,
1356,act_arr_time,,MV,missing_value,缺失值：缺失哨兵(空串/NaN/empty 等),,
1361,act_arr_time,,MV,missing_value,缺失值：缺失哨兵(空串/NaN/empty 等),,
1366,act_arr_time,,MV,missing_value,缺失值：缺失哨兵(空串/NaN/empty 等),,
1368,act_arr_time,,MV,missing_value,缺失值：缺失哨兵(空串/NaN/empty 等),,
1383,act_arr_time,,MV,missing_value,缺失值：缺失哨兵(空串/NaN/empty 等),,
1384,act_arr_time,,MV,missing_value,缺失值：缺失哨兵(空串/NaN/empty 等),,
1385,act_arr_time,,MV,missing_value,缺失值：缺失哨兵(空串/NaN/empty 等),,
1386,act_arr_time,,MV,missing_value,缺失值：缺失哨兵(空串/NaN/empty 等),,
1389,act_arr_time,,MV,missing_value,缺失值：缺失哨兵(空串/NaN/empty 等),,
1392,act_arr_time,,MV,missing_value,缺失值：缺失哨兵(空串/NaN/empty 等),,
1393,act_arr_time,,MV,missing_value,缺失值：缺失哨兵(空串/NaN/empty 等),,
1396,act_arr_time,,MV,missing_value,缺失值：缺失哨兵(空串/NaN/empty 等),,
1399,act_arr_time,,MV,missing_value,缺失值：缺失哨兵(空串/NaN/empty 等),,
1422,act_arr_time,,MV,missing_value,缺失值：缺失哨兵(空串/NaN/empty 等),,
1423,act_arr_time,,MV,missing_value,缺失值：缺失哨兵(空串/NaN/empty 等),,
1424,act_arr_time,,MV,missing_value,缺失值：缺失哨兵(空串/NaN/empty 等),,
1425,act_arr_time,,MV,missing_value,缺失值：缺失哨兵(空串/NaN/empty 等),,
1481,act_arr_time,,MV,missing_value,缺失值：缺失哨兵(空串/NaN/empty 等),,
1482,act_arr_time,,MV,missing_value,缺失值：缺失哨兵(空串/NaN/empty 等),,
1483,act_arr_time,,MV,missing_value,缺失值：缺失哨兵(空串/NaN/empty 等),,
1484,act_arr_time,,MV,missing_value,缺失值：缺失哨兵(空串/NaN/empty 等),,
1485,act_arr_time,,MV,missing_value,缺失值：缺失哨兵(空串/NaN/empty 等),,
1486,act_arr_time,,MV,missing_value,缺失值：缺失哨兵(空串/NaN/empty 等),,
1488,act_arr_time,,MV,missing_value,缺失值：缺失哨兵(空串/NaN/empty 等),,
1494,act_arr_time,,MV,missing_value,缺失值：缺失哨兵(空串/NaN/empty 等),,
1499,act_arr_time,,MV,missing_value,缺失值：缺失哨兵(空串/NaN/empty 等),,
1501,act_arr_time,,MV,missing_value,缺失值：缺失哨兵(空串/NaN/empty 等),,
1502,act_arr_time,,MV,missing_value,缺失值：缺失哨兵(空串/NaN/empty 等),,
1508,act_arr_time,,MV,missing_value,缺失值：缺失哨兵(空串/NaN/empty 等),,
1509,act_arr_time,,MV,missing_value,缺失值：缺失哨兵(空串/NaN/empty 等),,
1512,act_arr_time,,MV,missing_value,缺失值：缺失哨兵(空串/NaN/empty 等),,
1515,act_arr_time,,MV,missing_value,缺失值：缺失哨兵(空串/NaN/empty 等),,
1516,act_arr_time,,MV,missing_value,缺失值：缺失哨兵(空串/NaN/empty 等),,
1524,act_arr_time,,MV,missing_value,缺失值：缺失哨兵(空串/NaN/empty 等),,
1525,act_arr_time,,MV,missing_value,缺失值：缺失哨兵(空串/NaN/empty 等),,
1528,act_arr_time,,MV,missing_value,缺失值：缺失哨兵(空串/NaN/empty 等),,
1533,act_arr_time,,MV,missing_value,缺失值：缺失哨兵(空串/NaN/empty 等),,
1535,act_arr_time,,MV,missing_value,缺失值：缺失哨兵(空串/NaN/empty 等),,
1543,act_arr_time,,MV,missing_value,缺失值：缺失哨兵(空串/NaN/empty 等),,
1548,act_arr_time,,MV,missing_value,缺失值：缺失哨兵(空串/NaN/empty 等),,
1557,act_arr_time,,MV,missing_value,缺失值：缺失哨兵(空串/NaN/empty 等),,
1559,act_arr_time,,MV,missing_value,缺失值：缺失哨兵(空串/NaN/empty 等),,
1565,act_arr_time,,MV,missing_value,缺失值：缺失哨兵(空串/NaN/empty 等),,
1566,act_arr_time,,MV,missing_value,缺失值：缺失哨兵(空串/NaN/empty 等),,
1572,act_arr_time,,MV,missing_value,缺失值：缺失哨兵(空串/NaN/empty 等),,
1579,act_arr_time,,MV,missing_value,缺失值：缺失哨兵(空串/NaN/empty 等),,
1583,act_arr_time,,MV,missing_value,缺失值：缺失哨兵(空串/NaN/empty 等),,
1587,act_arr_time,,MV,missing_value,缺失值：缺失哨兵(空串/NaN/empty 等),,
1589,act_arr_time,,MV,missing_value,缺失值：缺失哨兵(空串/NaN/empty 等),,
1590,act_arr_time,,MV,missing_value,缺失值：缺失哨兵(空串/NaN/empty 等),,
1592,act_arr_time,,MV,missing_value,缺失值：缺失哨兵(空串/NaN/empty 等),,
1593,act_arr_time,,MV,missing_value,缺失值：缺失哨兵(空串/NaN/empty 等),,
1604,act_arr_time,,MV,missing_value,缺失值：缺失哨兵(空串/NaN/empty 等),,
1608,act_arr_time,,MV,missing_value,缺失值：缺失哨兵(空串/NaN/empty 等),,
1617,act_arr_time,,MV,missing_value,缺失值：缺失哨兵(空串/NaN/empty 等),,
1619,act_arr_time,,MV,missing_value,缺失值：缺失哨兵(空串/NaN/empty 等),,
1625,act_arr_time,,MV,missing_value,缺失值：缺失哨兵(空串/NaN/empty 等),,
1626,act_arr_time,,MV,missing_value,缺失值：缺失哨兵(空串/NaN/empty 等),,
1637,act_arr_time,,MV,missing_value,缺失值：缺失哨兵(空串/NaN/empty 等),,
1638,act_arr_time,,MV,missing_value,缺失值：缺失哨兵(空串/NaN/empty 等),,
1639,act_arr_time,,MV,missing_value,缺失值：缺失哨兵(空串/NaN/empty 等),,
1640,act_arr_time,,MV,missing_value,缺失值：缺失哨兵(空串/NaN/empty 等),,
1641,act_arr_time,,MV,missing_value,缺失值：缺失哨兵(空串/NaN/empty 等),,
1642,act_arr_time,,MV,missing_value,缺失值：缺失哨兵(空串/NaN/empty 等),,
1643,act_arr_time,,MV,missing_value,缺失值：缺失哨兵(空串/NaN/empty 等),,
1644,act_arr_time,,MV,missing_value,缺失值：缺失哨兵(空串/NaN/empty 等),,
1645,act_arr_time,,MV,missing_value,缺失值：缺失哨兵(空串/NaN/empty 等),,
1646,act_arr_time,,MV,missing_value,缺失值：缺失哨兵(空串/NaN/empty 等),,
1647,act_arr_time,,MV,missing_value,缺失值：缺失哨兵(空串/NaN/empty 等),,
1648,act_arr_time,,MV,missing_value,缺失值：缺失哨兵(空串/NaN/empty 等),,
1649,act_arr_time,,MV,missing_value,缺失值：缺失哨兵(空串/NaN/empty 等),,
1650,act_arr_time,,MV,missing_value,缺失值：缺失哨兵(空串/NaN/empty 等),,
1651,act_arr_time,,MV,missing_value,缺失值：缺失哨兵(空串/NaN/empty 等),,
1652,act_arr_time,,MV,missing_value,缺失值：缺失哨兵(空串/NaN/empty 等),,
1653,act_arr_time,,MV,missing_value,缺失值：缺失哨兵(空串/NaN/empty 等),,
1654,act_arr_time,,MV,missing_value,缺失值：缺失哨兵(空串/NaN/empty 等),,
1655,act_arr_time,,MV,missing_value,缺失值：缺失哨兵(空串/NaN/empty 等),,
1656,act_arr_time,,MV,missing_value,缺失值：缺失哨兵(空串/NaN/empty 等),,
1657,act_arr_time,,MV,missing_value,缺失值：缺失哨兵(空串/NaN/empty 等),,
1658,act_arr_time,,MV,missing_value,缺失值：缺失哨兵(空串/NaN/empty 等),,
1659,act_arr_time,,MV,missing_value,缺失值：缺失哨兵(空串/NaN/empty 等),,
1660,act_arr_time,,MV,missing_value,缺失值：缺失哨兵(空串/NaN/empty 等),,
1763,act_arr_time,,MV,missing_value,缺失值：缺失哨兵(空串/NaN/empty 等),,
1768,act_arr_time,,MV,missing_value,缺失值：缺失哨兵(空串/NaN/empty 等),,
1801,act_arr_time,,MV,missing_value,缺失值：缺失哨兵(空串/NaN/empty 等),,
1803,act_arr_time,,MV,missing_value,缺失值：缺失哨兵(空串/NaN/empty 等),,
1818,act_arr_time,,MV,missing_value,缺失值：缺失哨兵(空串/NaN/empty 等),,
1819,act_arr_time,,MV,missing_value,缺失值：缺失哨兵(空串/NaN/empty 等),,
1820,act_arr_time,,MV,missing_value,缺失值：缺失哨兵(空串/NaN/empty 等),,
1821,act_arr_time,,MV,missing_value,缺失值：缺失哨兵(空串/NaN/empty 等),,
1825,act_arr_time,,MV,missing_value,缺失值：缺失哨兵(空串/NaN/empty 等),,
1828,act_arr_time,,MV,missing_value,缺失值：缺失哨兵(空串/NaN/empty 等),,
1829,act_arr_time,,MV,missing_value,缺失值：缺失哨兵(空串/NaN/empty 等),,
1928,act_arr_time,,MV,missing_value,缺失值：缺失哨兵(空串/NaN/empty 等),,
1955,act_arr_time,,MV,missing_value,缺失值：缺失哨兵(空串/NaN/empty 等),,
1960,act_arr_time,,MV,missing_value,缺失值：缺失哨兵(空串/NaN/empty 等),,
1993,act_arr_time,,MV,missing_value,缺失值：缺失哨兵(空串/NaN/empty 等),,
1995,act_arr_time,,MV,missing_value,缺失值：缺失哨兵(空串/NaN/empty 等),,
2010,act_arr_time,,MV,missing_value,缺失值：缺失哨兵(空串/NaN/empty 等),,
2011,act_arr_time,,MV,missing_value,缺失值：缺失哨兵(空串/NaN/empty 等),,
2012,act_arr_time,,MV,missing_value,缺失值：缺失哨兵(空串/NaN/empty 等),,
2013,act_arr_time,,MV,missing_value,缺失值：缺失哨兵(空串/NaN/empty 等),,
2017,act_arr_time,,MV,missing_value,缺失值：缺失哨兵(空串/NaN/empty 等),,
2020,act_arr_time,,MV,missing_value,缺失值：缺失哨兵(空串/NaN/empty 等),,
2021,act_arr_time,,MV,missing_value,缺失值：缺失哨兵(空串/NaN/empty 等),,
2055,act_arr_time,,MV,missing_value,缺失值：缺失哨兵(空串/NaN/empty 等),,
2060,act_arr_time,,MV,missing_value,缺失值：缺失哨兵(空串/NaN/empty 等),,
2093,act_arr_time,,MV,missing_value,缺失值：缺失哨兵(空串/NaN/empty 等),,
2095,act_arr_time,,MV,missing_value,缺失值：缺失哨兵(空串/NaN/empty 等),,
2110,act_arr_time,,MV,missing_value,缺失值：缺失哨兵(空串/NaN/empty 等),,
2111,act_arr_time,,MV,missing_value,缺失值：缺失哨兵(空串/NaN/empty 等),,
2112,act_arr_time,,MV,missing_value,缺失值：缺失哨兵(空串/NaN/empty 等),,
2113,act_arr_time,,MV,missing_value,缺失值：缺失哨兵(空串/NaN/empty 等),,
2117,act_arr_time,,MV,missing_value,缺失值：缺失哨兵(空串/NaN/empty 等),,
2120,act_arr_time,,MV,missing_value,缺失值：缺失哨兵(空串/NaN/empty 等),,
2121,act_arr_time,,MV,missing_value,缺失值：缺失哨兵(空串/NaN/empty 等),,
2150,act_arr_time,,MV,missing_value,缺失值：缺失哨兵(空串/NaN/empty 等),,
2151,act_arr_time,,MV,missing_value,缺失值：缺失哨兵(空串/NaN/empty 等),,
2152,act_arr_time,,MV,missing_value,缺失值：缺失哨兵(空串/NaN/empty 等),,
2153,act_arr_time,,MV,missing_value,缺失值：缺失哨兵(空串/NaN/empty 等),,
2154,act_arr_time,,MV,missing_value,缺失值：缺失哨兵(空串/NaN/empty 等),,
2160,act_arr_time,,MV,missing_value,缺失值：缺失哨兵(空串/NaN/empty 等),,
2165,act_arr_time,,MV,missing_value,缺失值：缺失哨兵(空串/NaN/empty 等),,
2198,act_arr_time,,MV,missing_value,缺失值：缺失哨兵(空串/NaN/empty 等),,
2200,act_arr_time,,MV,missing_value,缺失值：缺失哨兵(空串/NaN/empty 等),,
2215,act_arr_time,,MV,missing_value,缺失值：缺失哨兵(空串/NaN/empty 等),,
2216,act_arr_time,,MV,missing_value,缺失值：缺失哨兵(空串/NaN/empty 等),,
2217,act_arr_time,,MV,missing_value,缺失值：缺失哨兵(空串/NaN/empty 等),,
2218,act_arr_time,,MV,missing_value,缺失值：缺失哨兵(空串/NaN/empty 等),,
2222,act_arr_time,,MV,missing_value,缺失值：缺失哨兵(空串/NaN/empty 等),,
2225,act_arr_time,,MV,missing_value,缺失值：缺失哨兵(空串/NaN/empty 等),,
2226,act_arr_time,,MV,missing_value,缺失值：缺失哨兵(空串/NaN/empty 等),,
1712,flight,CO-4888-IAH-DAL,VAD,fd:sched_arr_time->flight,"违反依赖 sched_arr_time->flight: 当 sched_arr_time='6:15 p.m.' 时 flight 多数为 'UA-257-JFK-SFO'(90%, n=20), 但此处为 'CO-4888-IAH-DAL'",UA-257-JFK-SFO,0.9
1713,flight,AA-3063-SLC-LAX,VAD,fd:sched_arr_time->flight,"违反依赖 sched_arr_time->flight: 当 sched_arr_time='9:10 p.m.' 时 flight 多数为 'AA-4307-ORD-DTW'(90%, n=21), 但此处为 'AA-3063-SLC-LAX'",AA-4307-ORD-DTW,0.905
2306,flight,CO-4888-IAH-DAL,VAD,fd:sched_arr_time->flight,"违反依赖 sched_arr_time->flight: 当 sched_arr_time='6:15 p.m.' 时 flight 多数为 'UA-257-JFK-SFO'(90%, n=20), 但此处为 'CO-4888-IAH-DAL'",UA-257-JFK-SFO,0.9
2307,flight,AA-3063-SLC-LAX,VAD,fd:sched_arr_time->flight,"违反依赖 sched_arr_time->flight: 当 sched_arr_time='9:10 p.m.' 时 flight 多数为 'AA-4307-ORD-DTW'(90%, n=21), 但此处为 'AA-3063-SLC-LAX'",AA-4307-ORD-DTW,0.905
